id	direction	kind	subject	source	terms	cand_n	matched	state	pair	target
f1a	forward	named	Renovation Canvas	canvas§1	renovation canvas	-	-	absent	-	requirements
f1b	forward	named	Renovation Canvas	canvas§1	renovation canvas	-	-	absent	-	deliverables
f2	forward	named	Property (pane)	canvas§3	property,pane	-	-	absent	-	components
f3	forward	named	Renovation Canvas (pane)	canvas§3	canvas,pane	-	docs/components/Plan canvas.md	present	-	components
f4	forward	named	Context Inspector	canvas§3	inspector,context inspector	-	docs/components/Inspector.md	present	-	components
f5	forward	named	Core Interaction Loop	canvas§4	interaction loop	-	-	absent	-	entities
f6	forward	named	Progressive Spatial Fidelity	canvas§5	spatial fidelity,progressive fidelity	-	-	absent	-	entities
f7	forward	named	Conceptual (fidelity level)	canvas§5	conceptual,fidelity level	-	-	absent	-	entities
f8	forward	named	Approximate (fidelity level)	canvas§5	approximate,fidelity level	-	-	absent	-	entities
f9	forward	named	Measured (fidelity level)	canvas§5	measured,fidelity level	-	-	absent	-	entities
f10	forward	named	Precision on Demand	canvas§6	precision on demand	-	-	absent	-	entities
f11	forward	named	Space	canvas§7	space	-	docs/entities/Space.md	present	-	entities
f12	forward	named	Work	canvas§7	work	-	-	absent	-	entities
f13	forward	named	Problem	canvas§7	problem	-	docs/entities/Issue.md	present	-	entities
f14	forward	named	Decision	canvas§7	decision	-	docs/entities/Decision.md	present	-	entities
f15	forward	named	Photo	canvas§7	photo	-	docs/entities/Photo.md	present	-	entities
f16	forward	named	Measurement	canvas§7	measurement	-	-	absent	-	entities
f17	forward	named	Material	canvas§7	material	-	docs/entities/Asset.md	present	-	entities
f18	forward	named	Product	canvas§7	product	-	docs/entities/Asset.md	present	-	entities
f19	forward	named	Trade	canvas§7	trade	-	docs/entities/Trade.md	present	-	entities
f20	forward	named	Document	canvas§7	document	-	docs/entities/Document.md	present	-	entities
f21	forward	named	Milestone	canvas§7	milestone	-	docs/entities/Milestone.md	present	-	entities
f22	forward	named	+ Add (control)	canvas§14	add,control	-	-	absent	-	components
f23	forward	named	Room	canvas§14	room	-	docs/entities/Space.md	present	-	entities
f24	forward	named	Outdoor Area	canvas§14	outdoor area	-	docs/entities/Outdoor area.md	present	-	entities
f25	forward	named	Renovation Zone	canvas§14	renovation zone,zone	-	docs/entities/Zone.md	present	-	entities
f26	forward	named	Note	canvas§14	note	-	-	absent	-	entities
f27	forward	named	Wall	canvas§14	wall	-	-	absent	-	entities
f28	forward	named	Door	canvas§14	door	-	-	absent	-	entities
f29	forward	named	Window	canvas§14	window	-	-	absent	-	entities
f30	forward	named	Task	canvas§15	task	-	docs/entities/Task.md	present	-	entities
f31	forward	named	Toolbar	canvas§16	toolbar	-	docs/components/Toolbar.md	present	-	components
f32	forward	named	Select (tool)	canvas§16	select tool	-	-	absent	-	components
f33	forward	named	Measure (tool)	canvas§16	measure tool	-	-	absent	-	components
f34	forward	named	Floor selector	canvas§16	floor selector,toolbar	-	-	absent	-	components
f35	forward	named	Selection Contract	canvas§17	selection contract	-	-	absent	-	entities
f36	forward	named	Progressive Refinement	canvas§19	progressive refinement	-	-	absent	-	entities
f37	forward	named	Zone	canvas§20	zone,renovation zone	-	docs/entities/Zone.md	present	-	entities
f38	forward	named	Semantic Layers	canvas§21	semantic layer	-	-	absent	-	entities
f39	forward	named	Property (layer)	canvas§21	property,layer	-	docs/entities/Site.md	present	-	entities
f40	forward	named	Renovation (layer)	canvas§21	renovation,layer	-	-	absent	-	entities
f41	forward	named	Work (layer)	canvas§21	work,layer	-	-	absent	-	entities
f42	forward	named	Problems (layer)	canvas§21	problem,layer	-	-	absent	-	entities
f43	forward	named	Decisions (layer)	canvas§21	decision,layer	-	docs/entities/Decision.md	present	-	entities
f44	forward	named	Materials (layer)	canvas§21	material,layer	-	-	absent	-	entities
f45	forward	named	Costs (layer)	canvas§21	cost,layer	-	-	absent	-	entities
f46	forward	named	Schedule (layer)	canvas§21	schedule,layer	-	-	absent	-	entities
f47	forward	named	Photos (layer)	canvas§21	photo,layer	-	docs/entities/Photo.md	present	-	entities
f48a	forward	named	Cost View	canvas§22	cost view	-	-	absent	-	requirements
f48b	forward	named	Cost View	canvas§22	cost view	-	-	absent	-	deliverables
f49a	forward	named	Progress View	canvas§23	progress view	-	-	absent	-	requirements
f49b	forward	named	Progress View	canvas§23	progress view	-	-	absent	-	deliverables
f50a	forward	named	Problem View	canvas§24	problem view	-	-	absent	-	requirements
f50b	forward	named	Problem View	canvas§24	problem view	-	-	absent	-	deliverables
f51a	forward	named	Phase / Schedule View	canvas§25	phase view,schedule view	-	-	absent	-	requirements
f51b	forward	named	Phase / Schedule View	canvas§25	phase view,schedule view	-	-	absent	-	deliverables
f52	forward	named	Existing (phase)	canvas§25	existing,phase	-	-	absent	-	entities
f53	forward	named	Demolition (phase)	canvas§25	demolition,phase	-	-	absent	-	entities
f54	forward	named	Rough-in (phase)	canvas§25	rough-in,phase	-	-	absent	-	entities
f55	forward	named	Build (phase)	canvas§25	build,phase	-	-	absent	-	entities
f56	forward	named	Finish (phase)	canvas§25	finish,phase	-	-	absent	-	entities
f57	forward	named	Complete (phase)	canvas§25	complete,phase	-	-	absent	-	entities
f58	forward	named	Existing (model state)	canvas§26	existing	-	-	absent	-	entities
f59	forward	named	Planned (model state)	canvas§26	planned	-	-	absent	-	entities
f60	forward	named	Actual (model state)	canvas§26	actual	-	-	absent	-	entities
f61	forward	named	Guidance	canvas§29	guidance	-	-	absent	-	entities
f62a	forward	named	Obsidian Command Palette	canvas§30	command palette,obsidian	-	-	absent	-	requirements
f62b	forward	named	Obsidian Command Palette	canvas§30	command palette,obsidian	-	-	absent	-	deliverables
f63a	forward	named	Renovation Planner: Add Room (command)	canvas§30	command,add room	-	-	absent	-	requirements
f63b	forward	named	Renovation Planner: Add Room (command)	canvas§30	command,add room	-	-	absent	-	deliverables
f64a	forward	named	Renovation Planner: Add Work (command)	canvas§30	command,add work	-	-	absent	-	requirements
f64b	forward	named	Renovation Planner: Add Work (command)	canvas§30	command,add work	-	-	absent	-	deliverables
f65a	forward	named	Renovation Planner: Add Problem (command)	canvas§30	command,add problem	-	-	absent	-	requirements
f65b	forward	named	Renovation Planner: Add Problem (command)	canvas§30	command,add problem	-	-	absent	-	deliverables
f66a	forward	named	Renovation Planner: Add Decision (command)	canvas§30	command,add decision	-	-	absent	-	requirements
f66b	forward	named	Renovation Planner: Add Decision (command)	canvas§30	command,add decision	-	-	absent	-	deliverables
f67a	forward	named	Renovation Planner: Add Photo (command)	canvas§30	command,add photo	-	-	absent	-	requirements
f67b	forward	named	Renovation Planner: Add Photo (command)	canvas§30	command,add photo	-	-	absent	-	deliverables
f68a	forward	named	Renovation Planner: Measure (command)	canvas§30	command,measure	-	-	absent	-	requirements
f68b	forward	named	Renovation Planner: Measure (command)	canvas§30	command,measure	-	-	absent	-	deliverables
f69a	forward	named	Renovation Planner: Open Budget (command)	canvas§30	command,budget	-	-	absent	-	requirements
f69b	forward	named	Renovation Planner: Open Budget (command)	canvas§30	command,budget	-	-	absent	-	deliverables
f70	forward	behavioural	Renovation Canvas is a spatial project workspace that connects renovation work, costs, problems, decisions, materials and evidence directly to the places they affect	canvas§1	canvas,workspace,work,cost,problem,decision,material,evidence	181	docs/requirements/Zones and spatial objects.md::Body[1]	present	-	-
f71	forward	behavioural	The canvas is framed as a renovation workspace with spatial editing capabilities, not primarily a floor-plan editor with project-management features	canvas§1	canvas,floor plan,workspace	58	docs/entities/Zone.md::Body[1]	present	-	-
f72	forward	behavioural	Design principle: start with intent and add precision only when precision becomes valuable	canvas§1	intent,precision	14	-	absent	-	-
f73	forward	behavioural	The product's mental model maps WHERE+WHAT+WHAT NEXT to PROPERTY+CANVAS+CONTEXT INSPECTOR	canvas§2	property,canvas,inspector,mental model	81	docs/deliverables/Design System.md::Component inventory[1]	present	-	-
f74	forward	behavioural	The UI is organized into three panes -- Property, Canvas, Inspector -- each answering a distinct question: where am I, what is happening here, what should I do next	canvas§3	property,canvas,inspector,pane	83	docs/deliverables/Design System.md::Component inventory[1]	present	-	-
f75	forward	behavioural	The core interaction loop is select context, capture intent, add information, refine when needed, execute/observe, update reality	canvas§4	interaction loop,context,intent	23	-	absent	-	-
f76	forward	behavioural	The same interaction loop applies across both planning and execution	canvas§4	interaction loop,planning,execution	29	-	absent	-	-
f77	forward	behavioural	At the Conceptual fidelity level, no measurements or drawing are required; work, costs, photos, problems and decisions can already be attached	canvas§5	conceptual,work,cost,photo,problem,decision	168	docs/requirements/Cost types.md::Outcome[1]	present	-	-
f78	forward	behavioural	At the Approximate fidelity level, users position/resize spaces and establish approximate adjacency without needing accuracy	canvas§5	approximate,space,adjacency	90	docs/business-rules/An uncalibrated plan never presents a measurement as true.md::Rule[1]	present	-	-
f79	forward	behavioural	At the Measured fidelity level, users calibrate or import plans, add dimensions, walls and openings, and define measurable zones so quantities can be derived	canvas§5	measured,zone,quantity,calibration,dimension	120	docs/requirements/Scale calibration.md::Outcome[1]	present	-	-
f80	forward	behavioural	The system must never request precision without explaining the value of that precision	canvas§5	precision,guidance	10	-	absent	-	-
f81	forward	behavioural	When precision is requested, the UI offers estimation-method options (rough estimate, use room area, measure on plan) with an explanation, instead of a bare imperative to calibrate	canvas§6	precision,estimate,calibration	45	-	absent	-	-
f82	forward	behavioural	The initial canvas object vocabulary is deliberately small: Space, Work, Problem, Decision, Photo, Measurement	canvas§7	canvas object,vocabulary,space,work	144	-	absent	-	-
f83	forward	behavioural	Cost begins as a property/refinement of Work rather than a standalone canvas object	canvas§7	cost,work	137	docs/requirements/Cost items and price components.md::Outcome[1]	present	-	-
f84	forward	behavioural	A Space is meaningful physical context, such as a kitchen, bathroom, floor, garden or terrace	canvas§8	space,context	95	docs/entities/Space.md::Body[1]	present	-	-
f85	forward	behavioural	A Space's minimum required attributes are name, type and parent	canvas§8	space,name,type,parent	225	docs/entities/Zone.md::Identity and persistence[1]	present	-	-
f86	forward	behavioural	A Space's optional attributes include geometry, area, dimensions, plan, status and budget	canvas§8	space,geometry,area,dimension,plan,status,budget	218	docs/entities/Zone.md::Identity and persistence[1]	present	-	-
f87	forward	behavioural	A Space can exist without geometry	canvas§8	space,geometry	103	docs/entities/Space.md::Rules[1]	present	-	-
f88	forward	behavioural	Work describes a desired physical change, such as replace flooring, paint walls, move sink, replace windows, remove partition wall	canvas§9	work,physical change	91	docs/entities/Work package.md::Body[1]	present	-	-
f89	forward	behavioural	Work creation is a simple flow: a description of what needs to happen plus an optional cost estimate	canvas§9	work,estimate,creation	102	docs/requirements/Work package creation and scope.md::Body[1]	present	-	-
f90	forward	behavioural	Advanced work information appears only through refinement, not at creation time	canvas§9	work,refinement,progressive disclosure	92	docs/deliverables/Disclosure ladder.md::The ladder[1]	present	-	-
f91	forward	behavioural	Problems are first-class objects because renovation reality frequently diverges from plan	canvas§10	problem,first-class,plan	131	docs/entities/Issue.md::Body[1]	present	-	-
f92	forward	behavioural	The Problem inspector shows status, discovery date, photo count and cost impact, with actions to investigate or create work	canvas§10	problem,inspector,status,impact	172	docs/components/Inspector.md::Anatomy[1]	present	-	-
f93	forward	behavioural	A Problem's lifecycle is Observed, Investigating, Decision Needed, Work Created, Resolved	canvas§10	problem,lifecycle	69	-	absent	-	-
f94	forward	behavioural	A Decision preserves alternatives and rationale, not just the chosen option	canvas§11	decision,alternative,rationale	66	docs/entities/Decision.md::Body[1]	present	-	-
f95	forward	behavioural	The Decision UI presents multiple options each with a cost, marks the selected option, and captures a reason	canvas§11	decision,option,cost,reason	131	docs/entities/Scenario.md::Body[1]	present	-	-
f96	forward	behavioural	A Decision's lifecycle is Open, Evaluating, Decided, Superseded	canvas§11	decision,lifecycle	84	-	absent	-	-
f97	forward	behavioural	A Decision must preserve what was decided, why, the alternatives considered, the impact, and when it was decided	canvas§11	decision,alternative,impact	68	docs/entities/Decision.md::Identity and persistence[1]	present	-	-
f98	forward	behavioural	Photos automatically inherit context: project, space, selected object and date	canvas§12	photo,context,project,space	133	docs/entities/Photo.md::Identity and persistence[1]	present	-	-
f99	forward	behavioural	A Photo has an optional type: Before, During, After, Issue, Hidden Infrastructure, Receipt or Reference	canvas§12	photo,type	217	-	absent	-	-
f100	forward	behavioural	Photos must remain evidence that stays understandable months or years later	canvas§12	photo,evidence	33	docs/entities/Photo.md::Body[2]	present	-	-
f101	forward	behavioural	Measurements are introduced only when needed for a quantity, layout or cost decision, not upfront	canvas§13	measurement,quantity,cost	121	docs/deliverables/Disclosure ladder.md::The ladder[1]	present	-	-
f102	forward	behavioural	The UI must communicate why a measurement matters when requesting it	canvas§13	measurement,guidance	24	-	absent	-	-
f103	forward	behavioural	The Add menu is organized into four categories: Property (Room, Outdoor Area), Renovation (Work, Renovation Zone, Problem, Measurement), Planning (Decision, Photo, Note), Building (Wall, Door, Window)	canvas§14	add menu,category,zone	89	-	absent	-	-
f104	forward	behavioural	Renovation concepts must appear before CAD primitives in the Add menu	canvas§14	add menu,ordering,cad	15	-	absent	-	-
f105	forward	behavioural	When a Room is selected, contextual add offers Work, Problem, Decision, Measurement, Photo	canvas§15	room,contextual add	31	-	absent	-	-
f106	forward	behavioural	When a Wall is selected, contextual add offers Work, Problem, Door, Window, Measurement	canvas§15	wall,contextual add	22	-	absent	-	-
f107	forward	behavioural	When a Work item is selected, contextual add offers Material, Task, Photo, Decision, Problem	canvas§15	work,contextual add,material,task	132	-	absent	-	-
f108	forward	behavioural	When a Problem is selected, contextual add offers Photo, Decision, Work	canvas§15	problem,contextual add	34	-	absent	-	-
f109	forward	behavioural	The default toolbar is kept minimal: floor selector, + Add, Select, Measure, and an overflow menu	canvas§16	toolbar,minimal	8	docs/components/Toolbar.md::Anatomy[1]	present	-	-
f110	forward	behavioural	The toolbar must avoid a CAD-style icon wall	canvas§16	toolbar,cad,icon	12	-	absent	-	-
f111	forward	behavioural	Selecting an object triggers, in order: highlight on canvas, synchronize property tree, update inspector, update contextual actions	canvas§17	selection,highlight,inspector,contextual action	29	-	absent	-	-
f112	forward	behavioural	Single primary selection is sufficient initially; multi-select is not required	canvas§17	selection,multi-select	19	docs/requirements/Selection.md::Body[1]	present	-	-
f113	forward	behavioural	The Space inspector shows planning percentage, budget, work count, problem count, decision count and a next-step prompt with a continue action	canvas§18	space,inspector,planning,budget	129	-	absent	-	-
f114	forward	behavioural	The Work inspector shows estimate, status, space and a refine-estimate action	canvas§18	work,inspector,estimate,status	196	docs/entities/Work package.md::Body[1]	present	-	-
f115	forward	behavioural	The Problem inspector shows status, photo count, cost impact and a create-work action	canvas§18	problem,inspector,status,impact	172	docs/components/Inspector.md::Anatomy[1]	present	-	-
f116	forward	behavioural	The inspector's interaction pattern remains stable while its content changes across object types	canvas§18	inspector,interaction pattern	17	docs/components/Inspector.md::Where it appears[1]	present	-	-
f117	forward	behavioural	Every major canvas object follows a Simple, Structured, Detailed refinement progression	canvas§19	object,refinement,progression	66	docs/deliverables/Disclosure ladder.md::The ladder[1]	present	-	-
f118	forward	behavioural	At the Detailed refinement stage, a Work item includes measured area, waste percentage, required quantity, a materials/labor breakdown, a sequencing dependency, and a computed estimate	canvas§19	work,area,waste,quantity,estimate,sequencing	150	docs/business-rules/Waste multiplies the required quantity and stays a separate factor.md::Rule[1]	present	-	-
f119	forward	behavioural	A zone connects geometry to renovation intent	canvas§20	zone,geometry,intent	94	docs/entities/Zone.md::Body[1]	present	-	-
f120	forward	behavioural	A zone has a measured area attribute	canvas§20	zone,area	110	docs/entities/Zone.md::Body[1]	present	-	-
f121	forward	behavioural	A zone references the Work item it supports	canvas§20	zone,work	125	docs/entities/Work package.md::Relationships[1]	present	-	-
f122	forward	behavioural	A zone has a required-quantity attribute that includes a waste allowance	canvas§20	zone,quantity,waste	104	docs/entities/Requirement.md::Body[3]	present	-	-
f123	forward	behavioural	A zone has an estimate (cost) attribute	canvas§20	zone,estimate,cost	135	docs/business-rules/A cost rollup is derived along its axis, never stored.md::Rule[1]	present	-	-
f124	forward	behavioural	Zones remain optional; simple work does not require a zone	canvas§20	zone,work,optional	130	docs/business-rules/A requirement names what it is required for.md::Rule[1]	present	-	-
f125	forward	behavioural	Semantic layers (Property, Renovation, Work, Problems, Decisions, Materials, Costs, Schedule, Photos) let a user toggle what aspect of the renovation is shown; Property, Renovation, Work, Problems and Decisions are on by default while Materials, Costs, Schedule and Photos are off by default	canvas§21	layer,toggle,default	85	docs/entities/Layer.md::Body[1]	present	-	-
f126	forward	behavioural	Layers answer what aspect of the renovation the user wants to understand	canvas§21	layer	68	docs/requirements/Layers.md::Body[1]	present	-	-
f127	forward	behavioural	The Cost View is a spatial cost overlay showing a total cost per space	canvas§22	cost view,space,cost	140	docs/business-rules/A cost rollup is derived along its axis, never stored.md::Rule[1]	present	-	-
f128	forward	behavioural	The Cost View will later support estimated/committed/actual/variance breakdowns	canvas§22	cost view,estimated,committed,actual,variance	55	docs/business-rules/Each cost type has exactly one source of record.md::Rule[1]	present	-	-
f129	forward	behavioural	The Cost View should prefer readable values before heatmaps	canvas§22	cost view,heatmap,readability	23	-	absent	-	-
f130	forward	behavioural	The Progress View shows a percentage-complete value per space	canvas§23	progress view,space,percentage	98	-	absent	-	-
f131	forward	behavioural	Progress must derive from explicit work state, not be set manually	canvas§23	progress,work state	61	docs/entities/Work package.md::Rules[1]	present	-	-
f132	forward	behavioural	The Problem View lists open problems and is especially useful during execution	canvas§24	problem view,execution	12	docs/requirements/Issues.md::Outcome[1]	present	-	-
f133	forward	behavioural	The Phase/Schedule View lays out phases (Existing, Demolition, Rough-in, Build, Finish, Complete) with a marker for the current phase	canvas§25	phase,schedule	36	-	absent	-	-
f134	forward	behavioural	The Phase/Schedule View creates a Space x Time perspective	canvas§25	phase,schedule,space,time	128	docs/requirements/Trade and section timelines.md::Body[1]	present	-	-
f135	forward	behavioural	The long-term model is Existing -> Planned -> Actual, where Existing is the current property, Planned is the intended renovation, and Actual is what was built	canvas§26	existing,planned,actual	52	docs/requirements/Existing state, planned change and as-built.md::Body[1]	present	-	-
f136	forward	behavioural	Full three-state Existing/Planned/Actual modeling is not required in the first prototype	canvas§26	existing,planned,actual,prototype	53	docs/requirements/Existing state, planned change and as-built.md::frontmatter[1]	present	-	-
f137	forward	behavioural	The success criterion for onboarding is a useful renovation model within ten minutes	canvas§27	onboarding,ten minutes	9	docs/requirements/Onboarding and example project.md::Body[1]	present	-	-
f138	forward	behavioural	No accurate plan is required to build a useful renovation model	canvas§27	plan,accuracy	122	docs/entities/Space.md::Rules[1]	present	-	-
f139	forward	behavioural	Onboarding without a plan starts by prompting the user to add the rooms/areas they want to renovate, noting the layout can be made more accurate later, with an option to import a plan instead	canvas§28	onboarding,plan,room	128	docs/requirements/Onboarding and example project.md::Body[1]	present	-	-
f140	forward	behavioural	After adding the first space, onboarding confirms the property is ready and prompts the user to select a room and add what they want to change	canvas§28	onboarding,space,room	92	-	absent	-	-
f141	forward	behavioural	Onboarding teaches through doing rather than through explanation	canvas§28	onboarding,teach	8	docs/requirements/Onboarding and example project.md::Body[1]	present	-	-
f142	forward	behavioural	Guidance is contextual and deterministic	canvas§29	guidance,deterministic	1	-	absent	-	-
f143	forward	behavioural	Guidance explains the value of an action rather than demanding completeness	canvas§29	guidance,value	56	-	absent	-	-
f144	forward	behavioural	The command palette exposes the same domain actions as the canvas UI	canvas§30	command palette,domain action	12	docs/deliverables/Sitemap.md::Entry points[1]	present	-	-
f145	forward	behavioural	Visual UI and commands must invoke the same underlying application actions	canvas§30	command,ui,action,consistency	40	docs/deliverables/Sitemap.md::Entry points[1]	present	-	-
f146	forward	behavioural	All controls must be keyboard-reachable	canvas§31	keyboard,control	25	docs/requirements/Accessibility.md::Body[1]	present	-	-
f147	forward	behavioural	Focus must be visible	canvas§31	focus,visible	32	docs/requirements/Accessibility.md::Body[1]	present	-	-
f148	forward	behavioural	Escape cancels transient operations	canvas§31	escape,cancel	5	docs/components/Modal.md::Contract[1]	present	-	-
f149	forward	behavioural	Delete acts only with safe semantics	canvas§31	delete,safe	14	docs/business-rules/A delete reports what references it and offers four choices.md::Rule[1]	present	-	-
f150	forward	behavioural	Icons must have accessible labels	canvas§31	icon,accessible label	8	docs/components/Tool button.md::Anatomy[1]	present	-	-
f151	forward	behavioural	No state may be conveyed only by color	canvas§31	color,state	92	docs/requirements/State visualization.md::Body[1]	present	-	-
f152	forward	behavioural	The canvas must be compatible with Obsidian's theme	canvas§31	theme,obsidian	85	docs/components/View shell.md::Contract[1]	present	-	-
f153	forward	behavioural	Zoom/pan must not trap keyboard users	canvas§31	zoom,pan,keyboard trap	12	docs/requirements/Canvas navigation.md::Body[1]	present	-	-
f154	forward	behavioural	When there is no property, the empty state prompts the user to start with their property, offering Add Space or Import Plan	canvas§32	empty state,property,space,plan	163	docs/components/Empty state.md::States[1]	present	-	-
f155	forward	behavioural	When a space has no work, the empty state says nothing is planned for it yet and offers Add Work	canvas§32	empty state,space,work	141	docs/components/Empty state.md::States[1]	present	-	-
f156	forward	behavioural	When work is measured but has no material, the empty state shows the measured area and offers Add Material to refine the estimate	canvas§32	empty state,work,material,estimate	135	docs/components/Empty state.md::States[1]	present	-	-
f157	forward	behavioural	The system must never destroy context on error	canvas§33	error,context	45	docs/requirements/Start a renovation project.md::Guarantee[1]	present	-	-
f158	forward	behavioural	On plan import failure, the UI states the project has not been changed and offers Try Again, Choose Another File, or Continue Without Plan	canvas§33	plan,import,error,recovery	140	docs/requirements/Start a renovation project.md::Guarantee[1]	present	-	-
f159	forward	behavioural	An invalid or restored selection falls back through the hierarchy Object, Space, Floor, Project	canvas§33	selection,fallback,hierarchy	34	-	absent	-	-
f160	forward	behavioural	The next prototype validates only Space, Work, Problem, Decision, Photo and Cost	canvas§34	prototype,scope	23	-	absent	-	-
f161	forward	behavioural	The required prototype scenario is: create/select Kitchen, add Replace Floor, estimate 2500 euro, add Damp Wall, attach photo, create a Repair-or-Replace decision, navigate between objects via canvas/tree/inspector, and leave and restore context	canvas§34	prototype,scenario	18	-	absent	-	-
f162	forward	behavioural	The prototype must not yet expose assemblies, cost codes, advanced work packages, complex dependencies, resource leveling, BIM terminology, detailed CAD layers, or 3D rendering	canvas§34	prototype,assembly,cost code,work package,dependency,resource leveling,bim,cad	72	-	absent	-	-
f163	forward	behavioural	The concept is validated when a user can start without a floor plan	canvas§36	floor plan,start	141	docs/entities/Space.md::Rules[1]	present	-	-
f164	forward	behavioural	The concept is validated when a user can understand the property hierarchy	canvas§36	property,hierarchy	50	docs/entities/Site.md::Body[1]	present	-	-
f165	forward	behavioural	The concept is validated when a user can select a room as working context	canvas§36	room,context	49	docs/entities/Space.md::Body[1]	present	-	-
f166	forward	behavioural	The concept is validated when a user can create work without learning advanced construction concepts	canvas§36	work,construction	104	docs/requirements/Work package creation and scope.md::Outcome[1]	present	-	-
f167	forward	behavioural	The concept is validated when a user can attach a rough cost	canvas§36	cost,estimate	101	docs/requirements/Cost items and price components.md::Outcome[1]	present	-	-
f168	forward	behavioural	The concept is validated when a user can capture a real-world problem	canvas§36	problem	34	docs/entities/Issue.md::Body[1]	present	-	-
f169	forward	behavioural	The concept is validated when a user can attach evidence in context	canvas§36	evidence,context	43	docs/requirements/Documents, photos and evidence.md::Body[1]	present	-	-
f170	forward	behavioural	The concept is validated when a user can record a decision	canvas§36	decision	58	docs/entities/Decision.md::Body[1]	present	-	-
f171	forward	behavioural	The concept is validated when a user can understand what to do next	canvas§36	guidance,next	21	docs/deliverables/Disclosure ladder.md::The ladder[1]	present	-	-
f172	forward	behavioural	The concept is validated when a user can progressively add precision	canvas§36	precision,progressive	14	docs/deliverables/Disclosure ladder.md::The ladder[1]	present	-	-
f173	forward	behavioural	The concept is validated when a user can return later and reconstruct what happened	canvas§36	history,reconstruct	14	docs/requirements/Change history.md::Outcome[1]	present	-	-
f174	forward	behavioural	Design guardrail: renovation before CAD	canvas§37	renovation,cad	110	docs/entities/Zone.md::Body[1]	present	-	-
f175	forward	behavioural	Design guardrail: intent before precision	canvas§37	intent,precision	14	-	absent	-	-
f176	forward	behavioural	Design guardrail: context before configuration	canvas§37	context,configuration	25	-	absent	-	-
f177	forward	behavioural	Design guardrail: simple before detailed	canvas§37	simple,detailed	2	-	absent	-	-
f178	forward	behavioural	Design guardrail: reality may diverge from plan	canvas§37	reality,plan	122	docs/requirements/Progress and site documentation.md::Body[1]	present	-	-
f179	forward	behavioural	Design guardrail: problems and decisions are first-class	canvas§37	problem,decision,first-class	76	docs/entities/Issue.md::Body[1]	present	-	-
f180	forward	behavioural	Design guardrail: evidence belongs where it happened	canvas§37	evidence,location	29	docs/requirements/Spatial photo references.md::Body[1]	present	-	-
f181	forward	behavioural	Design guardrail: the canvas visualizes the project, it does not replace the project model	canvas§37	canvas,project model	64	docs/adrs/0006-plain-typescript-domain.md::Decision[1]	present	-	-
f182	forward	behavioural	Design guardrail: open data remains more important than editor lock-in	canvas§37	open data,lock-in	20	docs/actors/The vault.md::Body[2]	present	-	-
f183	forward	behavioural	Design guardrail: every added control must help a real renovation decision or action	canvas§37	control,decision,action	69	-	absent	-	-
f184	forward	behavioural	The interaction promise is that the user always knows where they are, what is changing, what is known, what is unresolved, what it costs, what happened, and what to do next	canvas§38	interaction promise,awareness	0	-	absent	-	-
f185	forward	named	View shell	gallery§ViewShell	view,shell	-	docs/components/View shell.md	present	-	components
f186	forward	named	Tool button	gallery§ToolButton	tool,button	-	docs/components/Tool button.md	present	-	components
f187	forward	named	Toolbar	gallery§Toolbar	toolbar	-	docs/components/Toolbar.md	present	-	components
f188	forward	named	Status bar	gallery§StatusBar	status,bar	-	docs/components/Status bar.md	present	-	components
f189	forward	named	Save-state indicator	gallery§SaveStateIndicator	save,state,indicator	-	docs/components/Save-state indicator.md	present	-	components
f190	forward	named	Left rail	gallery§LeftRail	left,rail	-	docs/components/Left rail.md	present	-	components
f191	forward	named	Layer toggle	gallery§LayerToggle	layer,toggle	-	docs/components/Layer toggle.md	present	-	components
f192	forward	named	Inspector	gallery§Inspector	inspector	-	docs/components/Inspector.md	present	-	components
f193	forward	named	Plan canvas	gallery§PlanCanvas	plan,canvas	-	docs/components/Plan canvas.md	present	-	components
f194	forward	named	Selection handle	gallery§SelectionHandle	selection,handle	-	docs/components/Selection handle.md	present	-	components
f195	forward	named	Snap guide	gallery§SnapGuide	snap,guide	-	docs/components/Snap guide.md	present	-	components
f196	forward	named	Measurement label	gallery§MeasurementLabel	measurement,label	-	docs/components/Measurement label.md	present	-	components
f197	forward	named	Empty state	gallery§EmptyState	empty,state	-	docs/components/Empty state.md	present	-	components
f198	forward	named	Inline field error	gallery§InlineFieldError	inline,field,error	-	docs/components/Inline field error.md	present	-	components
f199	forward	named	Status badge	gallery§StatusBadge	status,badge	-	docs/components/Status badge.md	present	-	components
f200	forward	named	Toast	gallery§Toast	toast	-	docs/components/Toast.md	present	-	components
f201	forward	named	Modal	gallery§Modal	modal	-	docs/components/Modal.md	present	-	components
f202	forward	behavioural	View shell is given only the leaf, and nothing else	gallery§ViewShell	view,shell	55	docs/components/View shell.md::Contract[1]	present	-	-
f203	forward	behavioural	View shell emits nothing	gallery§ViewShell	view,shell	55	docs/components/View shell.md::Contract[2]	present	-	-
f204	forward	behavioural	View shell must own its own height, or it collapses to a sliver of the pane	gallery§ViewShell	view,shell,height	56	docs/components/View shell.md::Contract[3]	present	-	-
f205	forward	behavioural	Tool button is given a tool id, icon, label, and whether it is active	gallery§ToolButton	tool,button	33	docs/components/Tool button.md::Contract[1]	present	-	-
f206	forward	behavioural	Tool button emits an activation request for its own tool id	gallery§ToolButton	tool,button	33	docs/components/Tool button.md::Contract[2]	present	-	-
f207	forward	behavioural	Toolbar is given the tool registry and the active tool id	gallery§Toolbar	toolbar,tool	35	docs/components/Toolbar.md::Contract[1]	present	-	-
f208	forward	behavioural	Toolbar emits a tool-activation request	gallery§Toolbar	toolbar,tool	35	docs/components/Toolbar.md::Contract[2]	present	-	-
f209	forward	behavioural	Exactly one toolbar button is active at a time; no single button can enforce this invariant alone	gallery§Toolbar	toolbar,tool,button	38	docs/components/Toolbar.md::States[2]	present	-	-
f210	forward	behavioural	Status bar is given the selection summary and the active measurement, already display-ready	gallery§StatusBar	status,bar,selection,measurement	172	docs/components/Status bar.md::Contract[1]	present	-	-
f211	forward	behavioural	Status bar emits nothing; it is a pure readout	gallery§StatusBar	status,bar	162	docs/components/Status bar.md::Contract[2]	present	-	-
f212	forward	behavioural	Save-state indicator is given the save state	gallery§SaveStateIndicator	save,state,indicator	95	docs/components/Save-state indicator.md::Contract[1]	present	-	-
f213	forward	behavioural	Save-state indicator emits a retry request, only in the save-error case	gallery§SaveStateIndicator	save,state,indicator,retry,error	105	docs/components/Save-state indicator.md::Contract[2]	present	-	-
f214	forward	behavioural	Left rail is given layers, the active plan's objects, and the asset catalogue	gallery§LeftRail	left,rail,layer,asset	136	docs/components/Left rail.md::Contract[1]	present	-	-
f215	forward	behavioural	Left rail emits selection, visibility, and placement requests	gallery§LeftRail	left,rail,selection,visibility,placement	42	docs/components/Left rail.md::Contract[2]	present	-	-
f216	forward	behavioural	Layer toggle is given the layer list, with two independent booleans per layer	gallery§LayerToggle	layer,toggle	68	docs/components/Layer toggle.md::Contract[1]	present	-	-
f217	forward	behavioural	Layer toggle emits a visibility request and a lock request, independently	gallery§LayerToggle	layer,toggle,visibility,lock	71	docs/components/Layer toggle.md::Contract[2]	present	-	-
f218	forward	behavioural	Layer toggle has no implementation slice building it, as of this gallery	gallery§LayerToggle	layer,toggle,slice	100	docs/components/Layer toggle.md::Open[1]	present	-	-
f219	forward	behavioural	Inspector is given the SDD Inspector DTO, never a domain object directly	gallery§Inspector	inspector,dto,domain object	47	docs/components/Inspector.md::Contract[1]	present	-	-
f220	forward	behavioural	Inspector emits an edit as a command; it never performs a write itself	gallery§Inspector	inspector,edit,command,write	72	docs/components/Inspector.md::Contract[2]	present	-	-
f221	forward	behavioural	Plan canvas is given a render model, never a domain object directly	gallery§PlanCanvas	plan,canvas,render model,domain object	130	docs/components/Plan canvas.md::Contract[1]	present	-	-
f222	forward	behavioural	Plan canvas emits pointer events into the active tool	gallery§PlanCanvas	plan,canvas,pointer,tool	133	docs/components/Plan canvas.md::Contract[2]	present	-	-
f223	forward	behavioural	Selection handle is given the selection's world bounds and the viewport transform	gallery§SelectionHandle	selection,handle,viewport,transform	28	docs/components/Selection handle.md::Contract[1]	present	-	-
f224	forward	behavioural	Selection handle emits a transform that can be normalized into domain geometry	gallery§SelectionHandle	selection,handle,transform,geometry	74	docs/components/Selection handle.md::Contract[2]	present	-	-
f225	forward	behavioural	A locked object shows no selection handles at all	gallery§SelectionHandle	selection,handle,lock	22	docs/components/Selection handle.md::States[4]	present	-	-
f226	forward	behavioural	Snap guide is given the snap result, including which of six snap operations fired	gallery§SnapGuide	snap,guide	6	docs/components/Snap guide.md::Contract[1]	present	-	-
f227	forward	behavioural	Snap guide emits nothing; a guide is output, never a target	gallery§SnapGuide	snap,guide	6	docs/components/Snap guide.md::Contract[2]	present	-	-
f228	forward	behavioural	Edge snap and vertex snap are drawn with different mark shapes (line vs cross), not distinguished by colour alone	gallery§SnapGuide	snap,guide,edge,vertex,colour	34	-	absent	-	-
f229	forward	behavioural	Measurement label is given a world-space distance and the plan's calibration	gallery§MeasurementLabel	measurement,label,calibration	36	docs/components/Measurement label.md::Contract[1]	present	-	-
f230	forward	behavioural	Measurement label emits nothing	gallery§MeasurementLabel	measurement,label	31	docs/components/Measurement label.md::Contract[2]	present	-	-
f231	forward	behavioural	An uncalibrated plan's measurement shows no area value, marked by hatch pattern, dashed warning stroke, and the words 'not calibrated' together	gallery§MeasurementLabel	measurement,label,calibration,area,colour	105	-	absent	-	-
f232	forward	behavioural	Empty state is given a message, and at most one action	gallery§EmptyState	empty,state,action	96	docs/components/Empty state.md::Contract[1]	present	-	-
f233	forward	behavioural	Empty state emits that one action	gallery§EmptyState	empty,state,action	96	docs/components/Empty state.md::Contract[2]	present	-	-
f234	forward	behavioural	Inline field error is given a message for one field, already mapped from a typed error	gallery§InlineFieldError	inline,field,error	47	docs/components/Inline field error.md::Contract[1]	present	-	-
f235	forward	behavioural	Inline field error emits nothing	gallery§InlineFieldError	inline,field,error	47	docs/components/Inline field error.md::Contract[2]	present	-	-
f236	forward	behavioural	A waste factor is never below 1; it adds to the required quantity rather than reducing it	gallery§InlineFieldError	waste factor,quantity	43	docs/business-rules/Waste multiplies the required quantity and stays a separate factor.md::Rule[1]	present	-	-
f237	forward	behavioural	Status badge is given a status value and the vocabulary it belongs to	gallery§StatusBadge	status,badge,vocabulary	169	docs/components/Status badge.md::Contract[1]	present	-	-
f238	forward	behavioural	Status badge emits nothing, or a retry	gallery§StatusBadge	status,badge,retry	162	docs/components/Status badge.md::Contract[2]	present	-	-
f239	forward	behavioural	Toast is given a message already mapped at the application boundary	gallery§Toast	toast,message	15	docs/components/Toast.md::Contract[1]	present	-	-
f240	forward	behavioural	Toast emits a dismiss, and one action when present	gallery§Toast	toast,dismiss,action	18	docs/components/Toast.md::Contract[2]	present	-	-
f241	forward	behavioural	Modal is given a title, a body, and actions, with exactly one action marked destructive	gallery§Modal	modal,action,destructive	17	docs/components/Modal.md::Anatomy[3]	present	-	-
f242	forward	behavioural	Modal emits the chosen action, or a dismissal	gallery§Modal	modal,action,dismissal	17	docs/components/Modal.md::Contract[2]	present	-	-
f243	forward	behavioural	Every component state is labelled; no state is colour-only	gallery§ComponentGallery	state,label,colour	98	docs/deliverables/Design System.md::States[1]	present	-	-
f244	forward	behavioural	Canvas visual tokens derive from existing Obsidian host CSS variables rather than a new palette, so a themed vault re-tints the canvas automatically	gallery§CanvasLanguage	canvas,token,theme,palette	43	docs/deliverables/Design System.md::What the plugin must decide for itself[3]	present	-	-
f245	forward	behavioural	Canvas-drawn components have no accessible name	gallery§Canvas	canvas,accessible name	41	docs/components/Plan canvas.md::Accessibility[1]	present	-	-
f246	forward	behavioural	Canvas-drawn components have no inherited focus ring	gallery§Canvas	canvas,focus ring	40	docs/components/Plan canvas.md::Accessibility[1]	present	-	-
f247	forward	behavioural	Canvas-drawn components have no measurable hit target	gallery§Canvas	canvas,hit target	48	docs/components/Plan canvas.md::Accessibility[1]	present	-	-
f248	forward	behavioural	A failure reaches the user through exactly one shared-vocabulary component, chosen by a slice-17 table, never decided by the component itself	gallery§SharedVocabulary	failure,error,shared vocabulary	39	docs/requirements/Shared UI vocabulary.md::Outcome[1]	present	-	-
f249	forward	behavioural	User wants to capture what they are trying to achieve when something in the property needs to change, so a vague idea becomes a project they can work on	jtbd§JTBD-001	renovation intent, project, goal	80	docs/requirements/Start a renovation project.md::Start a renovation project[1]	present	-	-
f250	forward	behavioural	User wants to define what is and is not part of the renovation when beginning planning, so they understand its size and control scope growth	jtbd§JTBD-002	project scope, scope growth	11	-	absent	-	-
f251	forward	behavioural	User wants to clarify what a successful result means when starting a renovation, so they can make consistent cost, time, quality and appearance trade-offs	jtbd§JTBD-003	success criteria, trade-off	39	-	absent	-	-
f252	forward	behavioural	User wants to identify a sensible first step when the renovation feels large or uncertain, so they can make progress without understanding everything upfront	jtbd§JTBD-004	first step, project start	42	docs/deliverables/Disclosure ladder.md::The ladder[1]	present	-	-
f253	forward	behavioural	User wants to break the renovation into understandable parts when many areas and work types are involved, so they can focus without losing the whole-project view	jtbd§JTBD-005	project breakdown, whole-project view	14	docs/deliverables/Information Architecture.md::The grouping[1]	present	-	-
f254	forward	behavioural	User wants to record what exists today when planning changes, so decisions are based on reality rather than memory	jtbd§JTBD-006	existing state, property record	24	docs/requirements/Existing state, planned change and as-built.md::Existing state, planned change and as-built[1]	present	-	-
f255	forward	behavioural	User wants to structure buildings, floors, rooms and outdoor areas when organizing information, so work stays connected to the place it affects	jtbd§JTBD-007	building, floor, room, outdoor area	56	docs/entities/Site.md::Relationships[2]	present	-	-
f256	forward	behavioural	User wants reliable measurements when dimensions affect design, quantity or cost, so they can plan with confidence	jtbd§JTBD-008	measurement, dimension	37	docs/business-rules/A mismatched unit or currency is an error, not a coercion.md::The rule[1]	present	-	-
f257	forward	behavioural	User wants to use an existing plan, sketch or image as context when they already have one, so they do not recreate information they possess	jtbd§JTBD-009	existing plan, sketch, image	48	docs/requirements/Plans and background import.md::Outcome[1]	present	-	-
f258	forward	behavioural	User wants to organize the renovation without a usable floor plan, so visualization is not a prerequisite	jtbd§JTBD-010	floor plan, visualization	30	docs/entities/Space.md::Rules[2]	present	-	-
f259	forward	behavioural	User wants to record discovered defects and technical constraints in context, so later plans account for them	jtbd§JTBD-011	defect, constraint	52	docs/entities/Constraint.md::Constraint[3]	present	-	-
f260	forward	behavioural	User wants to describe the desired changes when focused on an area, so the future state becomes concrete	jtbd§JTBD-012	desired change, future state	9	-	absent	-	-
f261	forward	behavioural	User wants to compare alternative solutions when multiple are possible, so they can balance cost, effort, appearance and long-term value	jtbd§JTBD-013	alternative solution, comparison	17	docs/entities/Scenario.md::Scenario[3]	present	-	-
f262	forward	behavioural	User wants to visualize proposed changes when the outcome is hard to imagine, so they can decide before committing resources	jtbd§JTBD-014	visualization, proposed change	9	docs/requirements/State visualization.md::Outcome[1]	present	-	-
f263	forward	behavioural	User wants to attach found inspiration to the relevant area, so it is available when decisions are made	jtbd§JTBD-015	inspiration, area context	14	-	absent	-	-
f264	forward	behavioural	User wants to record what they decided and why when making a choice, so they do not repeatedly revisit settled questions	jtbd§JTBD-016	decision, rationale	58	docs/entities/Decision.md::Decision[2]	present	-	-
f265	forward	behavioural	User wants to identify the work required from what should change, so the design becomes executable	jtbd§JTBD-017	desired change, work	89	docs/requirements/Work package creation and scope.md::Outcome[1]	present	-	-
f266	forward	behavioural	User wants all relevant renovation work for a room together when working on it, so they understand the complete impact on that space	jtbd§JTBD-018	room, work	112	-	absent	-	-
f267	forward	behavioural	User wants to group work by trade when specialists are needed, so they can coordinate each professional	jtbd§JTBD-019	trade, work grouping	40	docs/entities/Trade.md::Trade[3]	present	-	-
f268	forward	behavioural	User wants to break work into tasks when it is too large to act on, so they know what can be done next	jtbd§JTBD-020	work, task	106	docs/entities/Task.md::Task[1]	present	-	-
f269	forward	behavioural	User wants to see relationships between dependent activities, so they avoid wrong sequencing and rework	jtbd§JTBD-021	dependency, sequencing	23	docs/entities/Dependency.md::Dependency[1]	present	-	-
f270	forward	behavioural	User wants to distinguish essential work from optional improvements when time or money is constrained, so core outcomes are protected	jtbd§JTBD-022	essential work, optional improvement	1	-	absent	-	-
f271	forward	behavioural	User wants to establish what they can spend when considering a renovation, so they can judge realistic scope	jtbd§JTBD-023	initial budget, scope	23	-	absent	-	-
f272	forward	behavioural	User wants to attach rough costs to work when details are incomplete, so they understand financial scale quickly	jtbd§JTBD-024	rough estimate, cost	98	docs/entities/Cost item.md::Cost item[2]	present	-	-
f273	forward	behavioural	User wants to refine earlier estimates as knowledge improves, so the budget becomes more reliable without starting over	jtbd§JTBD-025	estimate refinement, budget	47	docs/business-rules/Each cost type has exactly one source of record.md::The rule[1]	present	-	-
f274	forward	behavioural	User wants to derive quantities when work depends on area, length or count, so estimates and purchases are grounded	jtbd§JTBD-026	quantity, area, length	88	docs/business-rules/A quantity flows through seven stages and no stage stands in for another.md::The rule[1]	present	-	-
f275	forward	behavioural	User wants to account for waste and uncertainty when estimating, so normal variation does not immediately break the budget	jtbd§JTBD-027	waste, contingency, budget	60	docs/business-rules/Waste multiplies the required quantity and stays a separate factor.md::The rule[1]	present	-	-
f276	forward	behavioural	User wants cost broken down by space, work, trade and material when many expenses accumulate, so they know what drives the total	jtbd§JTBD-028	cost breakdown, cost driver	2	docs/entities/Cost item.md::Cost item[3]	present	-	-
f277	forward	behavioural	User wants to compare estimates, orders and actual spend when execution begins, so they know whether finances remain controlled	jtbd§JTBD-029	estimated cost, committed cost, actual cost	24	docs/requirements/Planned versus actual cost.md::Outcome[1]	present	-	-
f278	forward	behavioural	User wants to see cost and schedule consequences of a considered change first, so budget creep becomes an explicit decision	jtbd§JTBD-030	scope change, cost impact, schedule impact	16	docs/requirements/Impact analysis.md::Outcome[1]	present	-	-
f279	forward	behavioural	User wants to decide what they can reasonably do themselves when planning work, so they can balance savings, time, quality and risk	jtbd§JTBD-031	diy, savings, risk	138	-	absent	-	-
f280	forward	behavioural	User wants to identify professional needs early when work exceeds their skills, permissions or safety tolerance, so they can be planned	jtbd§JTBD-032	professional, skill, safety	10	-	absent	-	-
f281	forward	behavioural	User wants to communicate scope, quantities, context and constraints clearly when requesting a quotation, so offers are useful and comparable	jtbd§JTBD-033	contractor scope, quotation	33	-	absent	-	-
f282	forward	behavioural	User wants to compare price, scope, assumptions and exclusions when receiving multiple offers, so they can choose intelligently	jtbd§JTBD-034	quotation, comparison	43	docs/entities/Quote.md::Quote[3]	present	-	-
f283	forward	behavioural	User wants to know who owns each activity when DIY and several trades overlap, so work does not fall between responsibilities	jtbd§JTBD-035	responsibility, diy, trade	40	docs/entities/Work package.md::Relationships[2]	present	-	-
f284	forward	behavioural	User wants prerequisites, access and decisions ready when a professional is due to work, so their visit is productive	jtbd§JTBD-036	trade readiness, prerequisite, access	4	-	absent	-	-
f285	forward	behavioural	User wants to compare options against function, appearance, cost and maintenance when choosing what to install, so they can select confidently	jtbd§JTBD-037	material, product, selection	102	docs/entities/Scenario.md::Scenario[3]	present	-	-
f286	forward	behavioural	User wants to know where and why a chosen product is used, so purchasing stays tied to scope	jtbd§JTBD-038	product, work, scope	138	docs/entities/Requirement.md::Requirement[1]	present	-	-
f287	forward	behavioural	User wants a consolidated purchase need as execution approaches, so they do not rebuild shopping lists from separate rooms	jtbd§JTBD-039	purchase list, shopping list	9	docs/requirements/Package sizes and purchase quantities.md::Package sizes and purchase quantities[2]	present	-	-
f288	forward	behavioural	User wants to know when products with lead times or storage constraints are needed, so procurement supports the schedule	jtbd§JTBD-040	lead time, procurement, schedule	56	docs/requirements/Procurement requirements and lifecycle.md::Procurement requirements and lifecycle[2]	present	-	-
f289	forward	behavioural	User wants to distinguish planned, ordered, delivered, missing and returned items once purchasing begins, so material uncertainty does not block work	jtbd§JTBD-041	order, delivery, material status	158	docs/entities/Procurement item.md::Procurement item[1]	present	-	-
f290	forward	behavioural	User wants a product's model, supplier, manual, warranty and receipt preserved when it is installed, so future maintenance is easier	jtbd§JTBD-042	product information, warranty, manual	25	docs/requirements/Documents, photos and evidence.md::Documents, photos and evidence[1]	present	-	-
f291	forward	behavioural	User wants to understand the broad order of interacting activities, so they avoid conflicts and rework	jtbd§JTBD-043	sequence, activity order	12	-	absent	-	-
f292	forward	behavioural	User wants to group work into phases when the project cannot happen at once, so money, people, spaces and disruption can be managed	jtbd§JTBD-044	phase, disruption	1	docs/entities/Construction section.md::Construction section[2]	present	-	-
f293	forward	behavioural	User wants realistic activity durations when building a schedule, so expectations and dependencies are credible	jtbd§JTBD-045	duration, schedule	38	docs/requirements/Schedule dates and durations.md::Outcome[1]	present	-	-
f294	forward	behavioural	User wants multiple contributors' work sequenced feasibly when several people contribute, so nobody arrives before prerequisites are ready	jtbd§JTBD-046	trade, diy, sequencing	41	docs/business-rules/A dependency is allowed only between five pairs of things.md::The rule[1]	present	-	-
f295	forward	behavioural	User wants to know what can safely happen in parallel when trying to shorten duration, so time is saved without creating conflicts	jtbd§JTBD-047	parallel work, duration	11	-	absent	-	-
f296	forward	behavioural	User wants to see current work, decisions, purchases and blockers during execution, so they can focus on the next useful actions	jtbd§JTBD-048	current work, blocker	3	-	absent	-	-
f297	forward	behavioural	User wants to record planned, active, blocked and completed work while underway, so project status is reliable	jtbd§JTBD-049	progress, work status	81	docs/entities/Task.md::Task[1]	present	-	-
f298	forward	behavioural	User wants to know why work cannot continue and what is affected, so they can resolve the constraint before delays spread	jtbd§JTBD-050	blocker, delay	6	docs/entities/Dependency.md::Dependency[2]	present	-	-
f299	forward	behavioural	User wants to understand which rooms and services will be unavailable while living in the property during renovation, so daily life can be planned	jtbd§JTBD-051	household disruption, room availability	0	-	absent	-	-
f300	forward	behavioural	User wants to add extra work revealed by demolition or inspection without losing the original plan, so the project reflects reality	jtbd§JTBD-052	unexpected work, original plan	0	-	absent	-	-
f301	forward	behavioural	User wants to understand downstream effects when scope, price, delivery or availability changes, so the plan remains coherent	jtbd§JTBD-053	replan, downstream effect	0	-	absent	-	-
f302	forward	behavioural	User wants the original plan retained as the project changes, so they can understand how and why it evolved	jtbd§JTBD-054	baseline, original plan	1	-	absent	-	-
f303	forward	behavioural	User wants notes, photos, quotes and receipts organized around the renovation as they accumulate, so they can find what they need	jtbd§JTBD-055	project information, organization	11	-	absent	-	-
f304	forward	behavioural	User wants a captured photo or document linked to the relevant room, work or product, so its meaning remains clear	jtbd§JTBD-056	evidence, room, work, product	154	docs/entities/Photo.md::Photo[2]	present	-	-
f305	forward	behavioural	User wants a history of what was done and installed when work changes the property, so future decisions have reliable context	jtbd§JTBD-057	renovation history	4	-	absent	-	-
f306	forward	behavioural	User wants to identify remaining defects, work and documents when major construction ends, so the renovation does not stay permanently almost done	jtbd§JTBD-058	completion, defect	41	docs/requirements/Completion evidence.md::Completion evidence[1]	present	-	-
f307	forward	behavioural	User wants to know what they actually spent and where when the renovation ends, so they can assess the financial outcome	jtbd§JTBD-059	final cost, spend	5	docs/requirements/Reporting and project cockpit.md::Reporting and project cockpit[2]	present	-	-
f308	forward	behavioural	User wants to compare planned scope, cost and schedule with the result when the project ends, so they can learn from the project	jtbd§JTBD-060	plan, actual result, comparison	128	docs/requirements/Planned versus actual progress.md::Outcome[1]	present	-	-
f309	forward	behavioural	User wants the record to reflect what actually exists when renovation changes the property, so it remains useful after completion	jtbd§JTBD-061	as-built, property record	48	docs/requirements/Existing state, planned change and as-built.md::Existing state, planned change and as-built[1]	present	-	-
f310	forward	behavioural	User wants to reuse useful costs, suppliers, products, work patterns and lessons when starting future work, so they do not start from zero	jtbd§JTBD-062	reuse, lesson, supplier	34	-	absent	-	-
f311	forward	behavioural	User wants maintenance knowledge preserved for installed components, so renovation information remains useful throughout ownership	jtbd§JTBD-063	maintenance, ownership	4	-	absent	-	-
f312	forward	behavioural	Each job should later become a note (JTBD-###-slug.md) containing job statement, trigger, desired progress, functional/emotional/social outcomes, current alternatives, pain points, forces of progress, interview questions, evidence, opportunity assessment, related capabilities and validation status	jtbd§how-to-use	jtbd note, job statement, validation status	19	-	absent	-	-
f313	forward	behavioural	A job moves from hypothesis to validated only when repeated evidence shows a recognizable triggering situation	jtbd§research-evidence-standard	validation, trigger, evidence	42	-	absent	-	-
f314	forward	behavioural	A job moves from hypothesis to validated only when repeated evidence shows meaningful desired progress	jtbd§research-evidence-standard	validation, desired progress, evidence	38	-	absent	-	-
f315	forward	behavioural	A job moves from hypothesis to validated only when repeated evidence shows existing effort or workaround	jtbd§research-evidence-standard	validation, workaround, evidence	38	-	absent	-	-
f316	forward	behavioural	A job moves from hypothesis to validated only when repeated evidence shows consequences when the job is poorly served	jtbd§research-evidence-standard	validation, consequence, evidence	59	-	absent	-	-
f317	forward	behavioural	A job moves from hypothesis to validated only when repeated evidence shows recurrence across multiple participants or a clearly valuable segment	jtbd§research-evidence-standard	validation, recurrence, segment	15	-	absent	-	-
f318	forward	behavioural	Each candidate job's validation status progresses through hypothesis, interviewing, evidence-found, validated, opportunity-assessed, product-linked, or rejected/niche	jtbd§research-evidence-standard	validation status, job lifecycle	44	-	absent	-	-
f319	forward	behavioural	If research shows users think primarily in phases, decisions, defects, contractors or purchases rather than the proposed Project to Space to Work structure, that is evidence to change the product model, not to rename user behaviour	jtbd§important-product-research-principle	product model, project space work structure, research evidence	16	-	absent	-	-
f320	forward	behavioural	The renovation process moves through a defined lifecycle: trigger, understand property, define outcome, scope, design, plan work, budget, DIY/professional, procure, schedule, execute, handle change, track, document, complete, maintain	jtbd§landscape	renovation lifecycle, landscape	28	-	absent	-	-
f321a	forward	named	Renovation Project Workspace (product surface)	jtbd§tier-1	renovation project workspace, workspace	-	-	absent	-	requirements
f321b	forward	named	Renovation Project Workspace (product surface)	jtbd§tier-1	renovation project workspace, workspace	-	-	absent	-	deliverables
f322	forward	named	Project to Space to Work structure (domain model)	jtbd§important-product-research-principle	project, space, work, structure	-	-	absent	-	entities
f323	forward	named	JTBD note (JTBD-###-slug.md, named artifact/template)	jtbd§how-to-use	jtbd note, job note	-	-	absent	-	deliverables
f328	forward	named	Building (spatial concept)	jtbd§JTBD-007	building	-	docs/entities/Building.md	present	-	entities
f329	forward	named	Floor (spatial concept)	jtbd§JTBD-007	floor	-	docs/entities/Floor.md	present	-	entities
f330	forward	named	Room (spatial concept)	jtbd§JTBD-007	room	-	docs/entities/Space.md	present	-	entities
f331	forward	named	Outdoor area (spatial concept)	jtbd§JTBD-007	outdoor area, outdoor space	-	docs/entities/Outdoor area.md	present	-	entities
f332	forward	named	Defect (domain concept)	jtbd§JTBD-011	defect	-	docs/entities/Issue.md	present	-	entities
f333	forward	named	Baseline (domain concept)	jtbd§JTBD-054	baseline	-	-	absent	-	entities
f334	forward	named	As-built (domain concept)	jtbd§JTBD-061	as-built, as built	-	-	absent	-	entities
f335	forward	named	Quotation (domain concept)	jtbd§JTBD-034	quotation, quote	-	docs/entities/Quote.md	present	-	entities
f336	forward	named	Phase (domain concept)	jtbd§JTBD-044	phase	-	-	absent	-	entities
f337	forward	named	Blocker (domain concept)	jtbd§JTBD-050	blocker	-	-	absent	-	entities
f338	forward	named	Shopping list / purchase list (domain concept)	jtbd§JTBD-039	shopping list, purchase list	-	docs/entities/Procurement item.md	present	-	entities
f339	forward	named	Renovation lifecycle / landscape model	jtbd§landscape	renovation lifecycle, landscape, lifecycle	-	-	absent	-	entities
f340	forward	named	Supplier (domain concept)	jtbd§JTBD-042	supplier	-	docs/entities/Supplier.md	present	-	entities
f341	forward	named	Product (domain concept)	jtbd§JTBD-037	product	-	docs/entities/Asset.md	present	-	entities
f342	forward	named	Material (domain concept)	jtbd§JTBD-037	material	-	docs/entities/Asset.md	present	-	entities
f343	forward	named	Quantity (domain concept)	jtbd§JTBD-026	quantity	-	docs/entities/Quantity.md	present	-	entities
f344	forward	named	Cost (domain concept)	jtbd§JTBD-028	cost	-	-	absent	-	entities
f345	forward	named	Budget (domain concept)	jtbd§JTBD-023	budget	-	-	absent	-	entities
f346	forward	named	Schedule (domain concept)	jtbd§JTBD-043	schedule	-	-	absent	-	entities
f347	forward	named	DIY Renovator persona	prd§6.1	diy renovator,persona,primary persona	-	docs/actors/Private renovator.md	present	-	actors
f348	forward	named	Advanced Renovator persona	prd§6.2	advanced renovator,persona,secondary persona	-	docs/actors/Advanced DIY planner.md	present	-	actors
f349	forward	named	Professional Planner persona	prd§6.3	professional planner,persona,secondary persona	-	docs/actors/Professional planner.md	present	-	actors
f350a	forward	named	Project Selection (top-level context)	prd§8	project selection,context	-	-	absent	-	requirements
f350b	forward	named	Project Selection (top-level context)	prd§8	project selection,context	-	-	absent	-	deliverables
f351a	forward	named	Overview (navigation area)	prd§8	overview,navigation	-	-	absent	-	requirements
f351b	forward	named	Overview (navigation area)	prd§8	overview,navigation	-	-	absent	-	deliverables
f352a	forward	named	Spaces (navigation area)	prd§8	spaces,navigation	-	-	absent	-	requirements
f352b	forward	named	Spaces (navigation area)	prd§8	spaces,navigation	-	-	absent	-	deliverables
f353a	forward	named	Design (navigation area)	prd§8	design,navigation	-	-	absent	-	requirements
f353b	forward	named	Design (navigation area)	prd§8	design,navigation	-	-	absent	-	deliverables
f354a	forward	named	Work (navigation area)	prd§8	work,navigation	-	-	absent	-	requirements
f354b	forward	named	Work (navigation area)	prd§8	work,navigation	-	docs/deliverables/Information Architecture.md	present	-	deliverables
f355a	forward	named	Budget (navigation area)	prd§8	budget,navigation	-	-	absent	-	requirements
f355b	forward	named	Budget (navigation area)	prd§8	budget,navigation	-	docs/deliverables/Sitemap.md	present	-	deliverables
f356a	forward	named	Schedule (navigation area)	prd§8	schedule,navigation	-	docs/requirements/Schedule.md	present	-	requirements
f356b	forward	named	Schedule (navigation area)	prd§8	schedule,navigation	-	docs/deliverables/Sitemap.md	present	-	deliverables
f357a	forward	named	Documentation (navigation area)	prd§8	documentation,navigation	-	-	absent	-	requirements
f357b	forward	named	Documentation (navigation area)	prd§8	documentation,navigation	-	-	absent	-	deliverables
f358	forward	named	New lifecycle stage	prd§9	new,project status,lifecycle	-	-	absent	-	entities
f359	forward	named	Planning lifecycle stage	prd§9	planning,project status,lifecycle	-	-	absent	-	entities
f360	forward	named	Ready lifecycle stage	prd§9	ready,project status,lifecycle	-	-	absent	-	entities
f361	forward	named	In Progress lifecycle stage	prd§9	in progress,project status,lifecycle	-	-	absent	-	entities
f362	forward	named	Completing lifecycle stage	prd§9	completing,project status,lifecycle	-	-	absent	-	entities
f363	forward	named	Completed lifecycle stage	prd§9	completed,project status,lifecycle	-	-	absent	-	entities
f364	forward	named	Archived lifecycle stage	prd§9	archived,project status,lifecycle	-	-	absent	-	entities
f365a	forward	named	Renovation Planner Home / Home view	prd§10	renovation planner home,home view	-	-	absent	-	requirements
f365b	forward	named	Renovation Planner Home / Home view	prd§10	renovation planner home,home view	-	-	absent	-	deliverables
f366a	forward	named	New Project Wizard	prd§11	new project wizard,wizard	-	-	absent	-	requirements
f366b	forward	named	New Project Wizard	prd§11	new project wizard,wizard	-	-	absent	-	deliverables
f367	forward	named	Project Identity (wizard feature)	prd§11	project identity,wizard	-	-	absent	-	components
f368	forward	named	Scope Definition (wizard feature)	prd§11	scope definition,wizard,property scope	-	-	absent	-	components
f369	forward	named	Starting Method (wizard feature)	prd§11	starting method,wizard	-	-	absent	-	components
f370	forward	named	Import a Plan (starting method)	prd§11	import a plan,plan,starting method	-	-	absent	-	entities
f371	forward	named	Start with a Blank Plan (starting method)	prd§11	blank plan,starting method	-	-	absent	-	entities
f372	forward	named	Start without a Plan (starting method)	prd§11	no plan,starting method	-	-	absent	-	entities
f373	forward	named	Initial Areas (wizard feature)	prd§11	initial areas,wizard,space	-	-	absent	-	components
f374	forward	named	Project Creation (wizard feature)	prd§11	project creation,wizard	-	-	absent	-	components
f375	forward	named	ProjectType (concept)	prd§11	project type,wizard	-	-	absent	-	entities
f376a	forward	named	Project Home	prd§12	project home,dashboard	-	-	absent	-	requirements
f376b	forward	named	Project Home	prd§12	project home,dashboard	-	docs/deliverables/MVP Prototype.md	present	-	deliverables
f377	forward	named	Project Summary (Project Home feature)	prd§12	project summary,project home	-	-	absent	-	components
f378	forward	named	Planning Progress (Project Home feature)	prd§12	planning progress,project home	-	-	absent	-	components
f379	forward	named	Next Actions (Project Home feature)	prd§12	next actions,project home	-	-	absent	-	components
f380	forward	named	Recent Activity (Project Home feature)	prd§12	recent activity,project home	-	-	absent	-	components
f381	forward	named	Project Shortcuts (Project Home feature)	prd§12	project shortcuts,project home	-	-	absent	-	components
f382	forward	named	Primary Navigation	prd§13	primary navigation	-	-	absent	-	components
f383	forward	named	Project Switcher	prd§13	project switcher,navigation	-	-	absent	-	components
f384	forward	named	Breadcrumbs	prd§13	breadcrumbs,navigation	-	-	absent	-	components
f385	forward	named	Context Preservation	prd§13	context preservation,navigation	-	-	absent	-	entities
f386a	forward	named	Spaces View	prd§14	spaces view,spatial navigation	-	-	absent	-	requirements
f386b	forward	named	Spaces View	prd§14	spaces view,spatial navigation	-	-	absent	-	deliverables
f387a	forward	named	Space Detail	prd§14	space detail,spatial navigation	-	-	absent	-	requirements
f387b	forward	named	Space Detail	prd§14	space detail,spatial navigation	-	-	absent	-	deliverables
f388	forward	named	Contextual Actions	prd§14	contextual actions,spatial context	-	-	absent	-	components
f389	forward	named	Last Project	prd§15	last project,session	-	-	absent	-	entities
f390	forward	named	Last Context	prd§15	last context,session	-	-	absent	-	entities
f391	forward	named	Continue action	prd§15	continue action,continue project	-	-	absent	-	components
f392	forward	named	Safe Restoration	prd§15	safe restoration,fallback	-	-	absent	-	entities
f393	forward	named	Guidance Rules	prd§16	guidance rules,deterministic guidance	-	-	absent	-	entities
f394	forward	named	Guidance Item	prd§16	guidance item,guidance	-	-	absent	-	entities
f395	forward	named	Guidance Categories	prd§16	guidance categories,guidance	-	-	absent	-	entities
f396	forward	named	Non-Blocking Guidance	prd§16	non-blocking guidance,guidance	-	-	absent	-	entities
f397	forward	named	Progressive Disclosure	prd§17	progressive disclosure	-	-	absent	-	entities
f398	forward	named	Simple Project Experience	prd§17	simple project experience	-	-	absent	-	entities
f399	forward	named	Advanced Planning	prd§17	advanced planning	-	-	absent	-	entities
f400	forward	named	Contextual Introduction	prd§17	contextual introduction,progressive disclosure	-	-	absent	-	entities
f401a	forward	named	Completion Review	prd§18	completion review,project completion	-	-	absent	-	requirements
f401b	forward	named	Completion Review	prd§18	completion review,project completion	-	-	absent	-	deliverables
f402	forward	named	Mark Completed action	prd§18	mark completed,project completion	-	-	absent	-	components
f403	forward	named	Preservation (archive requirement)	prd§18	preservation,archive	-	-	absent	-	entities
f404a	forward	named	Settings (IA top-level area)	prd§19	settings,information architecture	-	-	absent	-	requirements
f404b	forward	named	Settings (IA top-level area)	prd§19	settings,information architecture	-	docs/deliverables/Sitemap.md	present	-	deliverables
f405	forward	named	RenovationProject interface	prd§22	renovationproject,state model	-	-	absent	-	entities
f406	forward	named	ProjectSession interface	prd§22	projectsession,session state	-	-	absent	-	entities
f407a	forward	named	"Renovation Planner: Open" command	prd§23	renovation planner open,command	-	-	absent	-	requirements
f407b	forward	named	"Renovation Planner: Open" command	prd§23	renovation planner open,command	-	-	absent	-	deliverables
f408a	forward	named	"Renovation Planner: New Project" command	prd§23	new project,command	-	-	absent	-	requirements
f408b	forward	named	"Renovation Planner: New Project" command	prd§23	new project,command	-	-	absent	-	deliverables
f409a	forward	named	"Renovation Planner: Open Recent Project" command	prd§23	open recent project,command	-	-	absent	-	requirements
f409b	forward	named	"Renovation Planner: Open Recent Project" command	prd§23	open recent project,command	-	-	absent	-	deliverables
f410a	forward	named	"Renovation Planner: Continue Project" command	prd§23	continue project,command	-	-	absent	-	requirements
f410b	forward	named	"Renovation Planner: Continue Project" command	prd§23	continue project,command	-	-	absent	-	deliverables
f411	forward	named	Ribbon icon (opens Renovation Planner Home)	prd§23	ribbon icon,entry point	-	-	absent	-	components
f416a	forward	named	Room/Area Detail (MVP scope item)	prd§33	room area detail,mvp	-	-	absent	-	requirements
f416b	forward	named	Room/Area Detail (MVP scope item)	prd§33	room area detail,mvp	-	-	absent	-	deliverables
f417	forward	named	Slice 1 - Project Foundation	prd§35	project foundation,delivery slice	-	-	absent	-	deliverables
f418	forward	named	Slice 2 - Guided Project Creation	prd§35	guided project creation,delivery slice	-	-	absent	-	deliverables
f419	forward	named	Slice 3 - Project Home (delivery slice)	prd§35	project home,delivery slice	-	-	absent	-	deliverables
f420	forward	named	Slice 4 - Spatial Navigation (delivery slice)	prd§35	spatial navigation,delivery slice	-	-	absent	-	deliverables
f421	forward	named	Slice 5 - Continue Experience (delivery slice)	prd§35	continue experience,delivery slice	-	-	absent	-	deliverables
f422	forward	named	Slice 6 - Guidance (delivery slice)	prd§35	guidance,delivery slice	-	-	absent	-	deliverables
f423	forward	named	Slice 7 - Progressive Disclosure (delivery slice)	prd§35	progressive disclosure,delivery slice	-	-	absent	-	deliverables
f424	forward	named	Risk - Application Within an Application	prd§36	application within an application,risk	-	-	absent	-	entities
f425	forward	named	Risk - Wizard Complexity	prd§36	wizard complexity,risk	-	-	absent	-	entities
f426	forward	named	Risk - Over-Abstraction	prd§36	over-abstraction,risk	-	-	absent	-	entities
f427	forward	named	Risk - Premature Advanced Features	prd§36	premature advanced features,risk	-	-	absent	-	entities
f428	forward	named	Risk - Guidance Becomes Prescriptive	prd§36	guidance becomes prescriptive,risk	-	-	absent	-	entities
f429	forward	named	Renovation Project (domain concept)	prd§21	renovation project	-	docs/entities/Project.md	present	-	entities
f430	forward	named	Property (domain concept)	prd§21	property	-	docs/entities/Site.md	present	-	entities
f431	forward	named	Building (domain concept)	prd§21	building	-	docs/entities/Building.md	present	-	entities
f432	forward	named	Floor (domain concept)	prd§21	floor	-	docs/entities/Floor.md	present	-	entities
f433	forward	named	Space (domain concept)	prd§21	space	-	docs/entities/Space.md	present	-	entities
f434	forward	named	Room (domain concept)	prd§21	room	-	docs/entities/Space.md	present	-	entities
f435	forward	named	Outdoor Area (domain concept)	prd§21	outdoor area	-	docs/entities/Outdoor area.md	present	-	entities
f436	forward	named	Zone (domain concept)	prd§21	zone	-	docs/entities/Zone.md	present	-	entities
f437	forward	named	Plan (domain concept)	prd§21	plan	-	docs/entities/Plan.md	present	-	entities
f438	forward	named	Renovation Work (domain concept)	prd§21	renovation work	-	-	absent	-	entities
f439	forward	named	Material (domain concept)	prd§21	material	-	docs/entities/Asset.md	present	-	entities
f440	forward	named	Cost (domain concept)	prd§21	cost	-	-	absent	-	entities
f441	forward	named	Trade (domain concept)	prd§21	trade	-	docs/entities/Trade.md	present	-	entities
f442	forward	named	Work Package (domain concept)	prd§21	work package	-	docs/entities/Work package.md	present	-	entities
f443	forward	named	Task (domain concept)	prd§21	task	-	docs/entities/Task.md	present	-	entities
f444	forward	named	Schedule (domain concept)	prd§21	schedule	-	-	absent	-	entities
f445	forward	named	Document (domain concept)	prd§21	document	-	docs/entities/Document.md	present	-	entities
f446	forward	behavioural	workspace shall become the central interaction model of the plugin	prd§1	workspace,interaction model,plugin	68	docs/deliverables/Sitemap.md::The routes[1]	present	-	-
f447	forward	behavioural	plugin shall organize UX around the mental model "I am planning and managing a renovation project"	prd§1	plugin,mental model,renovation project	110	docs/deliverables/Information Architecture.md::The grouping[1]	present	-	-
f448	forward	behavioural	workspace must help users start a new renovation project	prd§1	workspace,start project	42	docs/requirements/Start a renovation project.md::Main flow[1]	present	-	-
f449	forward	behavioural	workspace must help users understand what to do next	prd§1	workspace,next action,guidance	14	-	absent	-	-
f450	forward	behavioural	workspace must help users structure their property	prd§1	workspace,property,structure	59	docs/entities/Site.md::Site[1]	present	-	-
f451	forward	behavioural	workspace must help users move naturally between areas of the renovation	prd§1	workspace,navigation,area	84	-	absent	-	-
f452	forward	behavioural	workspace must help users continue where they previously stopped	prd§1	workspace,continue,session	14	docs/deliverables/MVP Prototype.md::1. Prototype Mission[1]	present	-	-
f453	forward	behavioural	workspace must help users track planning progress	prd§1	workspace,planning progress	17	-	absent	-	-
f454	forward	behavioural	workspace must help users manage renovation work in context	prd§1	workspace,renovation work,context	76	docs/requirements/Create a task from context.md::Create a task from context[1]	present	-	-
f455	forward	behavioural	workspace must help users progressively adopt more advanced features	prd§1	workspace,progressive disclosure,advanced feature	15	docs/deliverables/Disclosure ladder.md::The ladder[1]	present	-	-
f456	forward	behavioural	workspace must help users complete and archive a renovation project	prd§1	workspace,complete,archive	17	-	absent	-	-
f457	forward	behavioural	product must hide unnecessary structural complexity and guide users according to their current intent	prd§2	product,complexity,guidance,intent	94	docs/deliverables/Disclosure ladder.md::What each rung means concretely[1]	present	-	-
f458	forward	behavioural	user should immediately understand which renovation projects exist	prd§3	user,project,understand	120	-	absent	-	-
f459	forward	behavioural	user should immediately understand which project they were recently working on	prd§3	user,recent project	71	-	absent	-	-
f460	forward	behavioural	user should immediately understand the current state of that project	prd§3	user,project state	91	docs/requirements/Project dashboard and navigation.md::Outcome[1]	present	-	-
f461	forward	behavioural	user should immediately understand what needs attention next	prd§3	user,attention,next action	71	-	absent	-	-
f462	forward	behavioural	user should immediately understand how to enter the part of the project they want to work on	prd§3	user,enter project area	72	docs/requirements/Project dashboard and navigation.md::Outcome[1]	present	-	-
f463	forward	behavioural	the renovation project is the primary UX object	prd§3	renovation project,ux object	115	docs/deliverables/Disclosure ladder.md::The home surface, and IA's first open question answered[1]	present	-	-
f464	forward	behavioural	underlying Markdown files, sidecars, properties, domain entities, and technical storage mechanisms remain implementation details unless the user explicitly chooses to interact with them	prd§3	markdown file,sidecar,implementation detail	20	docs/deliverables/Information Architecture.md::Where a fact lives[4]	present	-	-
f465	forward	behavioural	workspace must provide a clear entry point into Renovation Planner	prd§4	entry point,renovation planner	69	docs/deliverables/Sitemap.md::Entry points, and the rule about them[1]	present	-	-
f466	forward	behavioural	workspace must support creation of new renovation projects	prd§4	create project	9	docs/requirements/Start a renovation project.md::Start a renovation project[1]	present	-	-
f467	forward	behavioural	workspace must support continuation of existing renovation projects	prd§4	continue project	1	docs/deliverables/MVP Prototype.md::1. Prototype Mission[1]	present	-	-
f468	forward	behavioural	workspace must guide users through initial project setup	prd§4	initial setup,guidance	2	-	absent	-	-
f469	forward	behavioural	workspace must establish a consistent project navigation structure	prd§4	navigation structure	1	-	absent	-	-
f470	forward	behavioural	workspace must organize information around renovation areas and project concerns	prd§4	information organization,renovation area	26	-	absent	-	-
f471	forward	behavioural	workspace must provide a project-level overview	prd§4	project overview	4	-	absent	-	-
f472	forward	behavioural	workspace must support contextual navigation into buildings, floors, rooms, zones, and outdoor areas	prd§4	building,floor,room,zone,outdoor area	100	docs/deliverables/Information Architecture.md::The grouping[1]	present	-	-
f473	forward	behavioural	workspace must remember the user's previous working context	prd§4	working context,memory	3	-	absent	-	-
f474	forward	behavioural	workspace must provide deterministic guidance about incomplete planning steps	prd§4	deterministic guidance,planning	25	-	absent	-	-
f475	forward	behavioural	workspace must allow users to start simple and adopt advanced capabilities gradually	prd§4	progressive disclosure,simple,advanced	9	docs/deliverables/Disclosure ladder.md::The promotion rule[1]	present	-	-
f476	forward	behavioural	workspace must integrate naturally with Obsidian rather than replacing its core strengths	prd§4	obsidian,integration	88	docs/requirements/User Interface.md::The reference is Obsidian's own app[1]	present	-	-
f477	forward	behavioural	epic does not aim to replace the existing Obsidian file explorer	prd§5	file explorer,non-goal	7	-	absent	-	-
f478	forward	behavioural	epic does not aim to introduce cloud synchronization	prd§5	cloud sync,non-goal	6	docs/actors/Professional planner.md::What admitting this actor would change[1]	present	-	-
f479	forward	behavioural	epic does not aim to introduce collaboration or multi-user editing	prd§5	collaboration,multi-user,non-goal	9	docs/actors/Professional planner.md::What admitting this actor would change[1]	present	-	-
f480	forward	behavioural	epic does not aim to introduce AI-based recommendations	prd§5	ai recommendation,non-goal	10	-	absent	-	-
f481	forward	behavioural	epic does not aim to provide contractor marketplaces	prd§5	contractor marketplace,non-goal	6	-	absent	-	-
f482	forward	behavioural	epic does not aim to provide full accounting or bookkeeping	prd§5	accounting,bookkeeping,non-goal	11	docs/actors/Professional planner.md::What admitting this actor would change[3]	present	-	-
f483	forward	behavioural	epic does not aim to automate regulatory or legal compliance	prd§5	regulatory compliance,non-goal	6	-	absent	-	-
f484	forward	behavioural	epic does not aim to provide architectural CAD functionality	prd§5	cad,non-goal	6	docs/adrs/0003-konva-as-canvas-renderer.md::Alternatives[1]	present	-	-
f485	forward	behavioural	epic does not aim to replace professional construction management systems	prd§5	construction management,non-goal	9	-	absent	-	-
f486	forward	behavioural	epic does not aim to require the spatial editor for basic project usage	prd§5	spatial editor,non-goal	23	docs/issues/The alternative list route is a Bases view.md::The question[1]	present	-	-
f487	forward	behavioural	workspace is an orchestration and interaction layer over the renovation-planning capabilities	prd§5	orchestration layer,interaction layer	4	docs/adrs/0006-plain-typescript-domain.md::Context[1]	present	-	-
f488	forward	behavioural	JTBD-01: product must guide users through essential setup so they can start organizing a project without knowing the data model	prd§7-jtbd-01	setup,onboarding,data model	26	docs/requirements/Onboarding and example project.md::Outcome[1]	present	-	-
f489	forward	behavioural	JTBD-02: returning users must immediately see where they left off and what needs attention so they can continue without reorienting	prd§7-jtbd-02	continue,reorientation,attention	3	-	absent	-	-
f490	forward	behavioural	JTBD-03: users must see a project's major areas, progress, costs, and outstanding planning work to understand its current state	prd§7-jtbd-03	project areas,progress,cost,planning work	127	-	absent	-	-
f491	forward	behavioural	JTBD-04: when working on a room or area, related renovation work, costs, materials, plans, and documents must be visible together	prd§7-jtbd-04	room,work,cost,material,plan,document	199	docs/entities/Zone.md::Relationships[1]	present	-	-
f492	forward	behavioural	JTBD-05: additional capabilities must become available as planning grows more detailed without redesigning the project or migrating data	prd§7-jtbd-05	capability growth,migration	6	-	absent	-	-
f493	forward	behavioural	JTBD-06: when parts of a project are incomplete, users must get clear guidance about useful next actions	prd§7-jtbd-06	incomplete,guidance,next action	5	-	absent	-	-
f494	forward	behavioural	product shall distinguish between two top-level contexts: Project Selection and Renovation Project	prd§8	project selection,renovation project,context	85	docs/entities/Project.md::Project[2]	contradictory	prd§8>>docs/entities/Project.md::Project[2]	-
f495	forward	behavioural	within a project, primary navigation shall represent user concerns rather than technical domain entities	prd§8	navigation,user concern,domain entity	55	docs/deliverables/Sitemap.md::The inventory[1]	present	-	-
f496	forward	behavioural	project lifecycle must remain lightweight	prd§9	lifecycle,lightweight	37	-	absent	-	-
f497	forward	behavioural	users must not be forced to actively manage project status for basic functionality	prd§9	project status,mandatory	54	docs/requirements/Start a renovation project.md::Assumptions[4]	present	-	-
f498	forward	behavioural	project lifecycle state may be partly derived from available information and partly manually controlled	prd§9	lifecycle state,derived,manual	96	-	absent	-	-
f499	forward	behavioural	Renovation Planner Home objective: provide a central entry point for all renovation projects	prd§10	home,entry point	16	-	absent	-	-
f500	forward	behavioural	user story: as a user, I want to see all renovation projects so I can choose what to work on	prd§10	project listing,user story	4	docs/actors/Professional planner.md::What admitting this actor would change[2]	contradictory	prd§10>>docs/actors/Professional planner.md::What admitting this actor would change[2]	-
f501	forward	behavioural	user story: as a user, I want to see my recent projects so I can quickly continue work	prd§10	recent project,continue	1	-	absent	-	-
f502	forward	behavioural	user story: as a new user, I want an obvious starting point so I know how to begin	prd§10	starting point,onboarding	8	docs/requirements/Onboarding and example project.md::Outcome[1]	present	-	-
f503	forward	behavioural	user story: as a user, I want to create a new renovation project from the home screen	prd§10	create project,home	16	docs/requirements/Start a renovation project.md::Main flow[1]	present	-	-
f504	forward	behavioural	Home view shall support project listing	prd§10	home view,project listing	5	-	absent	-	-
f505	forward	behavioural	Home view shall support displaying project name	prd§10	home view,project name	47	docs/entities/Project.md::Project[3]	present	-	-
f506	forward	behavioural	Home view shall support optional project image or icon	prd§10	home view,project image,icon	19	-	absent	-	-
f507	forward	behavioural	Home view shall support displaying project status	prd§10	home view,project status	54	docs/requirements/Project dashboard and navigation.md::Outcome[1]	present	-	-
f508	forward	behavioural	Home view shall support displaying recent activity	prd§10	home view,recent activity	4	-	absent	-	-
f509	forward	behavioural	Home view shall support basic progress indication	prd§10	home view,progress indication	4	-	absent	-	-
f510	forward	behavioural	Home view shall support current or planned budget summary when available	prd§10	home view,budget summary	4	-	absent	-	-
f511	forward	behavioural	Home view shall support displaying last opened timestamp	prd§10	home view,last opened	4	-	absent	-	-
f512	forward	behavioural	Home view shall support a create-project action	prd§10	home view,create project action	7	docs/requirements/Start a renovation project.md::Main flow[3]	present	-	-
f513	forward	behavioural	Home view shall support an open-project action	prd§10	home view,open project action	12	-	absent	-	-
f514	forward	behavioural	Home view shall support a continue-project action	prd§10	home view,continue project action	4	-	absent	-	-
f515	forward	behavioural	Home view shall support an empty state when no projects exist	prd§10	home view,empty state	21	docs/requirements/Start a renovation project.md::Main flow[2]	present	-	-
f516	forward	behavioural	empty state should prominently offer "Start your first renovation project"	prd§10	empty state,start project	49	-	absent	-	-
f517	forward	behavioural	empty state secondary text should briefly describe the workflow	prd§10	empty state,explanatory text	20	docs/components/Empty state.md::Anatomy[1]	present	-	-
f518	forward	behavioural	acceptance: a user with no project can create one directly from the Home view	prd§10	home view,create project,acceptance	11	docs/requirements/Start a renovation project.md::Main flow[3]	present	-	-
f519	forward	behavioural	acceptance: a user with multiple projects can distinguish between them	prd§10	multiple projects,distinguish	6	-	absent	-	-
f520	forward	behavioural	acceptance: recently used projects can be identified without opening each project	prd§10	recent project,identify	0	-	absent	-	-
f521	forward	behavioural	acceptance: project navigation requires no interaction with the Vault file tree	prd§10	project navigation,file tree	5	docs/requirements/Project dashboard and navigation.md::Outcome[1]	present	-	-
f522	forward	behavioural	wizard objective: provide a guided but lightweight process for establishing a new renovation project	prd§11	wizard,guided,lightweight	1	-	absent	-	-
f523	forward	behavioural	wizard must capture only information required to provide useful initial structure	prd§11	wizard,minimal capture	0	-	absent	-	-
f524	forward	behavioural	everything captured by the wizard must remain editable later	prd§11	wizard,editable	2	-	absent	-	-
f525	forward	behavioural	Feature 2.1 must capture project name	prd§11	project identity,project name	49	docs/requirements/Start a renovation project.md::Main flow[4]	present	-	-
f526	forward	behavioural	Feature 2.1 must capture optional project description	prd§11	project identity,description	32	docs/entities/Project.md::Project[3]	present	-	-
f527	forward	behavioural	Feature 2.1 must capture project type	prd§11	project identity,project type	71	-	absent	-	-
f528	forward	behavioural	Feature 2.1 must capture optional project image	prd§11	project identity,project image	37	-	absent	-	-
f529	forward	behavioural	Feature 2.1 must capture optional target dates	prd§11	project identity,target date	28	docs/entities/Project.md::Project[3]	present	-	-
f530	forward	behavioural	example project types include entire house, apartment, individual rooms, garden/outdoor renovation, garage/workshop, extension, new construction, custom	prd§11	project type,examples	86	-	absent	-	-
f531	forward	behavioural	Scope Definition must allow users to describe the high-level property scope	prd§11	scope definition,property scope	9	-	absent	-	-
f532	forward	behavioural	wizard should generate sensible default structures from the selected project type	prd§11	default structure,project type	72	-	absent	-	-
f533	forward	behavioural	users shall be able to choose how they want to begin (starting method)	prd§11	starting method,choice	25	-	absent	-	-
f534	forward	behavioural	Import a Plan should support PNG, JPG, and PDF where technically feasible	prd§11	import plan,png,jpg,pdf	33	docs/requirements/Plans and background import.md::Plans and background import[1]	present	-	-
f535	forward	behavioural	Start with a Blank Plan creates an empty spatial planning surface	prd§11	blank plan,spatial planning surface	2	-	absent	-	-
f536	forward	behavioural	Start without a Plan creates a renovation project based on rooms and areas only	prd§11	no plan,room,area	155	docs/requirements/Start a renovation project.md::Main flow[6]	present	-	-
f537	forward	behavioural	Start without a Plan option is mandatory	prd§11	no plan,mandatory	122	docs/requirements/Start a renovation project.md::Main flow[6]	present	-	-
f538	forward	behavioural	a spatial drawing must never be required to use the product	prd§11	spatial drawing,mandatory,requirement	75	docs/issues/The alternative list route is a Bases view.md::The decision[1]	present	-	-
f539	forward	behavioural	users may optionally create initial spaces such as kitchen, bathroom, living room, bedroom, hallway, garden, terrace	prd§11	initial space,kitchen,bathroom	31	-	absent	-	-
f540	forward	behavioural	users must be able to skip the initial areas step	prd§11	initial areas,skip	9	-	absent	-	-
f541	forward	behavioural	upon wizard completion, system shall create the project structure	prd§11	project creation,project structure	10	docs/requirements/Start a renovation project.md::Main flow[6]	present	-	-
f542	forward	behavioural	upon wizard completion, system shall persist project metadata	prd§11	project creation,project metadata	5	docs/requirements/Start a renovation project.md::Main flow[6]	present	-	-
f543	forward	behavioural	upon wizard completion, system shall initialize required project data	prd§11	project creation,project data	28	docs/requirements/Start a renovation project.md::Main flow[6]	present	-	-
f544	forward	behavioural	upon wizard completion, system shall create selected initial spaces	prd§11	project creation,initial space	3	-	absent	-	-
f545	forward	behavioural	upon wizard completion, system shall establish project session state	prd§11	project creation,session state	7	-	absent	-	-
f546	forward	behavioural	upon wizard completion, system shall open the Project Home	prd§11	project creation,project home	10	docs/requirements/Start a renovation project.md::Main flow[7]	present	-	-
f547	forward	behavioural	Project Home objective: provide a central dashboard for each renovation project	prd§12	project home,dashboard	16	docs/requirements/Project dashboard and navigation.md::Outcome[1]	present	-	-
f548	forward	behavioural	Project Home must convey what the project is	prd§12	project home,project identity	36	docs/requirements/Project dashboard and navigation.md::Outcome[1]	present	-	-
f549	forward	behavioural	Project Home must convey where the project currently stands	prd§12	project home,project state	41	docs/requirements/Project dashboard and navigation.md::Outcome[1]	present	-	-
f550	forward	behavioural	Project Home must convey what has already been planned	prd§12	project home,planning	34	-	absent	-	-
f551	forward	behavioural	Project Home must convey what needs attention	prd§12	project home,attention	10	-	absent	-	-
f552	forward	behavioural	Project Home must convey what to work on next	prd§12	project home,next action	12	-	absent	-	-
f553	forward	behavioural	Project Summary shall display project name	prd§12	project summary,project name	49	docs/entities/Project.md::Project[3]	present	-	-
f554	forward	behavioural	Project Summary shall display project status	prd§12	project summary,project status	54	docs/requirements/Project dashboard and navigation.md::Outcome[1]	present	-	-
f555	forward	behavioural	Project Summary shall display planning progress	prd§12	project summary,planning progress	8	-	absent	-	-
f556	forward	behavioural	Project Summary shall display budget summary	prd§12	project summary,budget summary	3	-	absent	-	-
f557	forward	behavioural	Project Summary shall display schedule summary	prd§12	project summary,schedule summary	3	-	absent	-	-
f558	forward	behavioural	Project Summary shall display number of spaces	prd§12	project summary,space count	4	-	absent	-	-
f559	forward	behavioural	Project Summary shall display number of work items	prd§12	project summary,work item count	8	-	absent	-	-
f560	forward	behavioural	Project Summary shall display optional project image	prd§12	project summary,project image	13	-	absent	-	-
f561	forward	behavioural	product should derive meaningful progress from the project's planning completeness	prd§12	planning progress,completeness	5	-	absent	-	-
f562	forward	behavioural	planning progress may be derived across dimensions such as property structure, spaces, plans, renovation scope, work definition, estimates, schedule, documentation	prd§12	planning progress,dimension	21	-	absent	-	-
f563	forward	behavioural	progress should not be represented as fake precision	prd§12	planning progress,fake precision	5	-	absent	-	-
f564	forward	behavioural	progress should prefer milestone-style completeness or meaningful percentages based on explicit criteria	prd§12	planning progress,milestone	13	-	absent	-	-
f565	forward	behavioural	Project Home shall surface context-sensitive next actions	prd§12	next actions,context-sensitive	3	-	absent	-	-
f566	forward	behavioural	next-action examples include importing/creating a plan, calibrating a plan, creating rooms, defining renovation work, estimating a work package, adding missing material costs, scheduling unscheduled work, recording actual costs	prd§12	next actions,examples	33	-	absent	-	-
f567	forward	behavioural	guidance shall initially be deterministic and rule-based	prd§12	guidance,deterministic,rule-based	5	-	absent	-	-
f568	forward	behavioural	Project Home shall display recent project changes such as room created, work package created, estimate changed, material added, cost updated, task completed, document added	prd§12	recent activity,examples	31	-	absent	-	-
f569	forward	behavioural	users should be able to enter commonly used areas directly via project shortcuts (e.g. plans, rooms, work, budget, schedule)	prd§12	project shortcuts,direct access	2	-	absent	-	-
f570	forward	behavioural	Project Navigation objective: provide stable navigation within every project	prd§13	project navigation,stable	48	docs/requirements/Project dashboard and navigation.md::Outcome[1]	present	-	-
f571	forward	behavioural	user should always understand which project is active	prd§13	active project,orientation	8	-	absent	-	-
f572	forward	behavioural	user should always understand which part of the project they are viewing	prd§13	current location,orientation	0	-	absent	-	-
f573	forward	behavioural	user should always understand how to return to the project overview	prd§13	project overview,return	12	docs/issues/The plan editor is a mode, not a second view.md::The decision[1]	present	-	-
f574	forward	behavioural	primary navigation provides access to Overview, Spaces, Design, Work, Budget, Schedule, Documentation	prd§13	primary navigation,overview,spaces	17	docs/deliverables/Sitemap.md::The inventory[1]	contradictory	prd§13>>docs/deliverables/Sitemap.md::The inventory[1]	-
f575	forward	behavioural	Project Switcher must allow users to switch between renovation projects without manually locating files	prd§13	project switcher,switch project	1	-	absent	-	-
f576	forward	behavioural	breadcrumbs should be context-sensitive and represent spatial or functional scope	prd§13	breadcrumbs,context-sensitive	0	-	absent	-	-
f577	forward	behavioural	navigating between functional areas should retain the selected project and, where reasonable, the selected spatial context	prd§13	context preservation,spatial context	7	-	absent	-	-
f578	forward	behavioural	Spatial Context Navigation objective: make the physical renovation structure one of the primary navigation mechanisms	prd§14	spatial navigation,physical structure	8	docs/issues/The alternative list route is a Bases view.md::The decision[1]	present	-	-
f579	forward	behavioural	spatial navigation model must also support outdoor structures such as garden, terrace, planting area	prd§14	outdoor structure,garden,terrace	18	docs/entities/Outdoor area.md::Outdoor area[1]	present	-	-
f580	forward	behavioural	users should be able to browse and manage the spatial structure of the project via the Spaces View	prd§14	spaces view,browse,manage	3	-	absent	-	-
f581	forward	behavioural	Spaces View possible representations include tree, cards, list, visual floor-plan access	prd§14	spaces view,representation	4	-	absent	-	-
f582	forward	behavioural	every relevant space should provide a contextual workspace (Space Detail)	prd§14	space detail,contextual workspace	0	-	absent	-	-
f583	forward	behavioural	Space Detail view should aggregate relevant information such as plan, zones, work, materials, costs, tasks, documents, photos	prd§14	space detail,aggregate information	0	-	absent	-	-
f584	forward	behavioural	actions initiated within a spatial context should automatically inherit that context	prd§14	contextual actions,inherit context	1	docs/requirements/Task management.md::Task management[1]	present	-	-
f585	forward	behavioural	creating a work item while viewing the Kitchen should associate the work item with the Kitchen unless explicitly changed	prd§14	work item,kitchen,contextual actions	45	docs/requirements/Task management.md::Definition of done[1]	present	-	-
f586	forward	behavioural	Project Session and Continue Experience objective: reduce reorientation when users return to the plugin	prd§15	session,continue,reorientation	6	docs/deliverables/MVP Prototype.md::1. Prototype Mission[1]	present	-	-
f587	forward	behavioural	plugin should remember the most recently opened renovation project	prd§15	last project,session	8	-	absent	-	-
f588	forward	behavioural	plugin should persist appropriate per-project context such as last view, last selected space, last relevant entity, last opened timestamp	prd§15	last context,session state	6	-	absent	-	-
f589	forward	behavioural	Home view should provide a Continue action	prd§15	continue action,home view	4	-	absent	-	-
f590	forward	behavioural	Continue action should restore the user's previous meaningful working context when feasible	prd§15	continue action,restore context	0	-	absent	-	-
f591	forward	behavioural	if the previously selected entity no longer exists, the application should gracefully fall back to the closest valid context	prd§15	safe restoration,fallback	5	-	absent	-	-
f592	forward	behavioural	safe-restoration fallback order is entity, then space, then previous view, then Project Home	prd§15	safe restoration,fallback order	4	-	absent	-	-
f593	forward	behavioural	Deterministic Project Guidance objective: help users progressively complete renovation planning without requiring AI	prd§16	guidance,deterministic,no ai	1	-	absent	-	-
f594	forward	behavioural	product shall evaluate project state against deterministic rules	prd§16	guidance rules,deterministic	1	-	absent	-	-
f595	forward	behavioural	guidance rule: if a plan exists and is not calibrated, suggest calibration	prd§16	plan,calibration,guidance rule	122	-	absent	-	-
f596	forward	behavioural	guidance rule: if a room exists and contains no renovation work, suggest defining work	prd§16	room,renovation work,guidance rule	81	-	absent	-	-
f597	forward	behavioural	guidance rule: if a work item exists and its cost estimate is missing, suggest estimation	prd§16	work item,cost estimate,guidance rule	46	-	absent	-	-
f598	forward	behavioural	a guidance item should contain a title	prd§16	guidance item,title	24	-	absent	-	-
f599	forward	behavioural	a guidance item should contain an explanation	prd§16	guidance item,explanation	0	-	absent	-	-
f600	forward	behavioural	a guidance item should contain a severity or importance	prd§16	guidance item,severity	1	-	absent	-	-
f601	forward	behavioural	a guidance item should contain project context	prd§16	guidance item,project context	13	-	absent	-	-
f602	forward	behavioural	a guidance item should contain a suggested action	prd§16	guidance item,suggested action	0	-	absent	-	-
f603	forward	behavioural	a guidance item should contain a target destination	prd§16	guidance item,target destination	0	-	absent	-	-
f604	forward	behavioural	guidance categories may include setup, missing information, planning completeness, cost completeness, schedule completeness, execution, documentation	prd§16	guidance category,examples	31	-	absent	-	-
f605	forward	behavioural	guidance must not prevent users from navigating or working	prd§16	guidance,non-blocking	9	-	absent	-	-
f606	forward	behavioural	product should advise rather than enforce unnecessary workflows	prd§16	guidance,advise,enforce	2	-	absent	-	-
f607	forward	behavioural	Progressive Disclosure objective: support both simple and advanced renovation projects without creating separate product modes	prd§17	progressive disclosure,simple,advanced	9	docs/deliverables/Disclosure ladder.md::The ladder[1]	present	-	-
f608	forward	behavioural	basic user should be able to work primarily with spaces	prd§17	simple experience,space	89	docs/deliverables/MVP Prototype.md::Prototype Mission[1]	present	-	-
f609	forward	behavioural	basic user should be able to work primarily with work	prd§17	simple experience,work	89	docs/deliverables/MVP Prototype.md::Prototype Mission[1]	present	-	-
f610	forward	behavioural	basic user should be able to work primarily with tasks	prd§17	simple experience,task	45	docs/deliverables/Disclosure ladder.md::What each rung means concretely[3]	contradictory	prd§17>>docs/deliverables/Disclosure ladder.md::What each rung means concretely[3]	-
f611	forward	behavioural	basic user should be able to work primarily with estimated costs	prd§17	simple experience,estimated cost	9	docs/entities/Cost item.md::Identity and persistence[1]	present	-	-
f612	forward	behavioural	basic user should be able to work primarily with documentation	prd§17	simple experience,documentation	13	docs/requirements/Documents, photos and evidence.md::Outcome[1]	present	-	-
f613	forward	behavioural	more sophisticated capabilities may become available when relevant (advanced planning)	prd§17	advanced planning,capability	6	-	absent	-	-
f614	forward	behavioural	advanced planning examples include zones, quantity calculations, assemblies, detailed material planning, trades, work packages, dependencies, procurement, actual vs estimated costs	prd§17	advanced planning,examples	32	docs/entities/Cost item.md::Rules[3]	present	-	-
f615	forward	behavioural	advanced capabilities should be introduced when the user reaches a relevant planning problem	prd§17	contextual introduction,advanced capability	0	-	absent	-	-
f616	forward	behavioural	quantity estimation should offer a simple room-area-based option before exposing the full quantity calculation module	prd§17	quantity calculation,room area,progressive disclosure	23	-	absent	-	-
f617	forward	behavioural	Project Completion and Archive objective: allow users to bring a renovation project to a clear conclusion	prd§18	completion,archive	11	-	absent	-	-
f618	forward	behavioural	Completion Review shall provide a summary of completed work	prd§18	completion review,completed work	3	-	absent	-	-
f619	forward	behavioural	Completion Review shall provide a summary of incomplete work	prd§18	completion review,incomplete work	3	-	absent	-	-
f620	forward	behavioural	Completion Review shall provide the estimated total	prd§18	completion review,estimated total	7	docs/requirements/Budget overview.md::Outcome[1]	present	-	-
f621	forward	behavioural	Completion Review shall provide the actual total	prd§18	completion review,actual total	7	docs/requirements/Reporting and project cockpit.md::Definition of done[1]	present	-	-
f622	forward	behavioural	Completion Review shall provide the final schedule	prd§18	completion review,final schedule	1	-	absent	-	-
f623	forward	behavioural	Completion Review shall provide documentation completeness	prd§18	completion review,documentation completeness	1	-	absent	-	-
f624	forward	behavioural	a user may mark a renovation project as completed	prd§18	mark completed,project status	54	docs/requirements/Start a renovation project.md::Assumptions[4]	present	-	-
f625	forward	behavioural	completed projects may be archived while remaining accessible	prd§18	archive,accessible	11	-	absent	-	-
f626	forward	behavioural	archived projects should not clutter the default active-project view	prd§18	archive,active project view	8	-	absent	-	-
f627	forward	behavioural	archiving must never destroy the underlying project data	prd§18	archive,data preservation	1	-	absent	-	-
f628	forward	behavioural	Project First: users interact with renovation projects, not storage structures	prd§20.1	project first,storage structure	30	docs/requirements/Project management.md::Body[1]	present	-	-
f629	forward	behavioural	Context Over Configuration: whenever the system already knows relevant context, it should apply it automatically	prd§20.2	context,configuration,automatic	27	docs/requirements/Start a renovation project.md::Main flow[4]	present	-	-
f630	forward	behavioural	Start Simple: a user should be able to create a useful project with very little information	prd§20.3	start simple,minimal information	0	-	absent	-	-
f631	forward	behavioural	Everything Editable Later: the setup wizard must not create irreversible decisions	prd§20.4	wizard,editable,irreversible	2	docs/adrs/0001-markdown-as-canonical-metadata-storage.md::Consequences[1]	present	-	-
f632	forward	behavioural	No Mandatory Floor Plan: spatial visualization is a powerful capability, not an onboarding requirement	prd§20.5	floor plan,mandatory,onboarding	31	docs/deliverables/Disclosure ladder.md::What is open[4]	present	-	-
f633	forward	behavioural	Explain the Next Step: empty and incomplete states should help the user proceed	prd§20.6	empty state,next step	24	docs/components/Empty state.md::Anatomy[2]	present	-	-
f634	forward	behavioural	Preserve User Orientation: user should always know the current project	prd§20.7	orientation,current project	2	-	absent	-	-
f635	forward	behavioural	Preserve User Orientation: user should always know the current location	prd§20.7	orientation,current location	0	-	absent	-	-
f636	forward	behavioural	Preserve User Orientation: user should always know the selected spatial context	prd§20.7	orientation,spatial context	7	-	absent	-	-
f637	forward	behavioural	Progressive Complexity: advanced construction-planning concepts should remain discoverable without overwhelming basic users	prd§20.8	progressive complexity,discoverable	2	docs/deliverables/Disclosure ladder.md::The promotion rule[1]	present	-	-
f638	forward	behavioural	Local-First Transparency: project data remains stored in the Obsidian Vault and should remain inspectable where practical	prd§20.9	local-first,vault,inspectable	74	docs/adrs/0001-markdown-as-canonical-metadata-storage.md::Consequences[1]	present	-	-
f639	forward	behavioural	technical implementation concepts should not normally appear in the interface	prd§21	implementation concept,interface	16	docs/deliverables/Information Architecture.md::The naming register[4]	present	-	-
f640	forward	behavioural	concepts such as sidecar file, persistence adapter, application command, Pinia state, Konva node, serialization schema should remain hidden from the interface	prd§21	sidecar file,pinia,konva,hidden	28	docs/deliverables/Information Architecture.md::The naming register[4]	present	-	-
f641	forward	behavioural	minimal project state may include id, name, description, status, type, createdAt, updatedAt, startDate, targetEndDate	prd§22	project state,renovationproject	39	docs/entities/Project.md::Body[1]	present	-	-
f642	forward	behavioural	session state may include projectId, lastView, lastSpaceId, lastEntityId, lastOpenedAt	prd§22	session state,projectsession	5	-	absent	-	-
f643	forward	behavioural	PRD does not prescribe persistence technology	prd§22	persistence technology,not prescribed	0	-	absent	-	-
f644	forward	behavioural	an optional ribbon icon should open Renovation Planner Home	prd§23	ribbon icon,entry point	7	docs/deliverables/Sitemap.md::Entry points, and the rule about them[1]	present	-	-
f645	forward	behavioural	every major view must define an actionable empty state	prd§24	empty state,actionable	20	docs/components/Empty state.md::Body[1]	present	-	-
f646	forward	behavioural	No Projects empty state offers a Create Project action	prd§24	no projects,empty state,create project	87	docs/requirements/Start a renovation project.md::Main flow[2]	present	-	-
f647	forward	behavioural	No Spaces empty state offers Add Space and Import Floor Plan actions	prd§24	no spaces,empty state,add space,import floor plan	32	docs/components/Empty state.md::Anatomy[3]	contradictory	prd§24>>docs/components/Empty state.md::Anatomy[3]	-
f648	forward	behavioural	No Work empty state offers an Add Renovation Work action	prd§24	no work,empty state,add renovation work	100	docs/components/Empty state.md::Anatomy[2]	present	-	-
f649	forward	behavioural	No Costs empty state offers a Start Estimating action	prd§24	no costs,empty state,start estimating	107	docs/components/Empty state.md::Anatomy[2]	present	-	-
f650	forward	behavioural	empty states must help users continue rather than merely report that no data exists	prd§24	empty state,continue	21	docs/components/Empty state.md::Body[1]	present	-	-
f651	forward	behavioural	user-facing errors must explain what failed	prd§25	error handling,explain failure	6	docs/requirements/Error handling and diagnostics.md::Outcome[1]	present	-	-
f652	forward	behavioural	user-facing errors must preserve entered data where possible	prd§25	error handling,preserve data	10	docs/requirements/Start a renovation project.md::Extensions[1]	present	-	-
f653	forward	behavioural	user-facing errors must suggest recovery	prd§25	error handling,recovery	6	docs/requirements/Error handling and diagnostics.md::Outcome[1]	present	-	-
f654	forward	behavioural	user-facing errors must avoid exposing technical stack traces by default	prd§25	error handling,stack trace	5	docs/requirements/Errors, diagnostics and the test harness.md::Body[1]	present	-	-
f655	forward	behavioural	user-facing errors must never silently discard project changes	prd§25	error handling,discard changes	5	-	absent	-	-
f656	forward	behavioural	on floor plan import failure, the original file must remain unchanged	prd§25	floor plan import,error handling,file preservation	7	-	absent	-	-
f657	forward	behavioural	workspace should support keyboard navigation	prd§26	accessibility,keyboard navigation	30	docs/requirements/Accessibility.md::Body[1]	present	-	-
f658	forward	behavioural	workspace should support visible focus indicators	prd§26	accessibility,focus indicator	29	docs/requirements/Accessibility.md::Body[1]	present	-	-
f659	forward	behavioural	workspace should support readable contrast compatible with Obsidian themes	prd§26	accessibility,contrast,obsidian theme	30	docs/requirements/Accessibility.md::Body[1]	present	-	-
f660	forward	behavioural	workspace should support text labels for icon-only actions where necessary	prd§26	accessibility,icon label	29	docs/components/Tool button.md::Anatomy[1]	present	-	-
f661	forward	behavioural	workspace should support screen-reader-compatible semantic structure where practical	prd§26	accessibility,screen reader	32	docs/requirements/User Interface.md::What holds this, and what does not[1]	present	-	-
f662	forward	behavioural	no critical information should be communicated only through color	prd§26	accessibility,color	29	docs/requirements/Accessibility.md::Body[1]	present	-	-
f663	forward	behavioural	plugin should support desktop Obsidian	prd§27	responsive,desktop	5	docs/deliverables/Sitemap.md::The alternative route, and why it is also the mobile story[1]	present	-	-
f664	forward	behavioural	plugin should support constrained sidebar widths where appropriate	prd§27	responsive,sidebar width	3	-	absent	-	-
f665	forward	behavioural	plugin should support tablet-sized layouts where feasible	prd§27	responsive,tablet	3	-	absent	-	-
f666	forward	behavioural	primary project workspace may require a full workspace pane	prd§27	responsive,full pane	4	docs/requirements/User Interface.md::Body[1]	present	-	-
f667	forward	behavioural	complex visual planning functionality may have reduced usability on mobile, but project overview and basic management should degrade gracefully where feasible	prd§27	mobile,graceful degradation	7	docs/deliverables/Sitemap.md::The alternative route, and why it is also the mobile story[1]	present	-	-
f668	forward	behavioural	opening Renovation Planner Home should feel immediate	prd§28	performance,home,immediate	13	-	absent	-	-
f669	forward	behavioural	switching between already loaded project views should occur without visible blocking	prd§28	performance,view switching	2	-	absent	-	-
f670	forward	behavioural	project summaries should use derived/indexed information where necessary	prd§28	performance,derived data,indexed	28	docs/business-rules/A derived value is recomputed on read, not persisted.md::Body[1]	present	-	-
f671	forward	behavioural	navigation should not require reparsing the entire Vault where avoidable	prd§28	performance,vault parsing	2	-	absent	-	-
f672	forward	behavioural	large-project handling should be considered from the beginning	prd§28	performance,large project	5	-	absent	-	-
f673	forward	behavioural	workspace must conform to local-first principles	prd§29	local-first,privacy	5	docs/adrs/0001-markdown-as-canonical-metadata-storage.md::Context[1]	present	-	-
f674	forward	behavioural	default operation shall require no account	prd§29	privacy,account	2	-	absent	-	-
f675	forward	behavioural	default operation shall require no external analytics	prd§29	privacy,analytics	1	-	absent	-	-
f676	forward	behavioural	default operation shall require no cloud API	prd§29	privacy,cloud api	2	docs/actors/Professional planner.md::What admitting this actor would change[1]	present	-	-
f677	forward	behavioural	default operation shall require no remote project database	prd§29	privacy,remote database	1	-	absent	-	-
f678	forward	behavioural	no project information shall leave the device unless an explicitly introduced future feature requires it and the user knowingly enables it	prd§29	privacy,opt-in,data leaving device	1	-	absent	-	-
f679	forward	behavioural	project creation and navigation must not compromise Vault data	prd§30	data integrity,vault	75	docs/requirements/Start a renovation project.md::Guarantee[1]	present	-	-
f680	forward	behavioural	project initialization must be transactional where practical	prd§30	data integrity,transactional,initialization	5	docs/actors/The vault.md::What it does to the plugin[4]	present	-	-
f681	forward	behavioural	partial initialization should be detectable	prd§30	data integrity,partial initialization	4	docs/business-rules/Every persistent object carries a schema version.md::Body[2]	present	-	-
f682	forward	behavioural	invalid project structures should be recoverable	prd§30	data integrity,invalid structure,recoverable	10	docs/requirements/Validation and vault health.md::Body[2]	present	-	-
f683	forward	behavioural	existing user files must never be overwritten without explicit intent	prd§30	data integrity,overwrite,user file	19	docs/requirements/External modification handling.md::Body[1]	present	-	-
f684	forward	behavioural	project identifiers must remain stable when files are renamed where technically feasible	prd§30	data integrity,project identifier,rename	13	docs/requirements/External modification handling.md::Body[2]	present	-	-
f685	forward	behavioural	no external telemetry is required	prd§31	telemetry,privacy	1	-	absent	-	-
f686	forward	behavioural	product quality should be evaluated via manual UX testing, dogfooding, user interviews, task-completion testing, GitHub feedback, and optional locally derived debugging diagnostics	prd§31	product quality,evaluation	3	docs/requirements/User Interface.md::What holds this, and what does not[6]	present	-	-
f687	forward	behavioural	new user should be able to create a project, create or identify a space, and understand the next suggested action without consulting technical documentation	prd§32	onboarding,success metric	8	docs/requirements/Onboarding and example project.md::Outcome[1]	present	-	-
f688	forward	behavioural	after reopening Obsidian, a returning user should be able to resume meaningful work with minimal navigation	prd§32	orientation,success metric	0	-	absent	-	-
f689	forward	behavioural	users should be able to answer where they are, what project, what part of the property, and how to go back without relying on the file explorer	prd§32	navigation,success metric,file explorer	7	docs/requirements/Project dashboard and navigation.md::Outcome[1]	present	-	-
f690	forward	behavioural	a beginner must be able to use the product without understanding zones, quantity engines, work-package hierarchies, or implementation schemas	prd§32	complexity,beginner,success metric	4	docs/deliverables/Disclosure ladder.md::The promotion rule[1]	present	-	-
f691	forward	behavioural	an advanced user must still be able to access those advanced capabilities	prd§32	complexity,advanced user,success metric	7	docs/deliverables/Disclosure ladder.md::The promotion rule[3]	present	-	-
f692	forward	behavioural	Renovation Planner Home is part of the Workspace MVP scope	prd§33	mvp,renovation planner home	67	docs/deliverables/Sitemap.md::The inventory[1]	present	-	-
f693	forward	behavioural	project listing is part of the Workspace MVP scope	prd§33	mvp,project listing	66	-	absent	-	-
f694	forward	behavioural	new-project wizard is part of the Workspace MVP scope	prd§33	mvp,new project wizard	65	docs/requirements/Start a renovation project.md::Main flow[4]	present	-	-
f695	forward	behavioural	project creation is part of the Workspace MVP scope	prd§33	mvp,project creation	65	docs/requirements/Start a renovation project.md::Body[1]	present	-	-
f696	forward	behavioural	Project Home is part of the Workspace MVP scope	prd§33	mvp,project home	67	docs/requirements/Project management.md::Body[3]	present	-	-
f697	forward	behavioural	basic project summary is part of the Workspace MVP scope	prd§33	mvp,project summary	68	docs/requirements/Project management.md::Body[3]	present	-	-
f698	forward	behavioural	spaces hierarchy is part of the Workspace MVP scope	prd§33	mvp,spaces hierarchy	66	docs/requirements/Zones and spatial objects.md::Body[1]	present	-	-
f699	forward	behavioural	Room/Area Detail is part of the Workspace MVP scope	prd§33	mvp,room area detail	66	docs/requirements/Zones and spatial objects.md::Body[1]	present	-	-
f700	forward	behavioural	primary project navigation is part of the Workspace MVP scope	prd§33	mvp,primary navigation	65	docs/deliverables/Sitemap.md::The inventory[1]	present	-	-
f701	forward	behavioural	contextual breadcrumbs are part of the Workspace MVP scope	prd§33	mvp,breadcrumbs	65	-	absent	-	-
f702	forward	behavioural	project session state is part of the Workspace MVP scope	prd§33	mvp,session state	66	-	absent	-	-
f703	forward	behavioural	Continue Project is part of the Workspace MVP scope	prd§33	mvp,continue project	65	-	absent	-	-
f704	forward	behavioural	basic deterministic guidance is part of the Workspace MVP scope	prd§33	mvp,deterministic guidance	65	-	absent	-	-
f705	forward	behavioural	actionable empty states are part of the Workspace MVP scope	prd§33	mvp,empty state	76	docs/components/Empty state.md::Body[1]	present	-	-
f706	forward	behavioural	richer project dashboards are post-MVP scope	prd§34	post-mvp,dashboard	10	docs/requirements/Reporting and project cockpit.md::Body[1]	present	-	-
f707	forward	behavioural	project templates are post-MVP scope	prd§34	post-mvp,project template	2	-	absent	-	-
f708	forward	behavioural	renovation-type templates are post-MVP scope	prd§34	post-mvp,renovation type template	2	-	absent	-	-
f709	forward	behavioural	progress visualization is post-MVP scope	prd§34	post-mvp,progress visualization	4	-	absent	-	-
f710	forward	behavioural	configurable project navigation is post-MVP scope	prd§34	post-mvp,configurable navigation	2	-	absent	-	-
f711	forward	behavioural	phase management is post-MVP scope	prd§34	post-mvp,phase management	2	-	absent	-	-
f712	forward	behavioural	project health indicators are post-MVP scope	prd§34	post-mvp,health indicator	3	docs/requirements/Project health.md::Body[1]	present	-	-
f713	forward	behavioural	configurable guidance rules are post-MVP scope	prd§34	post-mvp,configurable guidance	2	-	absent	-	-
f714	forward	behavioural	completion review is post-MVP scope	prd§34	post-mvp,completion review	3	-	absent	-	-
f715	forward	behavioural	archived project browser is post-MVP scope	prd§34	post-mvp,archived project browser	2	-	absent	-	-
f716	forward	behavioural	project duplication is post-MVP scope	prd§34	post-mvp,project duplication	2	-	absent	-	-
f717	forward	behavioural	import/export is post-MVP scope	prd§34	post-mvp,import export	5	docs/requirements/Import and export.md::Body[1]	present	-	-
f718	forward	behavioural	linked Obsidian Bases views are post-MVP scope	prd§34	post-mvp,obsidian bases	25	docs/deliverables/Sitemap.md::The inventory[1]	present	-	-
f719	forward	behavioural	cross-project dashboards are post-MVP scope	prd§34	post-mvp,cross-project dashboard	3	-	absent	-	-
f720	forward	behavioural	Slice 1 success criterion: a user can create and reopen multiple renovation projects	prd§35	slice,project foundation	54	-	absent	-	-
f721	forward	behavioural	Slice 2 success criterion: a new user can bootstrap a useful project without documentation	prd§35	slice,guided creation	54	docs/requirements/Start a renovation project.md::Body[1]	present	-	-
f722	forward	behavioural	Slice 3 success criterion: opening a project provides immediate orientation	prd§35	slice,project home	59	docs/deliverables/MVP Prototype.md::Prototype Mission[1]	present	-	-
f723	forward	behavioural	Slice 4 success criterion: users can work on renovation information from the perspective of a specific room or area	prd§35	slice,spatial navigation	55	-	absent	-	-
f724	forward	behavioural	Slice 5 success criterion: returning users can resume previous work directly	prd§35	slice,continue experience	55	docs/deliverables/MVP Prototype.md::Prototype Mission[1]	present	-	-
f725	forward	behavioural	Slice 6 success criterion: the product can identify incomplete planning states and provide actionable next steps	prd§35	slice,guidance	54	-	absent	-	-
f726	forward	behavioural	Slice 7 success criterion: basic users are not exposed to unnecessary advanced construction-planning concepts	prd§35	slice,progressive disclosure	55	docs/deliverables/Disclosure ladder.md::The promotion rule[1]	present	-	-
f727	forward	behavioural	mitigation: workspace should retain Markdown-native project data	prd§36	risk mitigation,markdown data	20	docs/adrs/0001-markdown-as-canonical-metadata-storage.md::Decision[1]	present	-	-
f728	forward	behavioural	mitigation: workspace should retain file links	prd§36	risk mitigation,file link	11	docs/adrs/0001-markdown-as-canonical-metadata-storage.md::Consequences[3]	present	-	-
f729	forward	behavioural	mitigation: workspace should retain native themes	prd§36	risk mitigation,native theme	4	-	absent	-	-
f730	forward	behavioural	mitigation: workspace should retain Obsidian commands	prd§36	risk mitigation,obsidian command	19	docs/deliverables/Sitemap.md::Entry points, and the rule about them[1]	present	-	-
f731	forward	behavioural	mitigation: workspace should retain backlinks where useful	prd§36	risk mitigation,backlink	4	-	absent	-	-
f732	forward	behavioural	mitigation: workspace should retain standard workspace behavior	prd§36	risk mitigation,standard behavior	4	-	absent	-	-
f733	forward	behavioural	mitigation (wizard complexity): keep required fields minimal	prd§36	risk mitigation,wizard,minimal fields	4	-	absent	-	-
f734	forward	behavioural	mitigation (wizard complexity): allow skipping optional steps	prd§36	risk mitigation,wizard,skip step	5	-	absent	-	-
f735	forward	behavioural	mitigation (wizard complexity): let users edit everything later	prd§36	risk mitigation,wizard,editable	6	docs/adrs/0001-markdown-as-canonical-metadata-storage.md::Consequences[2]	present	-	-
f736	forward	behavioural	mitigation (wizard complexity): provide sensible defaults	prd§36	risk mitigation,wizard,default	40	docs/requirements/Start a renovation project.md::Main flow[4]	present	-	-
f737	forward	behavioural	mitigation (over-abstraction): workspace should be the default interaction model but never prevent access to underlying notes	prd§36	risk mitigation,underlying notes,access	9	docs/requirements/User Interface.md::The reference is Obsidian's own app[1]	present	-	-
f738	forward	behavioural	mitigation (premature advanced features): apply progressive disclosure systematically	prd§36	risk mitigation,progressive disclosure	7	docs/deliverables/Disclosure ladder.md::The promotion rule[1]	present	-	-
f739	forward	behavioural	mitigation (guidance becomes prescriptive): guidance remains advisory and dismissible	prd§36	risk mitigation,guidance,advisory,dismissible	4	-	absent	-	-
f740	forward	behavioural	DoD: a new user can start without documentation	prd§38	definition of done,onboarding	31	docs/requirements/Onboarding and example project.md::Outcome[1]	present	-	-
f741	forward	behavioural	DoD: multiple projects can be created and distinguished	prd§38	definition of done,multiple projects	29	-	absent	-	-
f742	forward	behavioural	DoD: users can continue existing work	prd§38	definition of done,continue	27	docs/deliverables/MVP Prototype.md::Prototype Mission[1]	present	-	-
f743	forward	behavioural	DoD: each project has a coherent home and navigation model	prd§38	definition of done,home,navigation	38	docs/requirements/Project dashboard and navigation.md::Outcome[1]	present	-	-
f744	forward	behavioural	DoD: physical areas can be browsed and selected	prd§38	definition of done,spatial navigation	28	docs/issues/The alternative list route is a Bases view.md::The decision[1]	present	-	-
f745	forward	behavioural	DoD: renovation work can be accessed in spatial context	prd§38	definition of done,renovation work,spatial context	83	docs/requirements/Zones and spatial objects.md::Body[1]	present	-	-
f746	forward	behavioural	DoD: incomplete planning states produce useful guidance	prd§38	definition of done,guidance	26	-	absent	-	-
f747	forward	behavioural	DoD: simple projects can remain simple	prd§38	definition of done,simple project	27	-	absent	-	-
f748	forward	behavioural	DoD: advanced functionality can be adopted incrementally	prd§38	definition of done,advanced functionality	26	-	absent	-	-
f749	forward	behavioural	DoD: navigation remains compatible with Obsidian conventions	prd§38	definition of done,obsidian convention	31	docs/deliverables/Sitemap.md::Entry points, and the rule about them[1]	present	-	-
f750	forward	behavioural	DoD: project information remains local-first and Vault-native	prd§38	definition of done,local-first	30	docs/adrs/0001-markdown-as-canonical-metadata-storage.md::Context[1]	present	-	-
f751	forward	behavioural	DoD: error states are recoverable	prd§38	definition of done,error recovery	26	-	absent	-	-
f752	forward	behavioural	DoD: project data is not lost during navigation or setup failures	prd§38	definition of done,data loss	27	docs/requirements/Start a renovation project.md::Guarantee[1]	present	-	-
f753	forward	behavioural	principle: project before feature	prd§39	principle,project before feature	22	docs/deliverables/Information Architecture.md::The grouping[1]	present	-	-
f754	forward	behavioural	principle: user intent before domain structure	prd§39	principle,user intent,domain structure	20	docs/deliverables/Disclosure ladder.md::The promotion rule[1]	present	-	-
f755	forward	behavioural	principle: context before configuration	prd§39	principle,context,configuration	33	docs/requirements/Start a renovation project.md::Main flow[4]	present	-	-
f756	forward	behavioural	principle: simple first, advanced later	prd§39	principle,simple,advanced	16	docs/deliverables/Disclosure ladder.md::The promotion rule[1]	present	-	-
f757	forward	behavioural	principle: guide rather than enforce	prd§39	principle,guide,enforce	18	docs/deliverables/Disclosure ladder.md::The promotion rule[3]	present	-	-
f758	forward	behavioural	principle: spatial context is a first-class navigation mechanism	prd§39	principle,spatial context,navigation	19	docs/deliverables/Sitemap.md::The routes[1]	present	-	-
f759	forward	behavioural	principle: the floor-plan editor is a tool inside the renovation workflow, not the workflow itself	prd§39	principle,floor-plan editor,renovation workflow	17	docs/issues/The plan editor is a mode, not a second view.md::The decision[1]	present	-	-
f760	forward	behavioural	principle: the user should always know where they are, what has already been done, and what they can do next	prd§39	principle,orientation	11	docs/deliverables/Disclosure ladder.md::The home surface, and IA's first open question answered[1]	present	-	-
f761a	forward	named	Golden Path	prototype§2	golden path	-	-	absent	-	requirements
f761b	forward	named	Golden Path	prototype§2	golden path	-	-	absent	-	deliverables
f762a	forward	named	Planner Home	prototype§2	planner home,screen	-	-	absent	-	requirements
f762b	forward	named	Planner Home	prototype§2	planner home,screen	-	-	absent	-	deliverables
f763a	forward	named	New Project	prototype§2	new project,wizard	-	docs/requirements/Start a renovation project.md	present	-	requirements
f763b	forward	named	New Project	prototype§2	new project,wizard	-	-	absent	-	deliverables
f764a	forward	named	Project Home	prototype§2	project home,screen	-	-	absent	-	requirements
f764b	forward	named	Project Home	prototype§2	project home,screen	-	docs/deliverables/MVP Prototype.md	present	-	deliverables
f765a	forward	named	Spaces (view)	prototype§2	spaces,view,screen	-	-	absent	-	requirements
f765b	forward	named	Spaces (view)	prototype§2	spaces,view,screen	-	-	absent	-	deliverables
f766a	forward	named	Add Work	prototype§2	add work,screen,action	-	-	absent	-	requirements
f766b	forward	named	Add Work	prototype§2	add work,screen,action	-	-	absent	-	deliverables
f767a	forward	named	Work Detail	prototype§2	work detail,screen	-	-	absent	-	requirements
f767b	forward	named	Work Detail	prototype§2	work detail,screen	-	-	absent	-	deliverables
f768a	forward	named	Continue (action)	prototype§2	continue,action	-	-	absent	-	requirements
f768b	forward	named	Continue (action)	prototype§2	continue,action	-	-	absent	-	deliverables
f769a	forward	named	Space Detail	prototype§4	space detail,screen	-	-	absent	-	requirements
f769b	forward	named	Space Detail	prototype§4	space detail,screen	-	-	absent	-	deliverables
f770a	forward	named	Add Space	prototype§4	add space,screen,action	-	-	absent	-	requirements
f770b	forward	named	Add Space	prototype§4	add space,screen,action	-	-	absent	-	deliverables
f771a	forward	named	Design (view)	prototype§4	design,view,screen	-	-	absent	-	requirements
f771b	forward	named	Design (view)	prototype§4	design,view,screen	-	-	absent	-	deliverables
f772a	forward	named	Budget (view)	prototype§4	budget,view,screen	-	-	absent	-	requirements
f772b	forward	named	Budget (view)	prototype§4	budget,view,screen	-	docs/deliverables/Sitemap.md	present	-	deliverables
f773a	forward	named	Schedule (view)	prototype§4	schedule,view,screen	-	docs/requirements/Schedule.md	present	-	requirements
f773b	forward	named	Schedule (view)	prototype§4	schedule,view,screen	-	docs/deliverables/Sitemap.md	present	-	deliverables
f774a	forward	named	Documents (view)	prototype§4	documents,view,screen	-	-	absent	-	requirements
f774b	forward	named	Documents (view)	prototype§4	documents,view,screen	-	-	absent	-	deliverables
f775	forward	named	Canonical Fixture	prototype§6	canonical fixture,fixture	-	-	absent	-	deliverables
f776	forward	named	PrototypeProject	prototype§7	prototypeproject,interface,project	-	-	absent	-	entities
f777	forward	named	PrototypeSpace	prototype§7	prototypespace,interface,space	-	-	absent	-	entities
f778	forward	named	PrototypeWorkItem	prototype§7	prototypeworkitem,interface,work item	-	-	absent	-	entities
f779	forward	named	PrototypeSession	prototype§7	prototypesession,interface,session	-	-	absent	-	entities
f780	forward	named	ProjectShell	prototype§8	projectshell,component	-	-	absent	-	components
f781	forward	named	ProjectNavigation	prototype§8	projectnavigation,component	-	-	absent	-	components
f782	forward	named	Breadcrumbs	prototype§8	breadcrumbs,component	-	-	absent	-	components
f783	forward	named	ProjectCard	prototype§8	projectcard,component	-	-	absent	-	components
f784	forward	named	MetricCard	prototype§8	metriccard,component	-	-	absent	-	components
f785	forward	named	GuidanceCard	prototype§8	guidancecard,component	-	-	absent	-	components
f786	forward	named	SpaceCard	prototype§8	spacecard,component	-	-	absent	-	components
f787	forward	named	SpaceTree	prototype§8	spacetree,component	-	-	absent	-	components
f788	forward	named	EmptyState	prototype§8	emptystate,component	-	docs/components/Empty state.md	present	-	components
f789	forward	named	StatusBadge	prototype§8	statusbadge,component	-	docs/components/Status badge.md	present	-	components
f790	forward	named	WizardShell	prototype§8	wizardshell,component	-	-	absent	-	components
f791	forward	named	WizardProgress	prototype§8	wizardprogress,component	-	-	absent	-	components
f792	forward	named	form fields (component)	prototype§8	form field,component	-	-	absent	-	components
f793	forward	named	modal (component)	prototype§8	modal,component	-	docs/components/Modal.md	present	-	components
f794	forward	named	tabs (component)	prototype§8	tab,component	-	-	absent	-	components
f795	forward	named	activity list (component)	prototype§8	activity list,component	-	-	absent	-	components
f796	forward	named	work row (component)	prototype§8	work row,component	-	-	absent	-	components
f797	forward	named	estimate summary (component)	prototype§8	estimate summary,component	-	-	absent	-	components
f798a	forward	named	Open (action)	prototype§9	open,action	-	-	absent	-	requirements
f798b	forward	named	Open (action)	prototype§9	open,action	-	-	absent	-	deliverables
f799a	forward	named	Wizard	prototype§9	wizard	-	-	absent	-	requirements
f799b	forward	named	Wizard	prototype§9	wizard	-	-	absent	-	deliverables
f800a	forward	named	Identity (wizard step)	prototype§9	identity,wizard step	-	-	absent	-	requirements
f800b	forward	named	Identity (wizard step)	prototype§9	identity,wizard step	-	-	absent	-	deliverables
f801a	forward	named	Scope (wizard step)	prototype§9	scope,wizard step	-	-	absent	-	requirements
f801b	forward	named	Scope (wizard step)	prototype§9	scope,wizard step	-	-	absent	-	deliverables
f802a	forward	named	Starting Method (wizard step)	prototype§9	starting method,wizard step	-	-	absent	-	requirements
f802b	forward	named	Starting Method (wizard step)	prototype§9	starting method,wizard step	-	-	absent	-	deliverables
f803a	forward	named	Initial Spaces (wizard step)	prototype§9	initial space,wizard step	-	-	absent	-	requirements
f803b	forward	named	Initial Spaces (wizard step)	prototype§9	initial space,wizard step	-	-	absent	-	deliverables
f804a	forward	named	Review (wizard step)	prototype§9	review,wizard step	-	-	absent	-	requirements
f804b	forward	named	Review (wizard step)	prototype§9	review,wizard step	-	-	absent	-	deliverables
f805a	forward	named	Try Again (action)	prototype§11	try again,action,recoverable error	-	-	absent	-	requirements
f805b	forward	named	Try Again (action)	prototype§11	try again,action,recoverable error	-	-	absent	-	deliverables
f806a	forward	named	Choose Another File (action)	prototype§11	choose another file,action,plan import	-	-	absent	-	requirements
f806b	forward	named	Choose Another File (action)	prototype§11	choose another file,action,plan import	-	-	absent	-	deliverables
f807a	forward	named	Continue Without Plan (action)	prototype§11	continue without plan,action,plan import	-	-	absent	-	requirements
f807b	forward	named	Continue Without Plan (action)	prototype§11	continue without plan,action,plan import	-	-	absent	-	deliverables
f808	forward	named	Usability Test Script	prototype§13	usability test script,test script	-	-	absent	-	deliverables
f809	forward	behavioural	Prototype must prove a user can start a project, establish spaces, understand Project Home, work in a room context, add work with a rough estimate, and leave/return/continue, all without understanding the underlying technical data model	prototype§1	project,space,room,estimate,data model	137	docs/deliverables/MVP Prototype.md::Mission[1]	present	-	-
f810	forward	behavioural	Prototype must build only the experience needed to answer UX questions, not the finished product	prototype§1	prototype,ux,experience	8	docs/deliverables/MVP Prototype.md::Mission[1]	present	-	-
f811	forward	behavioural	Golden Path sequence (Planner Home to New Project to project setup to Project Home to Spaces to Kitchen to Add Work to Replace Floor to Rough Estimate to Work Detail to Project Home to Planner Home to Continue to Kitchen/Replace Floor) must be supported end-to-end	prototype§2	golden path,navigation,flow	17	docs/deliverables/MVP Prototype.md::Mission[1]	present	-	-
f812	forward	behavioural	Prototype scope is fully functional for: first-use state, Planner Home, wizard, Project Home, Spaces, Space Detail, Add Space, Add Work, Work Detail, rough estimate, navigation, breadcrumbs, deterministic guidance, session restoration, and representative validation/error/empty states	prototype§4	prototype,scope,functional	23	docs/deliverables/MVP Prototype.md::Mission[1]	present	-	-
f813	forward	behavioural	Prototype scope is representative-only for Design, Budget, Schedule, Documents, and plan import/drawing entry points	prototype§4	prototype,scope,representative,design,budget,schedule,document	123	docs/issues/Budget, Schedule and Procurement are Bases views first.md::The decision[1]	present	-	-
f814	forward	behavioural	Prototype scope excludes production Markdown persistence, sidecars/migrations, full Konva editor, PDF processing, quantity engine, scheduling engine, procurement, full work-package hierarchy, accounting, and production audit/event infrastructure	prototype§4	prototype,scope,out of scope,persistence,konva,quantity engine	94	docs/requirements/Architecture and Software Design.md::The slice map[1]	present	-	-
f815	forward	behavioural	Prototype must be a functional mid-fidelity prototype with realistic navigation, forms, state, content, validation and transitions, with Obsidian-native appearance	prototype§5	prototype,fidelity,obsidian native	7	docs/deliverables/Design System.md::Mechanism[1]	present	-	-
f816	forward	behavioural	Final iconography, animation polish, production persistence, and production optimization are unnecessary for the prototype	prototype§5	prototype,iconography,animation,persistence,optimization	54	docs/deliverables/MVP Prototype.md::Techstack[1]	present	-	-
f817	forward	behavioural	PrototypeProject.status must be one of planning, in-progress, or completed	prototype§7	project,status,state	209	-	absent	-	-
f818	forward	behavioural	PrototypeSpace.type must be one of building, floor, room, outdoor, or zone	prototype§7	space,type	224	docs/deliverables/Information Architecture.md::The grouping[1]	present	-	-
f819	forward	behavioural	PrototypeSpace may have a parentId establishing a parent-child hierarchy among spaces	prototype§7	space,parent,hierarchy	168	docs/entities/Floor.md::Relationships[1]	present	-	-
f820	forward	behavioural	PrototypeWorkItem.status must be one of planned, in-progress, or done	prototype§7	work item,status,state	200	docs/requirements/Task lifecycle and dates.md::Body[1]	present	-	-
f821	forward	behavioural	PrototypeWorkItem may optionally reference a spaceId, category and estimate	prototype§7	work item,space,category,estimate	122	docs/entities/Work package.md::Relationships[1]	present	-	-
f822	forward	behavioural	PrototypeSession stores projectId, view, spaceId and entityId to represent restorable session state	prototype§7	session,restore,state	92	docs/issues/The plan editor is a mode, not a second view.md::The decision[1]	present	-	-
f823	forward	behavioural	Prototype must use Pinia plus localStorage, or an equally lightweight mock repository, for state	prototype§7	pinia,localstorage,state,repository	102	docs/adrs/0005-pinia-for-presentation-state.md::Decision[1]	present	-	-
f824	forward	behavioural	Prototype must provide a reset-fixture action for repeatable usability sessions	prototype§7	reset,fixture,usability	4	-	absent	-	-
f825	forward	behavioural	Prototype state contract is not the production domain model	prototype§7	prototype,domain model,production	31	docs/requirements/Architecture and Software Design.md::Body[1]	present	-	-
f826	forward	behavioural	Prototype must use the repository's Obsidian-native harness and Obsidian CSS variables, and must not create a separate visual language	prototype§8	obsidian,css variable,harness,visual language	86	docs/deliverables/Design System.md::The founding rule[1]	present	-	-
f827	forward	behavioural	Prototype must use a compact spacing scale of approximately 4/8/12/16/24/32 px	prototype§8	spacing,scale	14	docs/deliverables/Design System.md::Open[2]	present	-	-
f828	forward	behavioural	Prototype must use a restrained typography hierarchy	prototype§8	typography,hierarchy	13	-	absent	-	-
f829	forward	behavioural	Prototype must use native focus behavior	prototype§8	focus,native	21	docs/requirements/Accessibility.md::Body[1]	present	-	-
f830	forward	behavioural	Prototype must use theme-aware surfaces and borders	prototype§8	theme,surface,border	40	docs/components/View shell.md::Contract[1]	present	-	-
f831	forward	behavioural	Prototype must favor whitespace before excessive card decoration	prototype§8	whitespace,card,decoration	3	-	absent	-	-
f832	forward	behavioural	Open(project) always enters Project Home	prototype§9	open,project home	50	docs/deliverables/Disclosure ladder.md::The home surface[1]	present	-	-
f833	forward	behavioural	Continue(project) restores the last valid meaningful context	prototype§9	continue,restore,context	23	docs/deliverables/Disclosure ladder.md::The promotion rule[1]	present	-	-
f834	forward	behavioural	Creating an entity from within Kitchen context inherits projectId and spaceId=Kitchen	prototype§9	context,inherit,projectid,spaceid	27	docs/requirements/Create a task from context.md::Body[1]	present	-	-
f835	forward	behavioural	Prototype must not ask users to reselect known context	prototype§9	context,reselect	20	docs/requirements/Create a task from context.md::Outcome[1]	present	-	-
f836	forward	behavioural	Wizard order is Identity, Scope, Starting Method, Initial Spaces, Review	prototype§9	wizard,step,order	159	docs/requirements/Start a renovation project.md::Main flow[1]	present	-	-
f837	forward	behavioural	Wizard Back preserves state	prototype§9	wizard,back,state	109	-	absent	-	-
f838	forward	behavioural	Wizard validation is step-local	prototype§9	wizard,validation,step	40	docs/components/Inline field error.md::Contract[1]	present	-	-
f839	forward	behavioural	Wizard optional steps can be skipped	prototype§9	wizard,optional,skip	13	-	absent	-	-
f840	forward	behavioural	Wizard Cancel returns to Home	prototype§9	wizard,cancel,home	14	docs/requirements/Start a renovation project.md::Extensions[1]	present	-	-
f841	forward	behavioural	Wizard Create opens Project Home	prototype§9	wizard,create,project home	20	docs/requirements/Start a renovation project.md::Main flow[7]	present	-	-
f842	forward	behavioural	Deterministic guidance rule: when a project has no spaces, show Add your first space	prototype§9	guidance,no space,add space	12	-	absent	-	-
f843	forward	behavioural	Deterministic guidance rule: when a project has spaces but no work, show Define renovation work for Kitchen	prototype§9	guidance,space,no work,kitchen	138	docs/deliverables/Disclosure ladder.md::The ladder[1]	present	-	-
f844	forward	behavioural	Deterministic guidance rule: when work exists but is missing an estimate, show Estimate Replace Floor	prototype§9	guidance,work,missing estimate	89	docs/deliverables/Disclosure ladder.md::The ladder[1]	present	-	-
f845	forward	behavioural	Deterministic guidance rule: when work is estimated but no schedule plan exists, show Start planning your schedule	prototype§9	guidance,estimated,schedule	45	docs/deliverables/Disclosure ladder.md::The ladder[1]	present	-	-
f846	forward	behavioural	Only one dominant next action is required to be shown initially	prototype§9	guidance,dominant action	0	-	absent	-	-
f847	forward	behavioural	A work item may remain at a rough estimate (e.g. euro2500) without further refinement	prototype§9	estimate,rough,work item	49	docs/business-rules/A manual override is stored as an override, beside what it replaced.md::Rule[1]	present	-	-
f848	forward	behavioural	Refinement of an estimate can reveal area, waste, materials and labor detail	prototype§9	estimate,refinement,area,waste,material,labor	122	docs/business-rules/Waste multiplies the required quantity and stays a separate factor.md::Rule[1]	present	-	-
f849	forward	behavioural	Detailed estimation is optional	prototype§9	estimate,detailed,optional	28	docs/deliverables/Disclosure ladder.md::The ladder[1]	present	-	-
f850	forward	behavioural	Session restoration fallback order is Entity, Space, Functional View, Project Home	prototype§9	session,restoration,fallback	11	-	absent	-	-
f851	forward	behavioural	Back from Wizard returns to the previous wizard step	prototype§9	back,wizard,step	54	-	absent	-	-
f852	forward	behavioural	Back from Work Detail returns to Space Work context	prototype§9	back,work detail,space work	43	-	absent	-	-
f853	forward	behavioural	Back from Space Detail returns to Spaces	prototype§9	back,space detail,spaces	44	-	absent	-	-
f854	forward	behavioural	Back from Project Home returns to Planner Home	prototype§9	back,project home,planner home	38	-	absent	-	-
f855	forward	behavioural	Prototype must preserve normal Obsidian history navigation where practical	prototype§9	back,obsidian,history	110	docs/deliverables/Sitemap.md::The reference is Obsidian's own app[1]	present	-	-
f856	forward	behavioural	Conceptual routes include /projects, /project/:projectId, spaces, space/:spaceId, space/:spaceId/work, work/:workId, design, budget, schedule and documents	prototype§10	route,project,space,work,design,budget,schedule,document	184	docs/deliverables/Sitemap.md::The inventory[1]	present	-	-
f857	forward	behavioural	Equivalent state-driven navigation is acceptable in place of literal routes if it remains predictable and restorable	prototype§10	routing,state driven,navigation,predictable,restorable	10	docs/issues/The plan editor is a mode, not a second view.md::The decision[1]	present	-	-
f858	forward	behavioural	Prototype must provide populated, empty, loading, validation-error and recoverable-error states for foundation screens	prototype§11	state,populated,empty,loading,validation error,recoverable error	97	docs/components/Empty state.md::States[1]	present	-	-
f859	forward	behavioural	Prototype must validate at least missing project name, missing work title, and invalid rough estimate	prototype§11	validation,project name,work title,estimate	76	docs/requirements/Start a renovation project.md::Extensions[1]	present	-	-
f860	forward	behavioural	Prototype must provide one recoverable plan-import failure state offering Try Again, Choose Another File, and Continue Without Plan	prototype§11	plan import,failure,recoverable,try again	50	docs/requirements/Start a renovation project.md::Guarantee[1]	present	-	-
f861	forward	behavioural	For destructive actions, the prototype must explain impact rather than merely asking Are you sure	prototype§11	destructive action,confirm,impact	12	docs/components/Modal.md::Anatomy[1]	present	-	-
f862	forward	behavioural	Prototype must preserve project identity and context before secondary metrics under responsive constraints	prototype§12	responsive,identity,context,metric	67	-	absent	-	-
f863	forward	behavioural	Primary navigation must collapse when necessary under responsive constraints	prototype§12	responsive,navigation,collapse	13	docs/components/Left rail.md::States[1]	present	-	-
f864	forward	behavioural	Space cards may become a list/tree under responsive constraints	prototype§12	responsive,space card,list,tree	85	docs/components/Left rail.md::Anatomy[1]	present	-	-
f865	forward	behavioural	Prototype must avoid ordinary horizontal scrolling	prototype§12	responsive,horizontal scroll	4	-	absent	-	-
f866	forward	behavioural	All primary actions must be keyboard reachable	prototype§12	accessibility,keyboard,primary action	33	docs/requirements/Accessibility.md::Body[1]	present	-	-
f867	forward	behavioural	Dialog focus must be trapped and restored	prototype§12	accessibility,dialog,focus trap	32	docs/components/Modal.md::Accessibility[1]	present	-	-
f868	forward	behavioural	Icon-only actions must have accessible names	prototype§12	accessibility,icon only,accessible name	29	docs/components/Tool button.md::Anatomy[1]	present	-	-
f869	forward	behavioural	Status must never rely on color alone	prototype§12	accessibility,status,color	168	docs/requirements/State visualization.md::Body[1]	present	-	-
f870	forward	behavioural	Prototype must respect Obsidian theme contrast and font sizing	prototype§12	accessibility,obsidian,theme,contrast,font	92	docs/components/View shell.md::Contract[1]	present	-	-
f871	forward	behavioural	Prototype succeeds if a first-time participant can start a project without documentation	prototype§14	prototype,success,start project,documentation	46	docs/requirements/Onboarding and example project.md::Outcome[1]	present	-	-
f872	forward	behavioural	Prototype succeeds if a first-time participant can choose no-plan setup confidently	prototype§14	prototype,success,no plan,setup	124	docs/entities/Space.md::Rules[1]	present	-	-
f873	forward	behavioural	Prototype succeeds if a first-time participant can create/use initial spaces	prototype§14	prototype,success,initial space	5	docs/entities/Space.md::Body[1]	present	-	-
f874	forward	behavioural	Prototype succeeds if a first-time participant can understand Project Home	prototype§14	prototype,success,project home	12	docs/requirements/Project dashboard and navigation.md::Outcome[1]	present	-	-
f875	forward	behavioural	Prototype succeeds if a first-time participant can find Kitchen	prototype§14	prototype,success,find,kitchen	22	-	absent	-	-
f876	forward	behavioural	Prototype succeeds if a first-time participant can create Replace Floor as a work item	prototype§14	prototype,success,replace floor,work item	43	docs/requirements/Work package creation and scope.md::Outcome[1]	present	-	-
f877	forward	behavioural	Prototype succeeds if a first-time participant can add a euro2500 estimate	prototype§14	prototype,success,estimate	21	docs/requirements/Cost items and price components.md::Outcome[1]	present	-	-
f878	forward	behavioural	Prototype succeeds if a first-time participant can return to Project Home	prototype§14	prototype,success,return,project home	15	docs/deliverables/Disclosure ladder.md::The home surface[1]	present	-	-
f879	forward	behavioural	Prototype succeeds if a first-time participant can leave and return to the project	prototype§14	prototype,success,leave,return	24	docs/requirements/Start a renovation project.md::Guarantee[1]	present	-	-
f880	forward	behavioural	Prototype succeeds if a first-time participant can use Continue to restore meaningful context	prototype§14	prototype,success,continue,restore,context	25	docs/deliverables/Disclosure ladder.md::The promotion rule[1]	present	-	-
f881	forward	behavioural	No Golden Path step may require understanding Markdown, YAML, sidecars, zones, work packages, quantity engines, or implementation terminology	prototype§14	golden path,markdown,yaml,sidecar,zone,work package,quantity engine,implementation terminology	130	docs/actors/Private renovator.md::Body[2]	present	-	-
f882	forward	behavioural	Exit criterion: Golden Path works end-to-end	prototype§15	exit criteria,golden path,end to end	3	-	absent	-	-
f883	forward	behavioural	Exit criterion: major navigation labels test successfully	prototype§15	exit criteria,navigation label	1	-	absent	-	-
f884	forward	behavioural	Exit criterion: wizard length is validated	prototype§15	exit criteria,wizard,length	15	-	absent	-	-
f885	forward	behavioural	Exit criterion: Spaces vs Design distinction is resolved	prototype§15	exit criteria,space,design	114	docs/deliverables/Information Architecture.md::Open[1]	present	-	-
f886	forward	behavioural	Exit criterion: Open vs Continue is validated	prototype§15	exit criteria,open,continue	46	docs/deliverables/Disclosure ladder.md::The home surface[1]	present	-	-
f887	forward	behavioural	Exit criterion: context inheritance is predictable	prototype§15	exit criteria,context,inheritance	20	docs/requirements/Create a task from context.md::Body[1]	present	-	-
f888	forward	behavioural	Exit criterion: Project Home guidance is useful	prototype§15	exit criteria,project home,guidance	9	docs/deliverables/Disclosure ladder.md::The ladder[1]	present	-	-
f889	forward	behavioural	Exit criterion: rough estimate interaction is sufficient	prototype§15	exit criteria,rough estimate	1	docs/deliverables/MVP Prototype.md::Mission[1]	present	-	-
f890	forward	behavioural	Exit criterion: critical empty/error states are understandable	prototype§15	exit criteria,empty state,error state	29	docs/components/Empty state.md::Anatomy[1]	present	-	-
f891	forward	behavioural	Exit criterion: findings are fed back into PRD, UXD, wireframes and SDD	prototype§15	exit criteria,prd,uxd,wireframe,sdd	129	-	absent	-	-
f892	forward	behavioural	Prototype implementation convenience must not be used as justification for production architecture	prototype§16	prototype,production,architecture,guardrail	27	docs/deliverables/MVP Prototype.md::Mission[1]	present	-	-
f893	forward	behavioural	Prototype may use simplified state, fixtures and mocked capabilities	prototype§16	prototype,simplified,fixture,mock	7	docs/deliverables/MVP Prototype.md::Techstack[1]	present	-	-
f894	forward	behavioural	Production domain, persistence, eventing and rendering decisions remain governed by the SDD	prototype§16	production,domain,persistence,eventing,rendering,sdd	116	docs/requirements/Architecture and Software Design.md::Body[2]	present	-	-
f895	forward	behavioural	First use of the product must be self-explanatory, requiring no outside explanation	prototype§3	first use,self-explanatory,onboarding	65	docs/requirements/Onboarding and example project.md::Body[1]	present	-	-
f896	forward	behavioural	The wizard must not be too long	prototype§3	wizard,length	15	-	absent	-	-
f897	forward	behavioural	No-plan setup must feel like a first-class path, not a lesser or degraded option	prototype§3	no-plan,setup,first-class	124	docs/entities/Space.md::Rules[1]	present	-	-
f898	forward	behavioural	Project Home must be useful as the default entry point	prototype§3	project home,default entry	13	docs/deliverables/Disclosure ladder.md::The home surface[1]	present	-	-
f899	forward	behavioural	Spaces and Design must be clearly distinct to the user	prototype§3	space,design,distinct	123	docs/deliverables/Information Architecture.md::Open[1]	present	-	-
f900	forward	behavioural	The user must understand spatial context while using the product	prototype§3	spatial context,understand	16	-	absent	-	-
f901	forward	behavioural	Contextual creation must feel predictable to users	prototype§3	contextual creation,predictable	1	-	absent	-	-
f902	forward	behavioural	Work must be able to start simple and become detailed later	prototype§3	work,simple,detailed,progressive	90	docs/deliverables/Disclosure ladder.md::The ladder[1]	present	-	-
f903	forward	behavioural	A rough estimate must be sufficient as an initial value	prototype§3	rough estimate,sufficient,initial	15	docs/deliverables/MVP Prototype.md::Mission[1]	present	-	-
f904	forward	behavioural	Next-best-action guidance must be useful to users	prototype§3	next-best-action,guidance,useful	15	docs/requirements/User Experience.md::The job[1]	present	-	-
f905	forward	behavioural	The distinction between Open and Continue must be understandable to users	prototype§3	open,continue,understandable	48	docs/deliverables/Disclosure ladder.md::The home surface[1]	present	-	-
f906	forward	behavioural	Restored context must feel helpful to the user	prototype§3	restored context,helpful	0	-	absent	-	-
f907	forward	behavioural	The golden path must not cause user hesitation	prototype§13	hesitation,golden path,usability	0	-	absent	-	-
f908	forward	behavioural	Navigation must not lead users into wrong turns during the golden path	prototype§13	navigation,wrong turn,golden path	8	docs/requirements/Project dashboard and navigation.md::Outcome[1]	present	-	-
f909	forward	behavioural	UI terminology must be clear enough that users do not need to ask what terms mean	prototype§13	terminology,clarity,usability	0	-	absent	-	-
f910	forward	behavioural	The golden path should not require unplanned navigation reversals	prototype§13	navigation,reversal,golden path	8	-	absent	-	-
f911	forward	behavioural	Context changes triggered by the product must not be unexpected to users	prototype§13	context,change,unexpected	78	docs/deliverables/Disclosure ladder.md::The promotion rule[1]	present	-	-
f912	forward	behavioural	Guidance (next-best-action) must be noticed by users	prototype§13	guidance,notice,next-best-action	9	-	absent	-	-
f913	forward	behavioural	The distinction between Open and Continue must be understood by users	prototype§13	open,continue,understand	52	docs/deliverables/Disclosure ladder.md::The home surface[1]	present	-	-
f914	forward	named	First-Time Home Renovator (user segment)	research§4.1	first-time renovator,segment,persona,homeowner	-	-	absent	-	actors
f915	forward	named	Serious DIY Renovator (user segment)	research§4.2	diy renovator,segment,persona,homeowner	-	-	absent	-	actors
f916	forward	named	Hybrid Homeowner / Trade Coordinator (user segment)	research§4.3	hybrid homeowner,trade coordinator,segment,persona	-	-	absent	-	actors
f917	forward	named	Contractor-Led Homeowner (user segment)	research§4.4	contractor-led homeowner,segment,persona	-	-	absent	-	actors
f918	forward	named	Long-Term Property Owner (user segment)	research§4.5	long-term property owner,segment,persona	-	-	absent	-	actors
f919a	forward	named	Project Home	research§6	project home,dashboard,navigation	-	-	absent	-	requirements
f919b	forward	named	Project Home	research§6	project home,dashboard,navigation	-	docs/deliverables/MVP Prototype.md	present	-	deliverables
f920	forward	named	Next-Best-Action	research§6	next-best-action,next action,guidance	-	-	absent	-	entities
f921	forward	named	Import Plan (project entry mode)	research§7	import plan,floor plan,entry mode	-	-	absent	-	entities
f922	forward	named	Draw Plan (project entry mode)	research§7	draw plan,floor plan,entry mode	-	-	absent	-	entities
f923	forward	named	Structure Spaces Without Plan (project entry mode)	research§7	structure spaces without plan,no floor plan,entry mode	-	-	absent	-	entities
f924	forward	named	Open vs Continue (navigation concept)	research§25	open,continue,navigation,project	-	-	absent	-	entities
f925	forward	named	Spaces and Design as separate concepts	research§25	space,design,concept	-	-	absent	-	entities
f926	forward	named	Budget ceiling (financial model concept)	research§9	budget ceiling,budget,financial model	-	-	absent	-	entities
f927	forward	named	Opportunity 1: Unified Context Model	research§24	unified context model,opportunity	-	-	absent	-	deliverables
f928	forward	named	Opportunity 2: Budget & Scope Control	research§24	budget,scope,control,opportunity	-	-	absent	-	deliverables
f929	forward	named	Opportunity 3: Simple Homeowner Project Guidance	research§24	guidance,homeowner,opportunity	-	-	absent	-	deliverables
f930	forward	named	Opportunity 4: Contractor/Trade Coordination Without CRM	research§24	contractor,trade,coordination,crm,opportunity	-	-	absent	-	deliverables
f931	forward	named	Opportunity 5: Contextual Evidence Capture	research§24	evidence,capture,context,opportunity	-	-	absent	-	deliverables
f932	forward	named	Opportunity 6: Unexpected Work / Change Management	research§24	unexpected work,change management,opportunity	-	-	absent	-	deliverables
f933	forward	named	Opportunity 7: Long-Term As-Built Property Record	research§24	as-built,property record,opportunity	-	-	absent	-	deliverables
f934	forward	named	Opportunity 8: Collaboration / Partner Participation	research§24	collaboration,partner,opportunity	-	-	absent	-	deliverables
f935	forward	named	Opportunity 9: Advanced 3D Visualization	research§24	3d,visualization,opportunity	-	-	absent	-	deliverables
f936	forward	named	PAIN-001 Renovation information is fragmented	research§30	pain-001,fragmentation,information	-	-	absent	-	deliverables
f937	forward	named	PAIN-002 Budget becomes stale	research§30	pain-002,budget,stale	-	-	absent	-	deliverables
f938	forward	named	PAIN-003 Contractor quotes are not itemized enough	research§30	pain-003,contractor,quote,itemize	-	-	absent	-	deliverables
f939	forward	named	PAIN-004 Scope changes are poorly documented	research§30	pain-004,scope,change,documentation	-	-	absent	-	deliverables
f940	forward	named	PAIN-005 Receipts lose project context	research§30	pain-005,receipt,context	-	-	absent	-	deliverables
f941	forward	named	PAIN-006 Camera roll becomes unsearchable	research§30	pain-006,photo,camera roll,search	-	-	absent	-	deliverables
f942	forward	named	PAIN-007 Users spend too much time configuring tracking systems	research§30	pain-007,setup,configuration	-	-	absent	-	deliverables
f943	forward	named	PAIN-008 Partner adoption is low	research§30	pain-008,partner,adoption,collaboration	-	-	absent	-	deliverables
f944	forward	named	PAIN-009 Floor-plan tools are over-complex or over-featured	research§30	pain-009,floor plan,complexity	-	-	absent	-	deliverables
f945	forward	named	PAIN-010 Floor-plan import/export is unreliable	research§30	pain-010,floor plan,import,export	-	-	absent	-	deliverables
f946	forward	named	PAIN-011 Users cannot easily connect spatial plans to project work	research§30	pain-011,floor plan,work,space	-	-	absent	-	deliverables
f947	forward	named	PAIN-012 Contractor conversations are not recorded	research§30	pain-012,contractor,conversation,record	-	-	absent	-	deliverables
f948	forward	named	PAIN-013 Responsibility between DIY and trades is unclear	research§30	pain-013,diy,trade,responsibility	-	-	absent	-	deliverables
f949	forward	named	PAIN-014 Material procurement becomes disconnected from schedule	research§30	pain-014,material,procurement,schedule	-	-	absent	-	deliverables
f950	forward	named	PAIN-015 Unexpected work destroys estimates	research§30	pain-015,unexpected work,estimate	-	-	absent	-	deliverables
f951	forward	named	PAIN-016 Users cannot see cost impact of choices	research§30	pain-016,cost,decision,impact	-	-	absent	-	deliverables
f952	forward	named	PAIN-017 Users do not know the next sensible step	research§30	pain-017,next step,guidance	-	-	absent	-	deliverables
f953	forward	named	PAIN-018 Professional software is excessive for homeowners	research§30	pain-018,professional software,homeowner	-	-	absent	-	deliverables
f954	forward	named	PAIN-019 Generic tools lack renovation semantics	research§30	pain-019,generic tool,renovation semantics	-	-	absent	-	deliverables
f955	forward	named	PAIN-020 As-built knowledge is lost after completion	research§30	pain-020,as-built,knowledge,completion	-	-	absent	-	deliverables
f956	forward	named	Product Principle: Project Before Feature	research§31	project before feature,principle	-	-	absent	-	deliverables
f957	forward	named	Product Principle: Context Before Configuration	research§31	context before configuration,principle	-	-	absent	-	deliverables
f958	forward	named	Product Principle: Start Simple	research§31	start simple,principle	-	-	absent	-	deliverables
f959	forward	named	Product Principle: Progressive Complexity	research§31	progressive complexity,principle	-	-	absent	-	deliverables
f960	forward	named	Product Principle: No Mandatory Floor Plan	research§31	no mandatory floor plan,principle	-	-	absent	-	deliverables
f961	forward	named	Product Principle: Guide Rather Than Enforce	research§31	guide rather than enforce,principle	-	-	absent	-	deliverables
f962	forward	named	Product Principle: Local / Open Data as Trust Feature	research§31	local data,open data,trust,principle	-	-	absent	-	deliverables
f963	forward	named	Product Principle: Preserve History	research§31	preserve history,principle	-	-	absent	-	deliverables
f964	forward	behavioural	Product must provide a coherent homeowner workspace that preserves context across the full renovation lifecycle, not merely better task management or a better floor-plan editor	research§1	workspace,context,renovation lifecycle,homeowner	50	docs/deliverables/MVP Prototype.md::Prototype Mission[2]	present	-	-
f965	forward	behavioural	Product must support guided incompleteness: let users capture partial project knowledge, surface the next useful decision, and refine over time rather than requiring complete information up front	research§6	guided incompleteness,next decision,progressive disclosure	10	docs/deliverables/Disclosure ladder.md::The ladder[1]	present	-	-
f966	forward	behavioural	Product must support multiple project entry modes (import an existing plan, draw a plan, or structure spaces without a plan) so users can start from whatever property information they already have	research§7	entry mode,floor plan,import,draw,space	111	docs/requirements/Plans and background import.md::Outcome[1]	present	-	-
f967	forward	behavioural	Plan sophistication must not be treated as synonymous with project sophistication; a project with no or a simple floor plan must remain fully usable	research§7	floor plan,plan sophistication,project	87	docs/entities/Space.md::Rules[2]	present	-	-
f968	forward	behavioural	Floor-plan data should support interoperability and open storage, avoiding proprietary lock-in, as a potential differentiator	research§7	floor plan,interoperability,open storage,export	32	docs/requirements/Import and export.md::Outcome[1]	present	-	-
f969	forward	behavioural	Scope and change must be first-class concepts in the product's data model, not left to generic task or note structures	research§8	scope,change,first-class concept	82	docs/business-rules/A change is a state on an object, not a second object.md::The rule[1]	present	-	-
f970	forward	behavioural	Product must distinguish original/baseline scope from a proposed change and an approved change	research§8	baseline scope,proposed change,approved change	5	docs/requirements/Immutable approved revisions.md::Immutable approved revisions[1]	present	-	-
f971	forward	behavioural	Product must compute a cost delta when a scope change is proposed	research§8	scope change,cost delta	8	-	absent	-	-
f972	forward	behavioural	Product must compute a schedule impact/delta when a scope change is proposed	research§8	scope change,schedule delta,schedule impact	12	docs/requirements/Impact analysis.md::Outcome[1]	present	-	-
f973	forward	behavioural	A scope change must go through an explicit approve/reject decision, and only an approved change updates the project	research§8	scope change,decision,approve,reject	60	docs/entities/Scenario.md::Scenario[4]	present	-	-
f974	forward	behavioural	Product must model cost as layered stages: budget ceiling, rough estimate, detailed estimate, quotation, committed purchase/contract, actual invoice/receipt	research§9	budget ceiling,estimate,quotation,invoice,cost model	77	docs/entities/Cost item.md::Cost item[2]	present	-	-
f975	forward	behavioural	Product must preserve earlier estimate/budget values rather than overwrite them, so variance between stages remains understandable	research§9	budget,estimate,variance,history	67	docs/requirements/Planned versus actual cost.md::Planned versus actual cost[1]	present	-	-
f976	forward	behavioural	Cost must be attributable across multiple dimensions: project, space, trade, work, material/product and phase	research§9	cost,project,space,trade,work,phase	185	docs/business-rules/A cost rollup is derived along its axis, never stored.md::The rule[1]	present	-	-
f977	forward	behavioural	Users must be able to start a budget rough and refine it to become accurate over time, rather than being required to estimate everything precisely before beginning	research§9	budget,rough estimate,refine	53	docs/entities/Cost item.md::Cost item[2]	present	-	-
f978	forward	behavioural	The product's core architecture must be a relationship/context model connecting entities such as photo, space, work, contractor, decision and invoice, rather than being organized primarily as isolated features	research§10	relationship model,context,photo,space,work,contractor,decision,invoice	164	docs/deliverables/Information Architecture.md::Where a fact lives[1]	present	-	-
f979	forward	behavioural	Product must provide renovation-specific structure/scaffolding automatically so users are not required to design their own schema before use	research§11	scaffolding,structure,setup,schema	26	docs/requirements/Start a renovation project.md::Main flow[6]	present	-	-
f980	forward	behavioural	Data must remain editable and open, with progressive complexity, rather than requiring upfront software configuration before a renovation can be tracked	research§11	editable data,open data,progressive complexity,configuration	24	docs/adrs/0001-markdown-as-canonical-metadata-storage.md::Consequences[1]	present	-	-
f981	forward	behavioural	Product must offer construction-aware homeowner planning (property hierarchy, quantities, costs, scope, trades, schedule, procurement) without introducing contractor-business features such as CRM, lead management, proposals, client portals, accounting/margins or subcontractor administration	research§12	construction-aware planning,homeowner,crm,business feature	7	-	absent	-	-
f982	forward	behavioural	The homeowner must remain the primary actor; trade/professional concepts are included only insofar as they help the homeowner plan and coordinate the renovation	research§12	homeowner,primary actor,trade,professional	41	docs/actors/Professional planner.md::Professional planner[1]	present	-	-
f983	forward	behavioural	The spatial/floor-plan editor must optimize for renovation decisions (accurate enough, editable, fast, linked to rooms/zones/work) rather than maximizing rendering/visualization sophistication	research§13	spatial editor,floor plan,decision,room,zone,work	157	docs/requirements/Plan editor.md::Plan editor[1]	present	-	-
f984	forward	behavioural	Every visual/spatial feature must be justified by which renovation decision it helps the user make	research§13	visual feature,spatial feature,decision,justification	76	docs/requirements/Plan editor.md::Plan editor[1]	present	-	-
f985	forward	behavioural	Product must design for shareable outputs and low-friction participation (contractor scope exports, printable room briefs, shopping lists, decision summaries, project snapshots, partner-friendly dashboards) even before supporting real-time collaboration	research§14	shareable output,export,room brief,shopping list,decision summary,collaboration	18	docs/requirements/Project summary export.md::Outcome[1]	present	-	-
f986	forward	behavioural	Real-time multi-user collaboration must not be assumed as a default feature and should be validated with dedicated research before major investment, given Obsidian's personal/local nature	research§14	collaboration,real-time,validation	26	docs/actors/Professional planner.md::What admitting this actor would change[1]	present	-	-
f987	forward	behavioural	For each trade, the product must record the scope of work that trade is responsible for	research§15	trade,scope,responsible work	51	docs/requirements/Trade assignment.md::Outcome[1]	present	-	-
f988	forward	behavioural	For each trade, the product must track prerequisites that trade needs before starting or arriving on site	research§15	trade,prerequisite,schedule	60	docs/entities/Dependency.md::Dependency[2]	present	-	-
f989	forward	behavioural	For each trade, the product must maintain notes/meeting records and associated documents so agreements do not rely on contractors 'remembering' verbal conversations	research§15	trade,notes,meeting,document,agreement	131	-	absent	-	-
f990	forward	behavioural	When a user adds evidence (receipt, quote, invoice, photo), the product must support contextual capture that pre-links it to project, room, work item and supplier/product at the point of capture	research§16	evidence,receipt,contextual capture,room,work,supplier	126	docs/requirements/Spatial photo references.md::Outcome[1]	present	-	-
f991	forward	behavioural	Evidence storage must remain durable and open (not hidden inside a proprietary database), leveraging Obsidian's file model	research§16	evidence,durable storage,open file,obsidian	97	docs/requirements/Documents, photos and evidence.md::Definition of done[3]	present	-	-
f992	forward	behavioural	Photos must support structured metadata/context (space, zone, work item, date, phase, before/during/after, hidden-infrastructure flag, issue, decision) so they remain findable and meaningful months or years later	research§17	photo,metadata,space,zone,phase,hidden infrastructure	100	docs/entities/Photo.md::Relationships[3]	present	-	-
f993	forward	behavioural	Product must let users flag/capture hidden infrastructure (wiring, pipes) at photo-capture time so it can be located later without opening walls	research§17	photo,hidden infrastructure,wiring,pipe	25	-	absent	-	-
f994	forward	behavioural	When unexpected/discovered work occurs, the product must preserve its relationship to the original scope, affected room, cause, cost delta, schedule impact, decision and evidence rather than becoming an untracked generic task	research§18	unexpected work,scope,cost delta,schedule impact,evidence	45	docs/requirements/Existing state, planned change and as-built.md::Existing state, planned change and as-built[2]	present	-	-
f995	forward	behavioural	At project completion, the product must produce an as-built property record per room (what changed, products installed, material/paint references, concealed-services photos, invoices, warranties, contractor, maintenance notes) rather than simply closing out tasks	research§19	as-built record,completion,room,warranty,maintenance	53	docs/requirements/As-built documentation.md::As-built documentation[1]	present	-	-
f996	forward	behavioural	Renovation information must remain useful and retained well beyond project completion, supporting warranty claims, disputes, repairs, future work, resale and insurance	research§19	retention,warranty,dispute,resale,insurance	6	docs/requirements/Documents, photos and evidence.md::Definition of done[5]	present	-	-
f997	forward	behavioural	Product must surface which work items are currently blocked	research§21	work,blocked,status	188	docs/business-rules/A dependency is allowed only between five pairs of things.md::The rule[2]	present	-	-
f998	forward	behavioural	Product must surface what materials/products need to be ordered before related work can begin	research§21	material,procurement,order,work,dependency	199	docs/entities/Procurement item.md::Procurement item[3]	present	-	-
f999	forward	behavioural	When a user adds an item while viewing a specific space, the product must default that space as the item's context automatically rather than requiring re-selection	research§21	space,context,default,contextual creation	109	docs/requirements/Create a task from context.md::Outcome[1]	present	-	-
f1000	forward	behavioural	Product must externalize the user's memory of decisions, conversations, orders, receipts and material choices rather than relying on the user to remember them	research§22	memory,decision,receipt,material choice	59	docs/entities/Decision.md::Decision[2]	present	-	-
f1001	forward	behavioural	Product must be able to produce professional-looking, homeowner-owned shareable artifacts (room scope brief, quotation comparison, work list, materials list, decision summary)	research§23	room scope brief,quotation comparison,work list,materials list,decision summary	45	-	absent	-	-
f1002	forward	behavioural	Product must present one coherent renovation project as the primary context rather than being organized as a set of disconnected features	research§31	project,coherent context,feature	158	docs/business-rules/Every entity resolves to exactly one project.md::The rule[1]	present	-	-
f1003	forward	behavioural	Product must minimize manual re-linking between records; relationships should be established contextually/automatically rather than through configuration, to prevent data decay	research§31	context,configuration,re-linking,data decay	28	-	absent	-	-
f1004	forward	behavioural	Product must start simple by default and avoid overwhelming complexity, since users reject over-complex applications	research§31	simplicity,complexity,default	39	docs/deliverables/Disclosure ladder.md::The ladder[1]	present	-	-
f1005	forward	behavioural	Product must support progressive complexity, letting the level of detail grow from uncertain/rough to precise as the renovation evolves	research§31	progressive complexity,detail,rough,precise	12	docs/deliverables/Disclosure ladder.md::The ladder[1]	present	-	-
f1006	forward	behavioural	Floor plan/spatial modeling must not be mandatory and must not require complex 3D	research§31	floor plan,mandatory,3d	26	docs/entities/Space.md::Rules[2]	present	-	-
f1007	forward	behavioural	Product must guide first-time users while giving experienced users flexibility, rather than enforcing one rigid workflow for everyone	research§31	guidance,flexibility,workflow,first-time user	13	docs/deliverables/Disclosure ladder.md::The promotion rule[1]	present	-	-
f1008	forward	behavioural	Product data must remain local and open (usable outside the plugin) as a trust feature that reduces lock-in anxiety, especially for the Obsidian-user segment	research§31	local data,open data,trust,lock-in	23	docs/actors/The vault.md::The vault[2]	present	-	-
f1009	forward	behavioural	Product must preserve history: scope, decisions and cost must not be overwritten without leaving a trace of their earlier state	research§31	history,scope,decision,cost,trace	128	docs/business-rules/Each cost type has exactly one source of record.md::The rule[1]	present	-	-
f1009a	forward	behavioural	The primary user journey runs from opening the plugin through create-or-continue, Project Home, modelling property and spaces, defining the renovation, planning work, estimating costs, scheduling, execution, tracking, completion and archival	uxd§4	primary user journey,lifecycle,sequence	45	docs/deliverables/Disclosure ladder.md::The ladder[1]	present	-	-
f1009b	forward	behavioural	Opening Renovation Planner branches on whether an existing project exists	uxd§4	existing project,open,create project	57	docs/requirements/Onboarding and example project.md::Body[1]	present	-	-
f1009c	forward	behavioural	The create path and the continue-or-open path both converge on Project Home	uxd§4	project home,entry,convergence	18	docs/requirements/Start a renovation project.md::Main flow[7]	present	-	-
f1009d	forward	behavioural	Modelling property and spaces precedes defining the renovation	uxd§4	model property,spaces,define renovation	24	docs/deliverables/Disclosure ladder.md::The ladder[1]	present	-	-
f1009e	forward	behavioural	Work planning precedes cost estimation in the primary user journey	uxd§4	estimate costs,schedule,plan work	77	docs/deliverables/Disclosure ladder.md::What each rung means concretely[2]	contradictory	uxd§4>>docs/deliverables/Disclosure ladder.md::What each rung means concretely[2]	-
f1009f	forward	behavioural	Execution and tracking follow scheduling in the primary user journey	uxd§4	execute,track,complete	8	docs/deliverables/Disclosure ladder.md::What each rung means concretely[5]	present	-	-
f1009g	forward	behavioural	The primary user journey terminates in Complete and Archive states	uxd§4	archive,archival,terminal	2	-	absent	-	-
f1010	forward	named	Portfolio Context (top-level navigational scope)	uxd§5	portfolio-context	-	-	absent	-	entities
f1011	forward	named	Project Context (top-level navigational scope)	uxd§5	project-context	-	-	absent	-	entities
f1012	forward	named	Recent Projects (portfolio-level navigation item)	uxd§5	recent-project,portfolio	-	-	absent	-	components
f1013	forward	named	Navigation Model: three cooperating dimensions (project, spatial, context navigation)	uxd§7	navigation,project-navigation,spatial-navigation,context-navigation	-	-	absent	-	entities
f1014	forward	named	Breadcrumbs (interactive location trail)	uxd§7	breadcrumb,navigation	-	-	absent	-	components
f1015	forward	named	Project lifecycle states: Active, Completed, Archived	uxd§6	project,active,completed,archived,lifecycle-state	-	-	absent	-	entities
f1016	forward	named	Zone (spatial hierarchy entity)	uxd§6	zone,spatial-hierarchy	-	docs/entities/Zone.md	present	-	entities
f1017	forward	named	Garage (top-level space type)	uxd§6	garage,space-type	-	-	absent	-	entities
f1018	forward	named	Outdoor Area (top-level space type: Garden, Terrace, Other Area)	uxd§6	outdoor-area,garden,terrace	-	docs/entities/Outdoor area.md	present	-	entities
f1019a	forward	named	Settings (global, top of app)	uxd§6	settings,global	-	-	absent	-	requirements
f1019b	forward	named	Settings (global, top of app)	uxd§6	settings,global	-	docs/deliverables/Sitemap.md	present	-	deliverables
f1020a	forward	named	First-Use Empty State (screen)	uxd§28	first-use,empty-state,screen	-	-	absent	-	requirements
f1020b	forward	named	First-Use Empty State (screen)	uxd§28	first-use,empty-state,screen	-	-	absent	-	deliverables
f1021a	forward	named	Renovation Planner Home (screen)	uxd§28	renovation-planner-home,screen	-	-	absent	-	requirements
f1021b	forward	named	Renovation Planner Home (screen)	uxd§28	renovation-planner-home,screen	-	-	absent	-	deliverables
f1022a	forward	named	New Project Wizard (screen)	uxd§28	new-project-wizard,screen	-	-	absent	-	requirements
f1022b	forward	named	New Project Wizard (screen)	uxd§28	new-project-wizard,screen	-	-	absent	-	deliverables
f1023a	forward	named	Project Home (screen)	uxd§28	project-home,screen	-	-	absent	-	requirements
f1023b	forward	named	Project Home (screen)	uxd§28	project-home,screen	-	docs/deliverables/MVP Prototype.md	present	-	deliverables
f1024a	forward	named	Spaces View (screen)	uxd§28	spaces-view,screen	-	-	absent	-	requirements
f1024b	forward	named	Spaces View (screen)	uxd§28	spaces-view,screen	-	-	absent	-	deliverables
f1025a	forward	named	Space Detail (screen)	uxd§28	space-detail,screen	-	-	absent	-	requirements
f1025b	forward	named	Space Detail (screen)	uxd§28	space-detail,screen	-	-	absent	-	deliverables
f1026a	forward	named	Design / Plan View (screen)	uxd§28	design-view,plan-view,screen	-	-	absent	-	requirements
f1026b	forward	named	Design / Plan View (screen)	uxd§28	design-view,plan-view,screen	-	-	absent	-	deliverables
f1027a	forward	named	Work View (screen)	uxd§28	work-view,screen	-	-	absent	-	requirements
f1027b	forward	named	Work View (screen)	uxd§28	work-view,screen	-	-	absent	-	deliverables
f1028a	forward	named	Budget View (screen)	uxd§28	budget-view,screen	-	-	absent	-	requirements
f1028b	forward	named	Budget View (screen)	uxd§28	budget-view,screen	-	-	absent	-	deliverables
f1029a	forward	named	Schedule View (screen)	uxd§28	schedule-view,screen	-	docs/requirements/Schedule.md	present	-	requirements
f1029b	forward	named	Schedule View (screen)	uxd§28	schedule-view,screen	-	-	absent	-	deliverables
f1030a	forward	named	Documentation View (screen)	uxd§28	documentation-view,screen	-	-	absent	-	requirements
f1030b	forward	named	Documentation View (screen)	uxd§28	documentation-view,screen	-	-	absent	-	deliverables
f1031a	forward	named	Project Completion Review (screen)	uxd§28	project-completion-review,screen	-	-	absent	-	requirements
f1031b	forward	named	Project Completion Review (screen)	uxd§28	project-completion-review,screen	-	-	absent	-	deliverables
f1032a	forward	named	Archived Projects (screen)	uxd§28	archived-project,screen	-	-	absent	-	requirements
f1032b	forward	named	Archived Projects (screen)	uxd§28	archived-project,screen	-	-	absent	-	deliverables
f1033a	forward	named	Project Settings (screen)	uxd§28	project-settings,screen	-	docs/requirements/Project settings.md	present	-	requirements
f1033b	forward	named	Project Settings (screen)	uxd§28	project-settings,screen	-	-	absent	-	deliverables
f1034a	forward	named	Wizard steps: Project Identity, Renovation Type, Property Scope, Starting Method, Initial Spaces, Review	uxd§9	wizard-step,project-identity,renovation-type,property-scope,starting-method	-	-	absent	-	requirements
f1034b	forward	named	Wizard steps: Project Identity, Renovation Type, Property Scope, Starting Method, Initial Spaces, Review	uxd§9	wizard-step,project-identity,renovation-type,property-scope,starting-method	-	-	absent	-	deliverables
f1035	forward	named	Starting Method options: Import a Floor Plan, Draw a Plan, Start Without a Plan	uxd§9	starting-method,floor-plan,import,draw,no-plan	-	-	absent	-	entities
f1036	forward	named	Renovation Type options: Whole house, Apartment, Selected rooms, Garden/outdoor, Garage/workshop, Extension, New construction, Custom	uxd§9	renovation-type,whole-house,apartment,extension,custom	-	-	absent	-	entities
f1037	forward	named	Next-Best-Action Model (guidance item)	uxd§11	next-best-action,guidance	-	-	absent	-	entities
f1038	forward	named	Guidance priority tiers: Required Attention, Recommended, Optional	uxd§11	guidance,priority,required-attention,recommended,optional	-	-	absent	-	entities
f1039a	forward	named	Space-level context tabs: Overview, Plan, Work, Materials, Costs, Documents	uxd§13	space-detail,tab,overview,plan,material,cost,document	-	-	absent	-	requirements
f1039b	forward	named	Space-level context tabs: Overview, Plan, Work, Materials, Costs, Documents	uxd§13	space-detail,tab,overview,plan,material,cost,document	-	-	absent	-	deliverables
f1040	forward	named	Progressive Disclosure Levels: Level 1 Basic Planning, Level 2 Structured Planning, Level 3 Detailed Planning	uxd§22	progressive-disclosure,level,basic-planning,structured-planning,detailed-planning	-	-	absent	-	entities
f1041	forward	named	Work Packages	uxd§22	work-package	-	docs/entities/Work package.md	present	-	entities
f1042	forward	named	Trades	uxd§22	trade	-	docs/entities/Trade.md	present	-	entities
f1043	forward	named	Assemblies	uxd§22	assembly	-	-	absent	-	entities
f1044	forward	named	Procurement	uxd§22	procurement	-	-	absent	-	entities
f1045	forward	named	Estimated / Committed / Actual Cost (cost states)	uxd§17	estimated-cost,committed-cost,actual-cost	-	docs/entities/Cost item.md	present	-	entities
f1046a	forward	named	Continue (project entry action, distinct from Open)	uxd§21	continue,project,entry-action	-	-	absent	-	requirements
f1046b	forward	named	Continue (project entry action, distinct from Open)	uxd§21	continue,project,entry-action	-	-	absent	-	deliverables
f1047a	forward	named	Open (project entry action, distinct from Continue)	uxd§21	open,project,entry-action	-	-	absent	-	requirements
f1047b	forward	named	Open (project entry action, distinct from Continue)	uxd§21	open,project,entry-action	-	-	absent	-	deliverables
f1048	forward	named	Work item advanced structure: Demolition, Preparation, Materials, Installation, Trade, Dependencies, Tasks	uxd§16	work-item,demolition,preparation,installation,trade,dependency,task	-	-	absent	-	entities
f1049	forward	named	Wireframe / Screen Specification (next design artifact)	uxd§32	wireframe,screen-specification,artifact	-	-	absent	-	deliverables
f1050	forward	named	Interaction State Specification (next design artifact)	uxd§32	interaction-state-specification,artifact	-	-	absent	-	deliverables
f1051	forward	behavioural	UX must always let the user determine what project they are currently working on	uxd§2	project,orientation	78	-	absent	-	-
f1052	forward	behavioural	UX must always let the user determine where in the property they are working	uxd§2	space,spatial-context,orientation	89	-	absent	-	-
f1053	forward	behavioural	UX must always let the user determine what they are currently planning or executing	uxd§2	activity,orientation	1	-	absent	-	-
f1054	forward	behavioural	UX must always let the user determine what has already been done	uxd§2	progress,activity,orientation	30	docs/requirements/Progress tracking.md::Outcome[1]	present	-	-
f1055	forward	behavioural	UX must always let the user determine what they should do next	uxd§2	next-best-action,guidance,orientation	0	-	absent	-	-
f1056	forward	behavioural	UX must always let the user determine how to get back to where they were	uxd§2	session,continuity,navigation	10	-	absent	-	-
f1057	forward	behavioural	The conceptual journey (Start to Understand to Model to Design to Plan to Estimate to Schedule to Execute to Track to Complete) is not a mandatory sequential workflow	uxd§2	journey,workflow,sequence	13	docs/deliverables/Disclosure ladder.md::The ladder[1]	present	-	-
f1058	forward	behavioural	Projects are the primary entry point to the product (project before feature)	uxd§3	project,entry-point,navigation	82	docs/business-rules/Every entity resolves to exactly one project.md::The rule[1]	present	-	-
f1059	forward	behavioural	Known project and spatial context is inherited automatically, before configuration is required	uxd§3	context,inheritance,configuration	25	-	absent	-	-
f1060	forward	behavioural	A useful project requires minimal setup (start simple)	uxd§3	project,setup,onboarding	79	docs/requirements/Create a project.md::Outcome[1]	present	-	-
f1061	forward	behavioural	Floor plans are optional; drawing is never mandatory	uxd§3	floor-plan,optional,drawing	67	docs/entities/Space.md::Rules[2]	present	-	-
f1062	forward	behavioural	Advanced concepts appear only when useful (progressive disclosure)	uxd§3	progressive-disclosure,complexity	6	docs/deliverables/Disclosure ladder.md::The promotion rule[1]	present	-	-
f1063	forward	behavioural	Guidance is advisory and non-blocking, never enforced	uxd§3	guidance,non-blocking,enforce	11	-	absent	-	-
f1064	forward	behavioural	Project, space, and activity context must remain understandable at all times	uxd§3	orientation,context	20	-	absent	-	-
f1065	forward	behavioural	Returning users must be able to continue meaningful work (preserve continuity)	uxd§3	continuity,session,resume	5	-	absent	-	-
f1066	forward	behavioural	Empty screens must teach the user the next step (actionable empty states)	uxd§3	empty-state,guidance	20	docs/components/Empty state.md::Anatomy[2]	present	-	-
f1067	forward	behavioural	Vault transparency remains available without becoming the main UX (Obsidian-native)	uxd§3	vault,obsidian,transparency	109	docs/actors/The vault.md::The vault[2]	present	-	-
f1068	forward	behavioural	Portfolio Context and Project Context are distinct navigational scopes: Portfolio Context answers 'which renovation', Project Context answers 'what do I want to do within it'	uxd§5	portfolio-context,project-context,navigation	18	-	absent	-	-
f1069	forward	behavioural	The spatial hierarchy must support apartments, partial renovations, and outdoor-only projects	uxd§6	spatial-hierarchy,apartment,partial-renovation,outdoor	14	docs/entities/Site.md::Site[3]	present	-	-
f1070	forward	behavioural	Screens should communicate their location as [Project] / [Spatial Context] / [Current Activity] where practical	uxd§7	breadcrumb,navigation,location	12	-	absent	-	-
f1071	forward	behavioural	Breadcrumbs must be interactive	uxd§7	breadcrumb,interactive	2	-	absent	-	-
f1072	forward	behavioural	On first launch with no existing projects, the user sees a First-Use Empty State leading to Start First Project and the New Project Wizard; with existing projects, the user sees Renovation Planner Home	uxd§8	first-launch,empty-state,wizard,home	27	-	absent	-	-
f1073	forward	behavioural	The first-use state must not initially expose schemas, zones, quantity engines, work-package types, or storage configuration	uxd§8	first-use,progressive-disclosure,schema,zone,quantity-engine,work-package	144	docs/deliverables/Disclosure ladder.md::The ladder[1]	present	-	-
f1074	forward	behavioural	Only the project name is required in Project Identity; description, image, and dates are optional	uxd§9	project-identity,name,required,optional	122	docs/requirements/Start a renovation project.md::Acceptance criteria[3]	present	-	-
f1075	forward	behavioural	The renovation-type choice influences defaults rather than locking behavior	uxd§9	renovation-type,default,non-blocking	119	-	absent	-	-
f1076	forward	behavioural	Property Scope should ask only questions that help establish useful initial structure, and everything remains editable afterward	uxd§9	property-scope,editable	3	-	absent	-	-
f1077	forward	behavioural	The three starting-method paths (import, draw, no plan) are presented as equally valid	uxd§9	starting-method,floor-plan,equal	26	-	absent	-	-
f1078	forward	behavioural	Starting without a plan must not appear inferior to the other starting methods	uxd§9	starting-method,no-plan,parity	122	-	absent	-	-
f1079	forward	behavioural	The Initial Spaces step offers common rooms and custom spaces and is skippable	uxd§9	initial-spaces,skippable	1	-	absent	-	-
f1080	forward	behavioural	The Review step shows a human-readable summary rather than internal entities	uxd§9	review,summary,human-readable	15	-	absent	-	-
f1081	forward	behavioural	Project Home must show what has been planned so far	uxd§10	project-home,planning,progress	57	-	absent	-	-
f1082	forward	behavioural	Project Home must surface what needs attention	uxd§10	project-home,attention,guidance	10	-	absent	-	-
f1083	forward	behavioural	Project Home must show the current budget and schedule state	uxd§10	project-home,budget,schedule,status	174	docs/requirements/Project dashboard and navigation.md::Project dashboard and navigation[1]	present	-	-
f1084	forward	behavioural	Project Home displays overall planning progress as a percentage	uxd§10	project-home,progress,percentage	41	-	absent	-	-
f1085	forward	behavioural	Project Home displays a Recent Activity feed of changes across spaces	uxd§10	project-home,recent-activity,feed	12	-	absent	-	-
f1086	forward	behavioural	Project Home displays summary project stats: number of spaces, number of work items, total budget, and schedule duration	uxd§10	project-home,stat,space,work-item,budget,schedule	138	-	absent	-	-
f1087	forward	behavioural	A guidance item must explain what is missing or useful, why it matters, and where the action leads	uxd§11	guidance,next-best-action,explanation	0	-	absent	-	-
f1088	forward	behavioural	Guidance is deterministic, contextual, prioritized, non-blocking, and dismissible where appropriate	uxd§11	guidance,deterministic,non-blocking,dismissible	10	-	absent	-	-
f1089	forward	behavioural	Users can add, rename, move, inspect, open, and optionally visualize spaces	uxd§12	space,add,rename,move,inspect,visualize	117	-	absent	-	-
f1090	forward	behavioural	Space Detail shows a renovation summary broken down by category (e.g. demolition, electrical, plumbing, flooring) with item counts	uxd§13	space-detail,renovation-summary,category,item-count	26	-	absent	-	-
f1091	forward	behavioural	Space Detail surfaces a single next action for the space with a way to continue it	uxd§13	space-detail,next-action,continue	4	-	absent	-	-
f1092	forward	behavioural	In Space Detail the user's frame is 'I am working on this space', and related information should follow that context	uxd§13	space-detail,context,mental-model	20	-	absent	-	-
f1093	forward	behavioural	Actions inherit the current context (e.g. project and space) when creating new items	uxd§14	contextual-creation,inheritance,context	20	docs/requirements/Create a task from context.md::Outcome[1]	present	-	-
f1094	forward	behavioural	The user can override the inherited association for a newly created item	uxd§14	contextual-creation,override	10	-	absent	-	-
f1095	forward	behavioural	Contextual creation applies to material, document, photo, cost, task, and zone creation, not only work items	uxd§14	contextual-creation,material,document,photo,cost,task,zone	166	-	absent	-	-
f1096	forward	behavioural	The Design context may combine floor plans, zones, proposed changes, assets, alternatives, and measurements	uxd§15	design,floor-plan,zone,asset	145	-	absent	-	-
f1097	forward	behavioural	The visual floor-plan editor is one tool within the Design journey, not the whole application and not a prerequisite for other work	uxd§15	visual-editor,floor-plan,design	64	docs/issues/The alternative list route is a Bases view.md::The question[1]	present	-	-
f1098	forward	behavioural	Work planning starts with plain renovation intent (a simple task list) before any structured breakdown	uxd§16	work,intent,planning	100	docs/entities/Work package.md::Work package[3]	present	-	-
f1099	forward	behavioural	Advanced work-item structure (demolition/preparation/materials/installation/trade/dependencies/tasks) is never required for the first work item	uxd§16	work-item,advanced-structure,optional	47	docs/entities/Work package.md::Relationships[2]	contradictory	uxd§16>>docs/entities/Work package.md::Relationships[2]	-
f1100	forward	behavioural	Costs can be viewed and aggregated across Project to Floor to Room to Work Item to Material	uxd§17	cost,aggregation,hierarchy	100	docs/business-rules/A cost rollup is derived along its axis, never stored.md::The rule[1]	contradictory	uxd§17>>docs/business-rules/A cost rollup is derived along its axis, never stored.md::The rule[1]	-
f1101	forward	behavioural	Users may begin with a simple cost estimate and later refine it with quantities, waste, materials, labor, committed costs, and actual costs	uxd§17	cost,estimate,refine,quantity	114	docs/business-rules/A quantity flows through seven stages and no stage stands in for another.md::The rule[1]	present	-	-
f1102	forward	behavioural	Simple and detailed cost estimates coexist	uxd§17	cost,estimate,simple,detailed	101	docs/entities/Cost item.md::Cost item[2]	present	-	-
f1103	forward	behavioural	Scheduling builds on existing work; users progressively add phases, dates, durations, dependencies, and milestones	uxd§18	schedule,phase,milestone,dependency	47	docs/deliverables/Disclosure ladder.md::The ladder[1]	present	-	-
f1104	forward	behavioural	An unscheduled project remains valid	uxd§18	schedule,optional,unscheduled	44	-	absent	-	-
f1105	forward	behavioural	During execution the UX emphasizes active work, tasks, procurement, blockers, upcoming work, actual costs, and documentation	uxd§19	execution,active-work,blocker,procurement	45	-	absent	-	-
f1106	forward	behavioural	Project Home may adapt its emphasis from planning guidance to execution guidance	uxd§19	project-home,execution,guidance,adapt	13	-	absent	-	-
f1107	forward	behavioural	Documentation includes notes, photos, invoices, quotations, manuals, decisions, receipts, contracts, and product information	uxd§20	documentation,note,photo,invoice,receipt,contract	122	docs/requirements/Documents, photos and evidence.md::Documents, photos and evidence[1]	present	-	-
f1108	forward	behavioural	Documents should be attachable to spatial and work context while remaining normal Obsidian content where practical	uxd§20	document,attachment,obsidian,context	109	docs/requirements/Documents, photos and evidence.md::Documents, photos and evidence[3]	present	-	-
f1109	forward	behavioural	Open Project always opens Project Home	uxd§21	open-project,project-home	27	docs/deliverables/Sitemap.md::The routes[1]	contradictory	uxd§21>>docs/deliverables/Sitemap.md::The routes[1]	-
f1110	forward	behavioural	Continue Project restores the previous meaningful working context where possible	uxd§21	continue-project,session,context,restore	26	docs/deliverables/Sitemap.md::The routes[1]	present	-	-
f1111	forward	behavioural	Useful session context includes project, primary view, selected building/floor/space/entity, last meaningful activity, and last-opened timestamp	uxd§21	session,context,persistence	70	-	absent	-	-
f1112	forward	behavioural	Brittle transient UI details should not be persisted across sessions	uxd§21	session,transient-ui,persistence	64	-	absent	-	-
f1113	forward	behavioural	If the previous context is no longer valid, the system falls back to the closest valid context and ultimately to Project Home	uxd§21	context,fallback,recovery,project-home	32	-	absent	-	-
f1114	forward	behavioural	Progressive disclosure levels are conceptual complexity levels rather than mandatory user modes	uxd§22	progressive-disclosure,complexity,mode	22	docs/deliverables/Disclosure ladder.md::The promotion rule[1]	present	-	-
f1115	forward	behavioural	Every empty state must contain an explanation, the value proposition, a primary next action, and an optional secondary action	uxd§23	empty-state,explanation,action	26	docs/components/Empty state.md::Anatomy[3]	contradictory	uxd§23>>docs/components/Empty state.md::Anatomy[3]	-
f1116	forward	behavioural	Empty states should teach the product through use	uxd§23	empty-state,teach	20	docs/components/Empty state.md::Empty state[1]	present	-	-
f1117	forward	behavioural	Loading states must preserve surrounding context, prevent duplicate actions, and communicate long-running imports	uxd§24	loading,context,duplicate-action,import	40	-	absent	-	-
f1118	forward	behavioural	Validation should occur close to the relevant field and preserve entered data	uxd§24	validation,field,data-preservation	35	docs/components/Inline field error.md::Anatomy[1]	present	-	-
f1119	forward	behavioural	Error messages must answer what happened, what was affected, whether anything was lost, and what the user can do next	uxd§24	error,message,recovery	34	docs/requirements/Error handling and diagnostics.md::Outcome[1]	present	-	-
f1120	forward	behavioural	Recoverable failures must not block unrelated work	uxd§24	error,recoverable,block	40	-	absent	-	-
f1121	forward	behavioural	Destructive-action confirmation must explain the impact of the action rather than merely asking 'Are you sure?'	uxd§25	destructive-action,confirmation,impact	14	docs/components/Modal.md::Anatomy[3]	present	-	-
f1122	forward	behavioural	Deleting a space must let the user choose what happens to its associated items (work items, materials, documents) rather than silently cascading	uxd§25	delete,space,cascade,associated-item	94	docs/business-rules/A delete reports what references it and offers four choices.md::The rule[1]	present	-	-
f1123	forward	behavioural	Completion provides a review of completed/remaining work, estimated/final cost, target/completion dates, and documentation completeness	uxd§26	completion,review,cost,schedule,documentation	124	-	absent	-	-
f1124	forward	behavioural	Archiving removes the project from the default active list	uxd§26	archive,project,active-list	82	-	absent	-	-
f1125	forward	behavioural	Archiving preserves underlying data	uxd§26	archive,data,preserve	54	-	absent	-	-
f1126	forward	behavioural	Archived projects can be reopened	uxd§26	archive,reopen	1	-	absent	-	-
f1127	forward	behavioural	Archived projects can be restored to active status	uxd§26	archive,restore,active-status	16	-	absent	-	-
f1128	forward	behavioural	Archive is organizational, not destructive	uxd§26	archive,non-destructive	2	-	absent	-	-
f1129	forward	behavioural	Prefer direct manipulation where understandable	uxd§27	direct-manipulation,interaction	6	-	absent	-	-
f1130	forward	behavioural	Spatial context must be preserved across functional views	uxd§27	spatial-context,navigation	12	docs/issues/The alternative list route is a Bases view.md::Consequences[1]	contradictory	uxd§27>>docs/issues/The alternative list route is a Bases view.md::Consequences[1]	-
f1131	forward	behavioural	Use renovation/domain language, not implementation language, in the UI	uxd§27	language,terminology,domain	79	-	absent	-	-
f1132	forward	behavioural	Avoid modal overuse; use full views for complex work	uxd§27	modal,full-view,complexity	19	docs/components/Modal.md::Modal[1]	present	-	-
f1133	forward	behavioural	Give each screen a clear primary action where possible	uxd§27	screen,primary-action	23	-	absent	-	-
f1134	forward	behavioural	Keep advanced options discoverable without dominating basic workflows	uxd§27	advanced-option,discoverability,basic-workflow	0	-	absent	-	-
f1135	forward	behavioural	Never silently discard user input	uxd§27	user-input,discard,data-loss	9	docs/components/Inline field error.md::Contract[1]	present	-	-
f1136	forward	behavioural	Respect Obsidian themes and interaction conventions	uxd§27	obsidian,theme,convention	91	docs/components/View shell.md::Contract[2]	present	-	-
f1137	forward	behavioural	The product must support first launch leading to a first useful project	uxd§29	first-launch,onboarding	8	docs/requirements/Start a renovation project.md::Guarantee[1]	present	-	-
f1138	forward	behavioural	The product must support creating a project without a floor plan	uxd§29	project,floor-plan,optional	90	docs/entities/Space.md::Rules[2]	present	-	-
f1139	forward	behavioural	The product must support creating a project with an imported floor plan	uxd§29	project,floor-plan,import	94	docs/requirements/Plans and background import.md::Outcome[1]	present	-	-
f1140	forward	behavioural	The product must support adding a first room	uxd§29	room,add	52	docs/requirements/Polygon drawing.md::Outcome[1]	present	-	-
f1141	forward	behavioural	The product must support adding the first renovation work item	uxd§29	work,add	99	docs/requirements/Trades and work packages.md::Trades and work packages[1]	present	-	-
f1142	forward	behavioural	The product must support estimating a first work item	uxd§29	work-item,estimate	49	docs/entities/Work package.md::Rules[2]	present	-	-
f1143	forward	behavioural	The product must support moving from room context to project budget	uxd§29	room,budget,navigation	73	-	absent	-	-
f1144	forward	behavioural	The product must support returning from project budget back to the same room	uxd§29	budget,room,navigation,return	76	-	absent	-	-
f1145	forward	behavioural	The product must support reopening Obsidian and continuing previous work	uxd§29	obsidian,continue,session	88	docs/deliverables/Sitemap.md::The routes[1]	present	-	-
f1146	forward	behavioural	The product must support recovering when the previous context no longer exists	uxd§29	context,recovery	21	-	absent	-	-
f1147	forward	behavioural	The product must support completing and archiving a project	uxd§29	complete,archive,project	80	-	absent	-	-
f1148	forward	behavioural	A new user can create a project and understand the next action without documentation	uxd§30	onboarding,guidance,new-user	72	docs/requirements/Start a renovation project.md::Main flow[2]	present	-	-
f1149	forward	behavioural	A returning user can resume meaningful work without reconstructing context	uxd§30	returning-user,session,continuity	5	docs/deliverables/Sitemap.md::The routes[1]	present	-	-
f1150	forward	behavioural	A user can work on a specific room and reach its work, costs, materials, plans, and documentation without navigating unrelated global lists	uxd§30	room,context,navigation	54	-	absent	-	-
f1151	forward	behavioural	A basic user can plan a renovation without understanding zones, assemblies, quantity engines, or work-package hierarchies	uxd§30	basic-user,zone,assembly,quantity-engine,work-package	114	docs/deliverables/Disclosure ladder.md::The ladder[1]	present	-	-
f1152	forward	behavioural	An advanced user can progressively access detailed planning capabilities	uxd§30	advanced-user,progressive-disclosure	6	docs/deliverables/Disclosure ladder.md::The ladder[1]	present	-	-
f1153	forward	behavioural	User intent must come before domain structure	uxd§34	user-intent,domain-structure	9	-	absent	-	-
f1154	forward	named	Shared Project Shell (component)	wireframes§A.2	shared project shell,shell,project shell	-	-	absent	-	components
f1155a	forward	named	Overview (primary navigation section)	wireframes§A.2	overview,navigation,section	-	-	absent	-	requirements
f1155b	forward	named	Overview (primary navigation section)	wireframes§A.2	overview,navigation,section	-	-	absent	-	deliverables
f1156a	forward	named	Design (primary navigation section)	wireframes§A.2	design,navigation,section	-	-	absent	-	requirements
f1156b	forward	named	Design (primary navigation section)	wireframes§A.2	design,navigation,section	-	-	absent	-	deliverables
f1157a	forward	named	Work (primary navigation section)	wireframes§A.2	work,navigation,section	-	-	absent	-	requirements
f1157b	forward	named	Work (primary navigation section)	wireframes§A.2	work,navigation,section	-	docs/deliverables/Information Architecture.md	present	-	deliverables
f1158a	forward	named	Budget (primary navigation section)	wireframes§A.2	budget,navigation,section	-	-	absent	-	requirements
f1158b	forward	named	Budget (primary navigation section)	wireframes§A.2	budget,navigation,section	-	docs/deliverables/Sitemap.md	present	-	deliverables
f1159a	forward	named	Schedule (primary navigation section)	wireframes§A.2	schedule,navigation,section	-	docs/requirements/Schedule.md	present	-	requirements
f1159b	forward	named	Schedule (primary navigation section)	wireframes§A.2	schedule,navigation,section	-	docs/deliverables/Sitemap.md	present	-	deliverables
f1160a	forward	named	Documents (primary navigation section)	wireframes§A.2	documents,navigation,section	-	-	absent	-	requirements
f1160b	forward	named	Documents (primary navigation section)	wireframes§A.2	documents,navigation,section	-	-	absent	-	deliverables
f1161a	forward	named	First Launch (golden-path step)	wireframes§A.1	first launch	-	-	absent	-	requirements
f1161b	forward	named	First Launch (golden-path step)	wireframes§A.1	first launch	-	-	absent	-	deliverables
f1162a	forward	named	First-Use Empty State (screen)	wireframes§A.3	first-use empty state,empty state,screen	-	-	absent	-	requirements
f1162b	forward	named	First-Use Empty State (screen)	wireframes§A.3	first-use empty state,empty state,screen	-	-	absent	-	deliverables
f1163a	forward	named	Start a Renovation Project (primary action)	wireframes§A.3	start a renovation project,action	-	docs/requirements/Start a renovation project.md	present	-	requirements
f1163b	forward	named	Start a Renovation Project (primary action)	wireframes§A.3	start a renovation project,action	-	-	absent	-	deliverables
f1164a	forward	named	Renovation Planner Home (screen)	wireframes§A.4	renovation planner home,planner home,screen	-	-	absent	-	requirements
f1164b	forward	named	Renovation Planner Home (screen)	wireframes§A.4	renovation planner home,planner home,screen	-	-	absent	-	deliverables
f1165a	forward	named	Continue (action, restores last meaningful context)	wireframes§A.4	continue,action	-	-	absent	-	requirements
f1165b	forward	named	Continue (action, restores last meaningful context)	wireframes§A.4	continue,action	-	-	absent	-	deliverables
f1166a	forward	named	Open (action, opens Project Home)	wireframes§A.4	open,action	-	-	absent	-	requirements
f1166b	forward	named	Open (action, opens Project Home)	wireframes§A.4	open,action	-	-	absent	-	deliverables
f1167	forward	named	Project card (component)	wireframes§A.4	project card,card,component	-	-	absent	-	components
f1168a	forward	named	New Project Wizard (overall flow)	wireframes§A.5	new project wizard,wizard	-	-	absent	-	requirements
f1168b	forward	named	New Project Wizard (overall flow)	wireframes§A.5	new project wizard,wizard	-	-	absent	-	deliverables
f1169a	forward	named	New Project Wizard: Identity (step screen)	wireframes§A.5	new project wizard,identity,step	-	-	absent	-	requirements
f1169b	forward	named	New Project Wizard: Identity (step screen)	wireframes§A.5	new project wizard,identity,step	-	-	absent	-	deliverables
f1170a	forward	named	New Project Wizard: Property Scope (step screen)	wireframes§A.6	new project wizard,property scope,step	-	-	absent	-	requirements
f1170b	forward	named	New Project Wizard: Property Scope (step screen)	wireframes§A.6	new project wizard,property scope,step	-	-	absent	-	deliverables
f1171a	forward	named	New Project Wizard: Starting Method (step screen)	wireframes§A.7	new project wizard,starting method,step	-	-	absent	-	requirements
f1171b	forward	named	New Project Wizard: Starting Method (step screen)	wireframes§A.7	new project wizard,starting method,step	-	-	absent	-	deliverables
f1172	forward	named	Import a Plan (starting method option)	wireframes§A.7	import a plan,starting method	-	-	absent	-	entities
f1173	forward	named	Draw a Plan (starting method option)	wireframes§A.7	draw a plan,starting method	-	-	absent	-	entities
f1174	forward	named	Without a Plan (starting method option)	wireframes§A.7	without a plan,starting method,no-plan	-	-	absent	-	entities
f1175a	forward	named	New Project Wizard: Initial Spaces (step screen)	wireframes§A.8	new project wizard,initial spaces,step	-	-	absent	-	requirements
f1175b	forward	named	New Project Wizard: Initial Spaces (step screen)	wireframes§A.8	new project wizard,initial spaces,step	-	-	absent	-	deliverables
f1176a	forward	named	New Project Wizard: Review (step screen)	wireframes§A.9	new project wizard,review,step	-	-	absent	-	requirements
f1176b	forward	named	New Project Wizard: Review (step screen)	wireframes§A.9	new project wizard,review,step	-	-	absent	-	deliverables
f1177a	forward	named	Project Home (screen)	wireframes§A.10	project home,screen	-	-	absent	-	requirements
f1177b	forward	named	Project Home (screen)	wireframes§A.10	project home,screen	-	docs/deliverables/MVP Prototype.md	present	-	deliverables
f1178	forward	named	Planning completeness (metric)	wireframes§A.10	planning completeness,metric	-	-	absent	-	entities
f1179	forward	named	Next Step panel (component)	wireframes§A.10	next step,panel,component	-	-	absent	-	components
f1180a	forward	named	Spaces (screen)	wireframes§A.11	spaces,screen	-	-	absent	-	requirements
f1180b	forward	named	Spaces (screen)	wireframes§A.11	spaces,screen	-	-	absent	-	deliverables
f1181a	forward	named	Add Space (screen)	wireframes§A.12	add space,screen	-	-	absent	-	requirements
f1181b	forward	named	Add Space (screen)	wireframes§A.12	add space,screen	-	-	absent	-	deliverables
f1182a	forward	named	Space Detail (screen)	wireframes§A.13	space detail,screen	-	-	absent	-	requirements
f1182b	forward	named	Space Detail (screen)	wireframes§A.13	space detail,screen	-	-	absent	-	deliverables
f1183	forward	named	Renovation Summary panel (component)	wireframes§A.13	renovation summary,panel,component	-	-	absent	-	components
f1184a	forward	named	Plan (space-scoped tab)	wireframes§A.13	plan,tab,space detail	-	-	absent	-	requirements
f1184b	forward	named	Plan (space-scoped tab)	wireframes§A.13	plan,tab,space detail	-	-	absent	-	deliverables
f1185a	forward	named	Materials (view)	wireframes§A.13	materials,view	-	-	absent	-	requirements
f1185b	forward	named	Materials (view)	wireframes§A.13	materials,view	-	-	absent	-	deliverables
f1186a	forward	named	Costs (tab)	wireframes§A.13	costs,tab	-	-	absent	-	requirements
f1186b	forward	named	Costs (tab)	wireframes§A.13	costs,tab	-	-	absent	-	deliverables
f1187a	forward	named	Add Renovation Work (screen)	wireframes§A.14	add renovation work,add work,screen	-	-	absent	-	requirements
f1187b	forward	named	Add Renovation Work (screen)	wireframes§A.14	add renovation work,add work,screen	-	-	absent	-	deliverables
f1188	forward	named	More options (progressive disclosure control)	wireframes§A.14	more options,progressive disclosure,control	-	-	absent	-	components
f1189a	forward	named	Estimate Work (golden-path step)	wireframes§A.1	estimate work,step	-	-	absent	-	requirements
f1189b	forward	named	Estimate Work (golden-path step)	wireframes§A.1	estimate work,step	-	-	absent	-	deliverables
f1190a	forward	named	Work Detail / Estimate (screen)	wireframes§A.15	work detail,estimate,screen	-	-	absent	-	requirements
f1190b	forward	named	Work Detail / Estimate (screen)	wireframes§A.15	work detail,estimate,screen	-	-	absent	-	deliverables
f1191a	forward	named	Refine Estimate (action)	wireframes§A.15	refine estimate,action	-	-	absent	-	requirements
f1191b	forward	named	Refine Estimate (action)	wireframes§A.15	refine estimate,action	-	-	absent	-	deliverables
f1192a	forward	named	Tasks (section)	wireframes§A.15	task,section	-	-	absent	-	requirements
f1192b	forward	named	Tasks (section)	wireframes§A.15	task,section	-	-	absent	-	deliverables
f1193a	forward	named	Continue Project (screen)	wireframes§A.16	continue project,screen	-	-	absent	-	requirements
f1193b	forward	named	Continue Project (screen)	wireframes§A.16	continue project,screen	-	-	absent	-	deliverables
f1194	forward	named	Destructive Interaction Pattern	wireframes§A.18	destructive interaction pattern,delete confirmation,pattern	-	-	absent	-	entities
f1195	forward	named	Screen Component & Interaction State Specification (artifact)	wireframes§A.23	screen component,interaction state specification,artifact	-	-	absent	-	deliverables
f1196	forward	behavioural	The first-time golden path flows First Launch to Planner Home to New Project Wizard to Project Home to Spaces to Space Detail to Add Renovation Work to Estimate Work to Project Home	wireframes§A.1	golden path,first launch,planner home,wizard,project home,spaces,space detail	19	-	absent	-	-
f1197	forward	behavioural	Returning users follow Planner Home to Recent Project to Continue to Last Meaningful Context	wireframes§A.1	returning user,planner home,continue,last meaningful context	5	-	absent	-	-
f1198	forward	behavioural	Back returns to Planner Home	wireframes§A.2	back,planner home,navigation	39	-	absent	-	-
f1199	forward	behavioural	Project name remains visible in the shared project shell	wireframes§A.2	project name,shell	50	-	absent	-	-
f1200	forward	behavioural	The selected primary navigation section is visually distinct	wireframes§A.2	primary navigation,selected state	13	-	absent	-	-
f1201	forward	behavioural	The shell remains stable while switching between primary sections	wireframes§A.2	shell,stability,navigation	13	docs/components/View shell.md::States[1]	present	-	-
f1202	forward	behavioural	Spatial breadcrumbs appear only when spatial context exists	wireframes§A.2	spatial breadcrumb,breadcrumb,spatial context	7	-	absent	-	-
f1203	forward	behavioural	The first-use empty state must not expose advanced configuration, zones, quantity engines, trades, or work-package concepts	wireframes§A.3	first-use empty state,zone,quantity engine,trade,work package	130	docs/deliverables/Disclosure ladder.md::The ladder[3]	present	-	-
f1204	forward	behavioural	Continue restores the last meaningful context	wireframes§A.4	continue,last meaningful context	1	-	absent	-	-
f1205	forward	behavioural	Open always opens Project Home	wireframes§A.4	open,project home	50	-	absent	-	-
f1206	forward	behavioural	Project cards must remain concise, showing name, lifecycle state, one progress/budget summary, and an open action	wireframes§A.4	project card,lifecycle state,progress,budget,open action	94	-	absent	-	-
f1207	forward	behavioural	In the wizard Identity step, only the project name is required	wireframes§A.5	wizard,identity,project name,required	76	docs/requirements/Start a renovation project.md::Main flow[4]	present	-	-
f1208	forward	behavioural	Wizard validation is inline	wireframes§A.5	wizard,validation,inline	21	docs/requirements/Start a renovation project.md::Extensions[1]	present	-	-
f1209	forward	behavioural	Entered wizard data survives back/forward navigation between steps	wireframes§A.5	wizard,navigation,data persistence	23	-	absent	-	-
f1210	forward	behavioural	The New Project Wizard consists of 5 sequential steps	wireframes§A.5	new project wizard,step,sequence	36	-	absent	-	-
f1211	forward	behavioural	The Property Scope step should ask only questions that immediately improve the generated project structure	wireframes§A.6	property scope,question,project structure	52	-	absent	-	-
f1212	forward	behavioural	All three starting-method paths (Import a Plan, Draw a Plan, Without a Plan) are visually equivalent	wireframes§A.7	starting method,import a plan,draw a plan,without a plan	62	-	absent	-	-
f1213	forward	behavioural	Without a Plan is not a fallback or limited mode	wireframes§A.7	without a plan,no-plan,fallback,limited mode	124	-	absent	-	-
f1214	forward	behavioural	The Initial Spaces wizard step is optional	wireframes§A.8	initial spaces,wizard,optional	12	-	absent	-	-
f1215	forward	behavioural	Initial-space suggestions adapt to known scope	wireframes§A.8	initial spaces,suggestion,scope	24	-	absent	-	-
f1216	forward	behavioural	On successful project creation, the wizard transitions directly to Project Home	wireframes§A.9	wizard,project creation,project home	10	docs/requirements/Start a renovation project.md::Main flow[7]	present	-	-
f1217	forward	behavioural	Project Home's primary action is the highest-priority next-best-action	wireframes§A.10	project home,primary action,next-best-action	13	-	absent	-	-
f1218	forward	behavioural	Project Home summary metrics may serve as navigation shortcuts	wireframes§A.10	project home,summary metric,shortcut	11	-	absent	-	-
f1219	forward	behavioural	Selecting a space opens Space Detail	wireframes§A.11	space,space detail,selection	96	-	absent	-	-
f1220	forward	behavioural	At narrow widths or high space counts, the Spaces screen must use a tree/list rather than forcing cards	wireframes§A.11	spaces,tree,list,card,responsive	89	docs/issues/The alternative list route is a Bases view.md::Alternatives rejected[2]	contradictory	wireframes§A.11>>docs/issues/The alternative list route is a Bases view.md::Alternatives rejected[2]	-
f1221	forward	behavioural	When Add Space is invoked from a spatial parent, it inherits that parent	wireframes§A.12	add space,spatial parent,inheritance	33	-	absent	-	-
f1222	forward	behavioural	Geometry and plan association are not required to add a space	wireframes§A.12	add space,geometry,plan association	61	docs/entities/Space.md::Rules[1]	present	-	-
f1223	forward	behavioural	The selected space remains active when switching between Space Detail's contextual sections	wireframes§A.13	space detail,selected space,contextual section	1	-	absent	-	-
f1224	forward	behavioural	Only the work title is required to add renovation work	wireframes§A.14	add renovation work,work title,required	76	-	absent	-	-
f1225	forward	behavioural	More options progressively exposes trade, description, dependencies, quantities, dates, work package, and detailed costing	wireframes§A.14	more options,trade,dependency,quantity,work package,costing	108	-	absent	-	-
f1226	forward	behavioural	Project and spatial context are inherited automatically when adding renovation work	wireframes§A.14	add renovation work,project context,spatial context,inheritance	69	docs/entities/Task.md::Body[3]	present	-	-
f1227	forward	behavioural	A rough estimate remains valid without refinement	wireframes§A.15	rough estimate,estimate	19	docs/entities/Cost item.md::Rules[2]	present	-	-
f1228	forward	behavioural	Detailed estimation is optional	wireframes§A.15	detailed estimation,optional	11	docs/requirements/Cost items and price components.md::Body[2]	present	-	-
f1229	forward	behavioural	Refining an estimate may reveal a detailed cost breakdown of area, waste percentage, required quantity, and line-item costs	wireframes§A.15	estimate,refine estimate,cost breakdown,waste,quantity	56	docs/business-rules/A quantity flows through seven stages and no stage stands in for another.md::The rule[1]	present	-	-
f1230	forward	behavioural	Planner Home should surface one high-confidence continuation	wireframes§A.16	planner home,continuation,continue	4	-	absent	-	-
f1231	forward	behavioural	Context restoration falls back progressively through entity, space, previous functional view, then Project Home	wireframes§A.16	restoration,fallback,entity,space,project home	118	-	absent	-	-
f1232	forward	behavioural	If restoration changes because something was deleted, the fallback must be communicated unobtrusively	wireframes§A.16	restoration,fallback,deleted context	7	-	absent	-	-
f1233	forward	behavioural	Every foundation screen must define a populated state	wireframes§A.17	screen state,populated	13	-	absent	-	-
f1234	forward	behavioural	Every foundation screen must define an empty state	wireframes§A.17	screen state,empty	28	-	absent	-	-
f1235	forward	behavioural	Every foundation screen must define a loading state	wireframes§A.17	screen state,loading	17	-	absent	-	-
f1236	forward	behavioural	Every foundation screen must define a validation-error state	wireframes§A.17	screen state,validation error	17	-	absent	-	-
f1237	forward	behavioural	Every foundation screen must define a recoverable-error state	wireframes§A.17	screen state,recoverable error	13	-	absent	-	-
f1238	forward	behavioural	Every foundation screen must define an unavailable/deleted-context state where relevant	wireframes§A.17	screen state,unavailable,deleted context	14	-	absent	-	-
f1239	forward	behavioural	Loading states must preserve the surrounding shell	wireframes§A.17	loading state,shell	11	docs/components/View shell.md::States[1]	present	-	-
f1240	forward	behavioural	Validation occurs near the affected control	wireframes§A.17	validation,control	32	docs/components/Inline field error.md::Anatomy[1]	present	-	-
f1241	forward	behavioural	Recoverable failures must not block unrelated project work	wireframes§A.17	recoverable error,unrelated work	3	docs/components/Status badge.md::Body[1]	present	-	-
f1242	forward	behavioural	Destructive actions must confirm impact rather than merely asking Are you sure	wireframes§A.18	destructive action,confirmation,impact	14	docs/components/Modal.md::Anatomy[2]	present	-	-
f1243	forward	behavioural	Deleting a space must let the user choose what should happen to its associated items	wireframes§A.18	delete,space,associated item,disposition	93	docs/business-rules/A delete reports what references it and offers four choices.md::The rule[1]	present	-	-
f1244	forward	behavioural	Responsive layouts must preserve project name and current context before secondary metrics	wireframes§A.19	responsive,project name,context,metric	64	-	absent	-	-
f1245	forward	behavioural	Primary navigation may collapse when width is insufficient	wireframes§A.19	primary navigation,responsive,collapse	9	-	absent	-	-
f1246	forward	behavioural	Space cards may become a list/tree at narrow widths	wireframes§A.19	space card,list,tree,responsive	85	docs/issues/The alternative list route is a Bases view.md::Alternatives rejected[3]	contradictory	wireframes§A.19>>docs/issues/The alternative list route is a Bases view.md::Alternatives rejected[3]	-
f1247	forward	behavioural	Ordinary management views must avoid horizontal scrolling	wireframes§A.19	management view,horizontal scroll	7	-	absent	-	-
f1248	forward	behavioural	The spatial editor may require a larger pane, but basic project management must remain usable without it	wireframes§A.19	spatial editor,pane,project management	33	docs/issues/The alternative list route is a Bases view.md::Why[2]	present	-	-
f1249	forward	behavioural	All primary actions must be keyboard reachable	wireframes§A.20	keyboard,primary action,accessibility	33	docs/requirements/Accessibility.md::Outcome[1]	present	-	-
f1250	forward	behavioural	Focus order must follow visual hierarchy	wireframes§A.20	focus order,accessibility	29	-	absent	-	-
f1251	forward	behavioural	Dialog focus must be trapped and restored correctly	wireframes§A.20	dialog,focus trap,accessibility	32	docs/components/Modal.md::Accessibility[1]	present	-	-
f1252	forward	behavioural	Icon-only actions have accessible labels/tooltips	wireframes§A.20	icon-only action,accessible label,tooltip	7	docs/components/Tool button.md::Anatomy[2]	present	-	-
f1253	forward	behavioural	Status must not be communicated by color alone	wireframes§A.20	status,color,accessibility	168	docs/deliverables/Design System.md::States[1]	present	-	-
f1254	forward	behavioural	Obsidian theme contrast and font sizing are respected	wireframes§A.20	obsidian theme,contrast,font sizing	5	docs/deliverables/Design System.md::The founding rule[1]	present	-	-
f1255	forward	behavioural	A usability-ready prototype must let a participant start a first project	wireframes§A.21	prototype,usability,first project	30	docs/deliverables/MVP Prototype.md::Prototype Mission[1]	present	-	-
f1256	forward	behavioural	A usability-ready prototype must let a participant choose a no-plan setup	wireframes§A.21	prototype,usability,no-plan setup	4	-	absent	-	-
f1257	forward	behavioural	A usability-ready prototype must let a participant create initial spaces	wireframes§A.21	prototype,usability,initial spaces	2	docs/deliverables/MVP Prototype.md::Prototype Mission[1]	present	-	-
f1258	forward	behavioural	A usability-ready prototype must let a participant understand Project Home	wireframes§A.21	prototype,usability,project home	9	docs/deliverables/MVP Prototype.md::Prototype Mission[1]	present	-	-
f1259	forward	behavioural	A usability-ready prototype must let a participant enter Kitchen	wireframes§A.21	prototype,usability,kitchen,space	93	-	absent	-	-
f1260	forward	behavioural	A usability-ready prototype must let a participant create Replace floor	wireframes§A.21	prototype,usability,replace floor,work	91	-	absent	-	-
f1261	forward	behavioural	A usability-ready prototype must let a participant add a rough estimate	wireframes§A.21	prototype,usability,rough estimate	1	docs/deliverables/MVP Prototype.md::Prototype Mission[1]	present	-	-
f1262	forward	behavioural	A usability-ready prototype must let a participant navigate back to Project Home	wireframes§A.21	prototype,usability,project home,navigation	15	-	absent	-	-
f1263	forward	behavioural	A usability-ready prototype must let a participant close and re-enter the experience	wireframes§A.21	prototype,usability,re-entry	11	docs/deliverables/MVP Prototype.md::Prototype Mission[1]	present	-	-
f1264	forward	behavioural	A usability-ready prototype must let a participant use Continue to return to the previous work context	wireframes§A.21	prototype,usability,continue,work context	10	-	absent	-	-
f1265	forward	behavioural	No golden-path step should require understanding Markdown storage, YAML, zones, work packages, or quantity-engine terminology	wireframes§A.21	golden path,markdown,yaml,zone,work package,quantity engine	125	docs/deliverables/MVP Prototype.md::Prototype Mission[1]	present	-	-
f1266	forward	behavioural	After prototype/usability validation, a Screen Component and Interaction State Specification must be produced for the validated shell and screens	wireframes§A.23	screen component,interaction state specification,prototype validation	7	-	absent	-	-
f1267	forward	behavioural	The domain/data model and application SDD must then be aligned to those interactions	wireframes§A.23	domain model,data model,sdd,alignment	105	-	absent	-	-
f1268	forward	behavioural	Property Scope step UI states that everything selected can be changed later	wireframes§A.6	property scope,change later,reversibility	19	docs/requirements/Start a renovation project.md::Out of scope[3]	present	-	-
f1269	forward	behavioural	Review step UI states that everything can be changed later	wireframes§A.9	review,change later,reversibility	26	docs/requirements/Start a renovation project.md::Out of scope[3]	present	-	-
f1270	forward	behavioural	Product must show the user their current position and progress within the project	research§21	project, progress, dashboard	101	docs/requirements/Project dashboard and navigation.md::Outcome[1]	present	-	-
f1271	forward	behavioural	Product must surface what matters next for the user across the project	research§21	next-best-action, priority, task	150	docs/requirements/Upcoming work and procurement overview.md::Outcome[1]	present	-	-
f1272	forward	behavioural	Product must not require the user to understand construction software before they can begin using it	research§21	onboarding, user experience, project	79	docs/actors/Private renovator.md::What the plugin owes it[4]	present	-	-
f1273	forward	behavioural	Product must let the user begin planning a project with incomplete information	research§21	plan, incomplete, project	155	docs/business-rules/An uncalibrated plan never presents a measurement as true.md::The rule[1]	present	-	-
f1274	forward	behavioural	Product must not force the user into detailed cost estimating early in the project	research§21	cost, estimate, forecast	102	docs/deliverables/Disclosure ladder.md::The ladder[2]	present	-	-
f1275	forward	behavioural	Product must not require 3D visualization when a simple 2D plan is sufficient for the user's needs	research§21	3d, visualization, plan	124	docs/adrs/0003-konva-as-canvas-renderer.md::Decision[1]	present	-	-
f1276	forward	behavioural	Product must keep space, work, cost, product, photo and decision connected to each other	research§21	space, work package, cost, photo, decision	165	docs/requirements/Create a task from context.md::Body[1]	present	-	-
f1277	forward	behavioural	Product must show the cost associated with each decision	research§21	decision, cost	120	docs/requirements/Impact analysis.md::Outcome[1]	present	-	-
f1278	forward	behavioural	Product must let the user compare planned, committed and actual cost	research§21	cost, forecast, actual	105	docs/requirements/Forecast.md::Outcome[1]	present	-	-
f1279	forward	behavioural	Product must help the user understand the impact of a scope change	research§21	scope, impact, cost	108	docs/requirements/Impact analysis.md::Outcome[1]	present	-	-
f1280	forward	behavioural	Product must show what was included in a contractor's quote or scope	research§21	quote, scope, inclusion	50	docs/requirements/Quote comparison.md::Outcome[1]	present	-	-
f1281	forward	behavioural	Product must record what changed over the course of the project	research§21	change history, scope, decision	73	docs/requirements/Change history.md::Outcome[1]	present	-	-
f1282	forward	behavioural	Product must record what was agreed with a contractor or trade	research§21	agreement, quote, trade	58	docs/entities/Order.md::Order[1]	present	-	-
f1283	forward	behavioural	Product must show what each trade is responsible for	research§21	trade, work package	73	docs/requirements/Trade assignment.md::Outcome[1]	present	-	-
f1284	forward	behavioural	Product must show the user what they need to do now	research§21	task, current, next-best-action	49	docs/requirements/Reporting and project cockpit.md::Reporting and project cockpit[1]	present	-	-
f1285	forward	behavioural	Product must attach receipts and photos to the room, work or product they belong to	research§21	photo, invoice, document	62	docs/requirements/Document linking and types.md::Outcome[1]	present	-	-
f1286	forward	behavioural	Product must make evidence findable by the user later	research§21	evidence, document, photo	58	docs/requirements/Evidence timeline.md::Outcome[1]	present	-	-
f1287	forward	behavioural	Product must document concealed or as-built conditions for later reference	research§21	as-built, photo, document	83	docs/requirements/As-built documentation.md::Outcome[1]	present	-	-
f1288	forward	behavioural	Product must remain useful to the user after the renovation is complete	research§21	as-built, completion, property	84	docs/requirements/Site log.md::Outcome[1]	present	-	-
f1289	forward	behavioural	Product must remember installed products, finishes, warranties and maintenance information	research§21	asset, warranty, maintenance	99	docs/requirements/Document linking and types.md::Outcome[1]	present	-	-
r1	reverse	behavioural	A spatial object's change (retain, remove, modify, new) is represented as one of six states on that object (existing, to-remove, to-retain, planned, in-progress, installed), never as a second or separate object	docs/business-rules/A change is a state on an object, not a second object.md::Rule[1]	spatial object,change,state,retain,remove,modify	8	-	retained	-	-
r2	reverse	behavioural	The change-state field is read by four surfaces (quantity engine, state visualization, existing-versus-target view, as-built documentation) off one field rather than modelled four separate times	docs/business-rules/A change is a state on an object, not a second object.md::Rule[2]	spatial object,state,quantity engine,visualization,as-built documentation	8	-	retained	-	-
r3	reverse	behavioural	A cost rollup total along any of the seven aggregation axes (project, construction section, zone, trade, work package, asset, supplier) is computed on read from cost items and never persisted in frontmatter	docs/business-rules/A cost rollup is derived along its axis, never stored.md::Rule[1]	cost rollup,aggregation axis,cost item,project,zone,trade,work package	8	-	retained	-	-
r4	reverse	behavioural	A work package's cost estimate is the sum of its cost items, not an independently stored number	docs/business-rules/A cost rollup is derived along its axis, never stored.md::Rule[2]	work package,estimate,cost item	8	-	retained	-	-
r5	reverse	behavioural	Deleting an entity first checks what references it and reports the reference counts before offering a resolution	docs/business-rules/A delete reports what references it and offers four choices.md::Rule[1]	delete,reference,entity	7	gallery.txt§Shared vocabulary > Modal	present	-	-
r6	reverse	behavioural	Deletion offers exactly four resolutions: Cancel, Remove References, Reassign, Delete Anyway; a silent cascading delete is refused and a delete that leaves dangling ids is refused	docs/business-rules/A delete reports what references it and offers four choices.md::Rule[2]	delete,cascade,dangling reference,reassign	4	gallery.txt§Shared vocabulary > Modal	contradictory	gallery§Shared vocabulary > Modal>>docs/business-rules/A delete reports what references it and offers four choices.md::Rule[2]	-
r7	reverse	behavioural	Delete Anyway is kept as a resolution even though it deliberately leaves the reference graph inconsistent, because the alternative is a product that cannot delete at all	docs/business-rules/A delete reports what references it and offers four choices.md::Rule[3]	delete anyway,reference graph,requirement	2	gallery.txt§Shared vocabulary > Modal	present	-	-
r8	reverse	behavioural	Reassign holds both the deleted entity's reference lock and the reassignment target's lock, acquired in a fixed order, because repointing a reference to the target creates a new reference to it	docs/business-rules/A delete reports what references it and offers four choices.md::Rule[4]	reassign,reference lock,delete	5	-	retained	-	-
r9	reverse	behavioural	A dependency edge is allowed only between five named pairs of entities (work package to work package, task to task, procurement to work package, decision to work package, milestone to work package); no other pairs are modelled	docs/business-rules/A dependency is allowed only between five pairs of things.md::Rule[1]	dependency,work package,task,procurement,decision,milestone	8	-	retained	-	-
r10	reverse	behavioural	Three dependency types exist and behave differently: Finish-to-Start is the only type that moves dates, Blocking changes status, and Informational changes nothing and exists to be read	docs/business-rules/A dependency is allowed only between five pairs of things.md::Rule[2]	dependency,finish-to-start,blocking,informational	3	-	retained	-	-
r11	reverse	behavioural	A dependency cycle is invalid and is refused at the point it would be created, not discovered later by a scheduler that fails to terminate	docs/business-rules/A dependency is allowed only between five pairs of things.md::Rule[3]	dependency,cycle,schedule	7	-	retained	-	-
r12	reverse	behavioural	A dependency references its target by stable id, so a dependency pointing at a deleted entity is a dangling reference detectable as a reference failure	docs/business-rules/A dependency is allowed only between five pairs of things.md::Rule[4]	dependency,reference,deleted object	3	-	retained	-	-
r13	reverse	behavioural	A value that can be computed from stored inputs is recomputed on every read and never written into frontmatter beside its own inputs, for example the chain polygon to area to requirement to estimated cost, where every step is a calculation and no intermediate result is stored	docs/business-rules/A derived value is recomputed on read, not persisted.md::Rule[1]	derived value,recompute,polygon,area,requirement,estimated cost	8	gallery.txt§Rails > Inspector	present	-	-
r14	reverse	behavioural	The geometry sidecar is an exception: it is a derived-format file but not derived data, because it holds canonical geometry whose loss would lose work	docs/business-rules/A derived value is recomputed on read, not persisted.md::Rule[2]	geometry sidecar,derived data,canonical geometry	3	-	retained	-	-
r15	reverse	behavioural	The one sanctioned way to enter a derived value by hand is a manual override stored beside the derivation it replaces, never by overwriting the derivation itself	docs/business-rules/A derived value is recomputed on read, not persisted.md::Rule[3]	manual override,derived value	3	-	retained	-	-
r16	reverse	behavioural	The plugin must detect and respond to frontmatter edits, note renames, note moves, note deletions, and new notes created outside the plugin	docs/business-rules/A manual edit in the vault is never silently overwritten.md::Rule[1]	manual edit,frontmatter,rename,vault event	5	-	retained	-	-
r17	reverse	behavioural	A manual edit made in the vault must never be silently overwritten by the plugin	docs/business-rules/A manual edit in the vault is never silently overwritten.md::Rule[2]	manual edit,overwrite,vault	4	prd.txt§30. Data Integrity Requirements	present	-	-
r18	reverse	behavioural	The write-conflict check compares against what the editor's own write history last recorded for the entity, not what the storage adapter last wrote, a distinction that matters through a move, rename or undo sequence	docs/business-rules/A manual edit in the vault is never silently overwritten.md::Rule[3]	write ledger,write conflict,vault adapter	2	-	retained	-	-
r19	reverse	behavioural	A plan's calibration must survive ordinary editing or be invalidated loudly; silence is the failure mode in both the manual-edit and the calibration direction	docs/business-rules/A manual edit in the vault is never silently overwritten.md::Rule[4]	plan,calibration,silent overwrite	8	-	retained	-	-
r20	reverse	behavioural	A calculated value supports a manual override that is stored in its own field and marked as an override, while the calculated value itself remains derived and stays visible next to it	docs/business-rules/A manual override is stored as an override, beside what it replaced.md::Rule[1]	manual override,calculated value,derived value	3	-	retained	-	-
r21	reverse	behavioural	Requirement's calculated quantity, waste factor and manual override are three separate properties, not one field that gets overwritten	docs/business-rules/A manual override is stored as an override, beside what it replaced.md::Rule[2]	requirement,calculated quantity,waste factor,manual override	3	-	retained	-	-
r22	reverse	behavioural	An arithmetic operation between values with mismatched units or mismatched currencies resolves to an error result, never a coercion, never a silent pick of one operand, and never NaN	docs/business-rules/A mismatched unit or currency is an error, not a coercion.md::Rule[1]	unit,currency,arithmetic,error,coercion	6	-	retained	-	-
r23	reverse	behavioural	core/money's add, subtract and compare operations return a Result type carrying a CalculationError on a currency mismatch, and every quantity-engine value carries its MeasurementUnit	docs/business-rules/A mismatched unit or currency is an error, not a coercion.md::Rule[2]	money,result,calculation error,measurement unit	5	-	retained	-	-
r24	reverse	behavioural	Dimension (piece, length, area, volume, hour, day, fixed) and symbol (the unit a quantity is priced in, such as m, m2, m3) are kept as two deliberately distinct vocabularies, so a dimension rule is never written against a unit-symbol string	docs/business-rules/A mismatched unit or currency is an error, not a coercion.md::Rule[3]	dimension,symbol,unit kind,measurement unit	6	-	retained	-	-
r25	reverse	behavioural	A quantity flows through seven distinct, ordered stages (calculated requirement, waste adjustment, required quantity, purchase quantity, delivered quantity, consumed quantity, remaining quantity), and no stage may stand in for another	docs/business-rules/A quantity flows through seven stages and no stage stands in for another.md::Rule[1]	quantity,requirement,waste,purchase quantity,delivered quantity,consumed quantity,remaining quantity	7	-	retained	-	-
r26	reverse	behavioural	The first four stages are derived by the quantity engine as pure composed functions; the last three stages are recorded fields, since delivery and consumption are observations rather than calculations, and remaining quantity is derived from delivered and consumed	docs/business-rules/A quantity flows through seven stages and no stage stands in for another.md::Rule[2]	quantity engine,delivered quantity,consumed quantity,remaining quantity,procurement item	6	-	retained	-	-
r27	reverse	behavioural	Partially-delivered is a real, distinct state, not a rounding of ordered or delivered	docs/business-rules/A quantity flows through seven stages and no stage stands in for another.md::Rule[3]	partially delivered,procurement item,delivered quantity	5	-	retained	-	-
r28	reverse	behavioural	Every requirement must have an origin, which is a zone, a work package, or an asset; a quantity with no origin is refused at creation	docs/business-rules/A requirement names what it is required for.md::Rule[1]	requirement,origin,zone,work package,asset	8	-	retained	-	-
r29	reverse	behavioural	The origin requirement is enforced only as a creation-time guard, not as a persistent invariant: a delete-anyway resolution or a hand edit to the vault can strand a requirement whose origin no longer exists, and that stranded state is itself a normal deleted-object reference failure to be reported rather than an exceptional state to be prevented	docs/business-rules/A requirement names what it is required for.md::Rule[2]	requirement,origin,delete anyway,deleted object,stranded	2	-	retained	-	-
r30	reverse	behavioural	The diagnostics snapshot that surfaces a requirement's validation issue is deliberately content-free, reporting only entity type, entity id and a domain-level description without naming the zone or origin involved	docs/business-rules/A requirement names what it is required for.md::Rule[3]	diagnostics,validation issue,requirement	1	-	retained	-	-
r31	reverse	behavioural	There is deliberately no browsable list of orphaned or zone-less requirements, because every requirement-list surface is scoped to a selection or a plan and zone, which a zone-less requirement has none of to select against	docs/business-rules/A requirement names what it is required for.md::Rule[4]	requirement,orphaned,zone-less,list	7	-	retained	-	-
r32	reverse	behavioural	A configurable-vocabulary value (zone type, asset category, trade, cost type, document type) that this plugin version does not recognise is read, held and written back exactly as the user wrote it: not normalised, not lowercased, not replaced by a fallback, and not dropped	docs/business-rules/A type this version does not know survives a round trip verbatim.md::Rule[1]	zone type,asset category,trade,cost type,document type,vocabulary,round trip	8	-	retained	-	-
r33	reverse	behavioural	The plugin's own settings file follows the opposite rule from vault content: a settings value outside the vocabulary falls back to the default and an unrecognised settings key is dropped, on both read and write	docs/business-rules/A type this version does not know survives a round trip verbatim.md::Rule[2]	settings,data.json,vocabulary,default	7	-	retained	-	-
r34	reverse	behavioural	Assigning an asset to a requirement is refused unless the asset's unit kind matches the dimension the requirement was derived from, for example only an area-kind asset may satisfy an area-derived requirement	docs/business-rules/An asset's unit kind must match the dimension its requirement is derived from.md::Rule[1]	asset,unit kind,requirement,dimension,area	8	-	retained	-	-
r35	reverse	behavioural	Changing a referenced asset's unit out of its current kind is rejected while any requirement still points at that asset, enforcing the same invariant on update as on creation	docs/business-rules/An asset's unit kind must match the dimension its requirement is derived from.md::Rule[2]	asset,unit kind,requirement,update	8	-	retained	-	-
r36	reverse	behavioural	The unit-kind check is written against the unit's kind classification, not against the literal unit symbol string, so it keeps working when a second unit of the same kind is added	docs/business-rules/An asset's unit kind must match the dimension its requirement is derived from.md::Rule[3]	asset,unit kind,unit symbol	8	-	retained	-	-
r37	reverse	behavioural	A unit change within the same kind stays allowed and cascades normally, as does any unit change on an asset that no requirement currently references	docs/business-rules/An asset's unit kind must match the dimension its requirement is derived from.md::Rule[4]	asset,unit kind,cascade	8	-	retained	-	-
r38	reverse	behavioural	The asset-update command holds the asset's reference lock from before the reference lookup through the save, so a concurrent assignment cannot create a new reference after the update has already observed zero referents	docs/business-rules/An asset's unit kind must match the dimension its requirement is derived from.md::Rule[5]	asset,reference lock,update command,assignment	8	-	retained	-	-
r39	reverse	behavioural	Drawing on an uncalibrated plan is allowed, with calibration null and a placeholder scale of one background pixel to one world millimetre, but no number from an uncalibrated plan may be presented as a true measurement wherever a measurement would otherwise appear	docs/business-rules/An uncalibrated plan never presents a measurement as true.md::Rule[1]	plan,calibration,measurement,placeholder scale	8	gallery.txt§Canvas > Measurement label	present	-	-
r40	reverse	behavioural	Calibration is defined as two points plus one known real-world distance that a renovator can measure with a tape against a reachable wall	docs/business-rules/An uncalibrated plan never presents a measurement as true.md::Rule[2]	calibration,plan	8	-	retained	-	-
r41	reverse	behavioural	A plan's calibration must belong to the plan and survive ordinary editing, or be invalidated loudly rather than silently reused after its background image changes	docs/business-rules/An uncalibrated plan never presents a measurement as true.md::Rule[3]	calibration,plan,background image	8	-	retained	-	-
r42	reverse	behavioural	Each of the five cost types (Budget, Estimated, Quoted, Committed, Actual) is recorded by exactly one entity (Project, Cost item, Quote, Order, Invoice respectively); nothing derives one cost type from another and no figure is recorded twice	docs/business-rules/Each cost type has exactly one source of record.md::Rule[1]	cost type,budget,estimated cost,quoted cost,committed cost,actual cost	8	-	retained	-	-
r43	reverse	behavioural	Budget is set by the user, Estimated is derived and recomputed from the quantity chain, Quoted and Actual are recorded and do not move, and Committed is recorded and is retired by an invoice	docs/business-rules/Each cost type has exactly one source of record.md::Rule[2]	budget,estimated cost,quoted cost,committed cost,invoice	7	-	retained	-	-
r44	reverse	behavioural	Every entity resolves to exactly one project, and there is no cross-project reference	docs/business-rules/Every entity resolves to exactly one project.md::Rule[1]	entity,project,cross-project reference	7	-	retained	-	-
r45	reverse	behavioural	Ownership cardinalities are fixed: a project owns zero or more plans, construction sections, work packages, assets, suppliers and documents; a plan belongs to exactly one project; a spatial object belongs to one plan; a construction section belongs to one project and may span multiple zones and work packages; a work package belongs to one project, optionally one construction section, and at least one domain scope	docs/business-rules/Every entity resolves to exactly one project.md::Rule[2]	project,plan,spatial object,construction section,work package	8	-	retained	-	-
r46	reverse	behavioural	Exactly one project is the boundary, but that is not the same as one plan per project: a project may hold multiple coexisting plans such as floors, site plans and detail plans, and cross-plan relationships stay within the project	docs/business-rules/Every entity resolves to exactly one project.md::Rule[3]	project,plan,cross-plan relationship	8	-	retained	-	-
r47	reverse	behavioural	Project deletion is not modelled by the entity graph at all; deleting a project is deleting its folder, which belongs to the vault and its owner	docs/business-rules/Every entity resolves to exactly one project.md::Rule[4]	project,delete,vault	8	-	retained	-	-
r48	reverse	behavioural	Every persistent object carries a schema-version field	docs/business-rules/Every persistent object carries a schema version.md::Rule[1]	schema version,persistent object	3	-	retained	-	-
r49	reverse	behavioural	Migrations between schema versions must be deterministic, testable, traceable, and reversible where practical	docs/business-rules/Every persistent object carries a schema version.md::Rule[2]	migration,schema version	4	-	retained	-	-
r50	reverse	behavioural	A large migration must not silently overwrite existing data	docs/business-rules/Every persistent object carries a schema version.md::Rule[3]	migration,overwrite,data	7	-	retained	-	-
r51	reverse	behavioural	An interrupted migration is a named, expected recoverable state, alongside a damaged sidecar and invalid frontmatter, and the plugin must preserve recoverable source data rather than assuming the interrupted state away	docs/business-rules/Every persistent object carries a schema version.md::Rule[4]	migration,interrupted,damaged sidecar,recovery	4	-	retained	-	-
r52	reverse	behavioural	Diagnostics expose plugin version, schema version, project version and migration status locally, and never upload project data	docs/business-rules/Every persistent object carries a schema version.md::Rule[5]	diagnostics,schema version,migration status	4	prd.txt§29. Privacy Requirements	present	-	-
r53	reverse	behavioural	Four distinct reference-failure kinds are detected and named separately, each with a different repair: missing reference (a field points at nothing, distinct from an empty field), deleted object (the target existed and was removed, distinct from a never-valid id), invalid id (malformed and not well-formed at all, distinct from a valid id with no target), and duplicate id (two entities claim one identity, distinct from a copy-pasted note body)	docs/business-rules/Four kinds of reference failure are detected by name.md::Rule[1]	reference failure,missing reference,deleted object,invalid id,duplicate id	6	-	retained	-	-
r54	reverse	behavioural	The vault health check surfaces the four reference-failure kinds alongside invalid schemas, missing assets, invalid geometry, orphan sidecars and missing backgrounds	docs/business-rules/Four kinds of reference failure are detected by name.md::Rule[2]	vault health check,reference failure,invalid schema,orphan sidecar	4	-	retained	-	-
r55	reverse	behavioural	The plugin can only detect reference failures, never prevent them, because identity is independent of filename and the vault remains editable by hand	docs/business-rules/Four kinds of reference failure are detected by name.md::Rule[3]	reference failure,detect,prevent,vault	5	-	retained	-	-
r56	reverse	behavioural	Every persistent domain entity carries a stable id in its frontmatter, and every reference resolves against that id; identity is independent of the filename, the note title and the folder path	docs/business-rules/Identity is the id, never the filename, title or path.md::Rule[1]	identity,id,filename,title,path	5	prd.txt§30. Data Integrity Requirements	present	-	-
r57	reverse	behavioural	A note rename is treated as a vault event to be absorbed by the entity's existing identity, not as a delete followed by a create	docs/business-rules/Identity is the id, never the filename, title or path.md::Rule[2]	rename,vault event,identity	6	prd.txt§30. Data Integrity Requirements	present	-	-
r58	reverse	behavioural	Internal stored precision and display precision are kept separate: the same fact is stored at full precision and shown at a rounded precision, and no calculation ever reads the displayed value back in	docs/business-rules/Internal precision and display precision are separate.md::Rule[1]	internal precision,display precision,rounding	1	-	retained	-	-
r59	reverse	behavioural	Formatting is a presentation-layer concern, and the domain layer never holds a display string	docs/business-rules/Internal precision and display precision are separate.md::Rule[2]	formatting,presentation layer,domain layer,display string	3	-	retained	-	-
r60	reverse	behavioural	Money is rounded exactly once, at the point the cost pipeline finalises its output at the Estimated Cost step, using ROUND_HALF_UP to the currency's minor unit; intermediate pipeline values keep full decimal precision and are never rounded between stages	docs/business-rules/Money is rounded once, where the pipeline finalizes it.md::Rule[1]	money,rounding,round half up,cost pipeline,estimated cost	6	-	retained	-	-
r61	reverse	behavioural	Pipeline rounding at the end of the cost calculation is distinct from a second, separate display-formatting rounding that happens for presentation and never feeds back into the domain	docs/business-rules/Money is rounded once, where the pipeline finalizes it.md::Rule[2]	money,rounding,display formatting,cost pipeline	2	-	retained	-	-
r62	reverse	behavioural	Persistence occurs only after a completed domain-level action such as a MoveObjectCommand, never on intermediate pointer or frame positions during a drag; every intermediate position exists only in presentation state	docs/business-rules/Only a completed domain action persists.md::Rule[1]	persistence,domain action,command,drag,pointer	7	-	retained	-	-
r63	reverse	behavioural	Autosave fires on completed commands and on debounced property edits, never on a per-frame basis	docs/business-rules/Only a completed domain action persists.md::Rule[2]	autosave,command,debounce	3	-	retained	-	-
r64	reverse	behavioural	The command layer is the only thing that persists, and the four visible save states (Saved, Saving, Unsaved Changes, Save Error) are what the user sees of this rule	docs/business-rules/Only a completed domain action persists.md::Rule[3]	command layer,persist,saved,saving,unsaved changes,save error	4	gallery.txt§Chrome > Save-state indicator	present	-	-
r65	reverse	behavioural	The waste-adjusted quantity rounds up to the next whole multiple of the lot size, and if the result is still below the minimum order quantity it rounds up again to that minimum; both rounding steps round up and never round to nearest	docs/business-rules/Purchase quantity rounds up to whole lots, then up to the minimum order.md::Rule[1]	purchase quantity,lot size,minimum order quantity,rounding	4	-	retained	-	-
r66	reverse	behavioural	Where no packaging data such as lot size or minimum order exists for an asset, the waste-adjusted quantity passes through unchanged	docs/business-rules/Purchase quantity rounds up to whole lots, then up to the minimum order.md::Rule[2]	purchase quantity,packaging,lot size,waste	6	-	retained	-	-
r67	reverse	behavioural	Requirement, procurement item, cost item and installed quantity are four separate facts about one asset, held in four separate entities and fields, and none may be read as a stand-in for another, since every pair is routinely equal but never necessarily equal	docs/business-rules/Requirement, procurement, cost and installed quantity stay four concepts.md::Rule[1]	requirement,procurement item,cost item,installed quantity,asset	8	-	retained	-	-
r68	reverse	behavioural	A procurement item must remain distinct from the requirement itself	docs/business-rules/Requirement, procurement, cost and installed quantity stay four concepts.md::Rule[2]	procurement item,requirement	5	-	retained	-	-
r69	reverse	behavioural	The cost pipeline applies its components in one fixed, non-configurable order: line subtotal from purchase quantity times unit price, minus discount as a percentage of the subtotal, plus shipping, plus surcharge, plus tax as a percentage of the post-shipping total, yielding the estimated cost rounded once at the end	docs/business-rules/The cost pipeline applies its components in one fixed order.md::Rule[1]	cost pipeline,discount,shipping,surcharge,tax,estimated cost	6	-	retained	-	-
r70	reverse	behavioural	Discount is applied before shipping because shipping is not discounted; shipping is applied after discount and before tax because shipping is taxable; surcharge is applied alongside shipping, before tax, and is not discountable because it is levied on the order rather than negotiated on the goods	docs/business-rules/The cost pipeline applies its components in one fixed order.md::Rule[2]	discount,shipping,surcharge,tax,cost pipeline	1	-	retained	-	-
r71	reverse	behavioural	Contingency is not a stage in the cost pipeline; it is held beside the estimate, because an estimate that has swallowed its own buffer cannot report the buffer	docs/business-rules/The cost pipeline applies its components in one fixed order.md::Rule[3]	contingency,cost pipeline,estimate	7	-	retained	-	-
r72	reverse	behavioural	Deposit is not a stage in the cost pipeline; it is a payment rather than a price, changing when something is paid rather than what it costs	docs/business-rules/The cost pipeline applies its components in one fixed order.md::Rule[4]	deposit,cost pipeline,payment	0	-	retained	-	-
r73	reverse	behavioural	The percentageOf function returns only the percentage part, never an adjusted total, so discount subtracts it and tax adds it, avoiding a single function that would need an unstated sign convention to serve both	docs/business-rules/The cost pipeline applies its components in one fixed order.md::Rule[5]	percentageof,discount,tax,cost pipeline	1	-	retained	-	-
r74	reverse	behavioural	Estimated final cost is computed as actual cost plus committed-but-not-invoiced cost plus remaining estimate; a commitment that has been invoiced is counted only once, as actual, and no longer counted as committed	docs/business-rules/The forecast counts a commitment only until it is invoiced.md::Rule[1]	forecast,estimated final cost,actual cost,committed cost,remaining estimate,invoice	6	-	retained	-	-
r75	reverse	behavioural	Booking an invoice retires its matching commitment, which is the mechanism that makes the committed-but-not-invoiced subtraction automatic rather than a separately maintained correctness rule	docs/business-rules/The forecast counts a commitment only until it is invoiced.md::Rule[2]	invoice,commitment,forecast	2	-	retained	-	-
r76	reverse	behavioural	The PRD states the forecast formula two different, disagreeing ways in two sections; the version that excludes an already-invoiced commitment from the committed total is the one actually implemented, and the other section's Committed Cost term is shorthand for it rather than a second full-commitment total	docs/business-rules/The forecast counts a commitment only until it is invoiced.md::Rule[3]	forecast,committed cost,prd,formula	6	-	retained	-	-
r77	reverse	behavioural	Wasted quantity equals required quantity multiplied by one plus the waste percentage over one hundred; a waste percentage of zero is the identity operation and not a special case	docs/business-rules/Waste multiplies the required quantity and stays a separate factor.md::Rule[1]	waste,required quantity,wasted quantity	7	canvas.txt§19. Progressive Refinement	present	-	-
r78	reverse	behavioural	The waste factor is stored on the requirement as its own separate field and applied only at calculation time; it is never folded into the stored calculated quantity, so both the covered amount and the amount bought to cover it stay independently visible	docs/business-rules/Waste multiplies the required quantity and stays a separate factor.md::Rule[2]	waste factor,requirement,calculated quantity	2	gallery.txt§Shared vocabulary > Inline field error	present	-	-
r79	reverse	behavioural	Geometry is persisted in world millimetres, with length normalised to millimetres, area to square millimetres and volume to cubic millimetres, never in canvas pixels and never in display units	docs/business-rules/World coordinates are millimetres, converted once at the engine boundary.md::Rule[1]	world coordinate,millimetre,geometry,length,area,volume	8	-	retained	-	-
r80	reverse	behavioural	The conversion from millimetres to display units such as metres happens exactly once, at the quantity engine's first stage, and nothing downstream converts again	docs/business-rules/World coordinates are millimetres, converted once at the engine boundary.md::Rule[2]	millimetre,quantity engine,conversion,display unit	5	-	retained	-	-
r81	reverse	behavioural	Piece, hour, day and fixed quantities pass through the millimetre-normalisation boundary unconverted, since that normalisation applies only to length, area and volume dimensions	docs/business-rules/World coordinates are millimetres, converted once at the engine boundary.md::Rule[3]	piece,hour,day,fixed,quantity,dimension	8	-	retained	-	-
r82	reverse	named	Empty state	docs/components/Empty state.md::name	empty state,component	-	gallery,prd,prototype,uxd,wireframes	present	-	components
r83	reverse	behavioural	An empty state must show a line saying what is missing, in the surface's own nouns	docs/components/Empty state.md::Anatomy[1]	empty state,message	7	gallery§Empty state	present	-	-
r84	reverse	behavioural	An empty state must offer exactly one action that fixes the missing thing, never several	docs/components/Empty state.md::Anatomy[2]	empty state,action	8	gallery§Empty state Contract	present	-	-
r85	reverse	behavioural	When nothing has been created yet, the empty state's action is create the first one	docs/components/Empty state.md::States[1]	empty state,create	8	gallery§Empty state (No plan imported → Import a plan)	present	-	-
r86	reverse	behavioural	When nothing is selected, the empty state has no action, only an instruction (e.g. inspector with nothing selected offers no button)	docs/components/Empty state.md::States[2]	empty state,inspector,selection	6	gallery§Empty state (Nothing selected, no action)	present	-	-
r87	reverse	behavioural	When nothing matches a filter, the empty state's action is clear the filter	docs/components/Empty state.md::States[3]	empty state,filter	6	gallery§Empty state (No zone matches "terr" → Clear the filter)	present	-	-
r88	reverse	behavioural	A failed load is not the empty state's case to represent	docs/components/Empty state.md::States[4]	empty state,load,error	7	wireframes§A.17 Screen States	present	-	-
r89	reverse	behavioural	Empty state is given a message and at most one action	docs/components/Empty state.md::Contract[1]	empty state,message,action	8	gallery§Empty state Contract (Given: a message, and at most one action)	present	-	-
r90	reverse	behavioural	Empty state emits the chosen action	docs/components/Empty state.md::Contract[2]	empty state,action,emit	8	gallery§Empty state Contract (Emits: that action)	present	-	-
r91	reverse	behavioural	Empty state does not know why it is empty; the containing surface determines the cause and passes in the message	docs/components/Empty state.md::Contract[3]	empty state,surface,cause	7	gallery§Empty state Contract (Given: a message)	present	-	-
r92	reverse	behavioural	Empty state's region is in-flow because it replaces content rather than overlaying it	docs/components/Empty state.md::Where it appears[1]	empty state,region,in-flow	6	gallery§Empty state (pg-key: in-flow)	present	-	-
r93	reverse	behavioural	Empty state must preserve heading order; dropping the h2 its populated sibling has breaks the sequence	docs/components/Empty state.md::Accessibility[1]	empty state,heading,accessibility	6	-	retained	-	-
r94	reverse	behavioural	Empty state's action must be a real control, not a link-styled span, since a clickable div is invisible to a keyboard user and to axe	docs/components/Empty state.md::Accessibility[2]	empty state,control,keyboard,accessibility	8	gallery§Empty state (action rendered as real button element)	present	-	-
r95	reverse	named	Inline field error	docs/components/Inline field error.md::name	inline field error,component	-	gallery	present	-	components
r96	reverse	behavioural	Inline field error's message must be adjacent to its control; a message in a summary elsewhere is a different component	docs/components/Inline field error.md::Anatomy[1]	inline field error,message,control	6	gallery§Inline field error (message adjacent to control)	present	-	-
r97	reverse	behavioural	Inline field error requires a mark on the control itself in addition to the message, so the field stays findable while scrolled	docs/components/Inline field error.md::Anatomy[2]	inline field error,icon,control	7	gallery§Inline field error (data-invalid + aria-invalid on control)	present	-	-
r98	reverse	behavioural	Inline field error's absent state is the normal case	docs/components/Inline field error.md::States[1]	inline field error,absent	1	gallery§Inline field error (normal row shown as baseline example)	present	-	-
r99	reverse	behavioural	Inline field error's present state means the field is also marked invalid	docs/components/Inline field error.md::States[2]	inline field error,invalid	4	gallery§Inline field error (data-invalid + aria-invalid together)	present	-	-
r100	reverse	behavioural	Inline field error is given a message for exactly one field, already mapped from a typed ValidationError arriving via Result<T,E> rather than a throw	docs/components/Inline field error.md::Contract[1]	inline field error,validationerror,result	2	gallery§Inline field error Contract (message for one field, already mapped)	present	-	-
r101	reverse	behavioural	Inline field error emits nothing	docs/components/Inline field error.md::Contract[2]	inline field error,emit	1	gallery§Inline field error Contract (Emits: nothing)	present	-	-
r102	reverse	behavioural	Inline field error does not validate; validation stays in the domain layer	docs/components/Inline field error.md::Contract[3]	inline field error,validation,domain	8	gallery§Inline field error (message already mapped from typed error)	present	-	-
r103	reverse	behavioural	An edit becomes a command that can decline, and inline field error is where the decline is shown, not the field refusing input locally	docs/components/Inline field error.md::Contract[4]	inline field error,command,inspector	3	gallery§Inline field error (message passed in already resolved, not locally refused)	present	-	-
r104	reverse	behavioural	Inline field error needs aria-describedby from the control to the message so the two form one announcement	docs/components/Inline field error.md::Accessibility[1]	inline field error,aria-describedby,accessibility	5	gallery§Inline field error (aria-describedby="g-waste-err")	present	-	-
r105	reverse	behavioural	Inline field error needs aria-invalid on the control so the state is programmatic, not just red	docs/components/Inline field error.md::Accessibility[2]	inline field error,aria-invalid,accessibility	5	gallery§Inline field error (aria-invalid="true")	present	-	-
r106	reverse	behavioural	Inline field error must not encode its state by colour alone	docs/components/Inline field error.md::Accessibility[3]	inline field error,colour,accessibility	5	gallery§Inline field error (warn icon plus text message)	present	-	-
r107	reverse	behavioural	Inline field error's region is in-flow because it displaces content rather than overlaying it	docs/components/Inline field error.md::Where it appears[1]	inline field error,region,in-flow	2	gallery§Inline field error (pg-key: in-flow)	present	-	-
r108	reverse	named	Inspector	docs/components/Inspector.md::name	inspector,component	-	canvas,gallery	present	-	components
r109	reverse	behavioural	Inspector's Properties section shows the selected object's own fields, each with an inline field error slot	docs/components/Inspector.md::Anatomy[1]	inspector,properties,inline field error	4	-	retained	-	-
r110	reverse	behavioural	Inspector's Relations section shows what the selected object is connected to, per the canonical relationship model	docs/components/Inspector.md::Anatomy[2]	inspector,relations	2	gallery§Inspector Anatomy (Properties + Actions sections only, no Relations section)	contradictory	gallery§Inspector Anatomy (Properties + Actions sections only, no Relations section)>>docs/components/Inspector.md::Anatomy[2]	-
r111	reverse	behavioural	Inspector's Actions are exactly seven: Edit, Duplicate, Delete, Link Note, Create Work Package, Add Cost, Add Task	docs/components/Inspector.md::Anatomy[3]	inspector,actions,edit,duplicate,delete	8	gallery§Inspector Actions (Edit, Duplicate, Link note, Delete — 4 shown, not 7; missing Create Work Package, Add Cost, Add Task)	contradictory	gallery§Inspector Actions (Edit, Duplicate, Link note, Delete — 4 shown, not 7; missing Create Work Package, Add Cost, Add Task)>>docs/components/Inspector.md::Anatomy[3]	-
r112	reverse	behavioural	Inspector's Delete action opens a modal and must not proceed on a single click	docs/components/Inspector.md::Anatomy[4]	inspector,delete,modal	5	gallery§Modal (Delete zone confirmation pattern)	present	-	-
r113	reverse	behavioural	Inspector's default state has one object selected	docs/components/Inspector.md::States[1]	inspector,selection	3	gallery§Inspector (Kitchen object shown selected)	present	-	-
r114	reverse	behavioural	Inspector's empty state (nothing selected) shows an empty state component and is the commonest thing the panel shows	docs/components/Inspector.md::States[2]	inspector,empty state,selection	6	gallery§Empty state (Nothing selected example)	present	-	-
r115	reverse	behavioural	Inspector's multi-selection state is undecided: which fields are meaningful across a set is open	docs/components/Inspector.md::States[3]	inspector,multi-selection	3	-	retained	-	-
r116	reverse	behavioural	Inspector has a loading state because the DTO is a query that can be in flight	docs/components/Inspector.md::States[4]	inspector,loading,dto,query	5	wireframes§A.17 Screen States (loading listed as required state)	present	-	-
r117	reverse	behavioural	Inspector's error state is per-field via inline field error; a whole-panel failure belongs to a different slice	docs/components/Inspector.md::States[5]	inspector,error,inline field error	6	gallery§Shared vocabulary intro ("a failure reaches the user through exactly one" component)	present	-	-
r118	reverse	behavioural	Inspector is given an Inspector DTO, never a domain object, produced by Selection to Inspector Query to Inspector DTO to Vue UI	docs/components/Inspector.md::Contract[1]	inspector,dto,selection	3	gallery§Inspector Contract (Given: SDD §59's Inspector DTO — never a domain object)	present	-	-
r119	reverse	behavioural	Inspector emits an edit as a command, never a write	docs/components/Inspector.md::Contract[2]	inspector,command,write	4	gallery§Inspector Contract (Emits: an edit as a command, never a write)	present	-	-
r120	reverse	behavioural	A field Inspector cannot render is not a field it may drop; an unknown type must survive the round trip and show as itself	docs/components/Inspector.md::Contract[3]	inspector,field,round trip	5	-	retained	-	-
r121	reverse	behavioural	A derived value Inspector shows is not a value it computes; it must not re-round or re-derive what another component already computed	docs/components/Inspector.md::Contract[4]	inspector,derived value,rounding	2	gallery§Inspector (Area field carries a "derived" chip, not recomputed)	present	-	-
r122	reverse	behavioural	Every Inspector field needs a programmatically associated label; a placeholder is not one	docs/components/Inspector.md::Accessibility[1]	inspector,label,accessibility	5	-	retained	-	-
r123	reverse	behavioural	Inspector's Delete action must convey its destructiveness in text, not colour alone	docs/components/Inspector.md::Accessibility[2]	inspector,delete,colour,accessibility	6	gallery§Inspector (Delete action labelled in text, not colour alone)	present	-	-
r124	reverse	named	Layer toggle	docs/components/Layer toggle.md::name	layer toggle,component	-	gallery	present	-	components
r125	reverse	behavioural	Layer toggle's layer set is fixed, not user-defined: the seven Konva stage layers	docs/components/Layer toggle.md::Anatomy[1]	layer toggle,layer,konva	4	gallery§Layer toggle (Given: the layer list — fixed data, not user-defined)	present	-	-
r126	reverse	behavioural	Layer toggle exposes two independent conditions per layer, visibility and lock, not three radio values; a locked layer can still be visible	docs/components/Layer toggle.md::Anatomy[2]	layer toggle,visibility,lock	3	gallery§Layer toggle (Background row: visible=true and locked=true simultaneously)	present	-	-
r127	reverse	behavioural	Layer toggle's visible/hidden state must use an icon (eye, struck through when hidden), never opacity alone	docs/components/Layer toggle.md::States[1]	layer toggle,visibility,icon	5	gallery§Layer toggle (i-eye / i-eye-off icons)	present	-	-
r128	reverse	behavioural	Layer toggle's unlocked/locked state must use an icon (padlock), never colour alone	docs/components/Layer toggle.md::States[2]	layer toggle,lock,icon	6	gallery§Layer toggle (i-lock / i-unlock icons)	present	-	-
r129	reverse	behavioural	Layer toggle's focus state needs two ring stops per row, since two toggles per row means two focus stops	docs/components/Layer toggle.md::States[3]	layer toggle,focus	6	gallery§Layer toggle (two separate buttons per row)	present	-	-
r130	reverse	behavioural	Layer toggle has a disabled state for a layer that cannot be hidden (e.g. InteractionLayer if listed)	docs/components/Layer toggle.md::States[4]	layer toggle,disabled,interactionlayer	1	-	retained	-	-
r131	reverse	behavioural	Layer toggle is given the layer list with its two booleans per layer	docs/components/Layer toggle.md::Contract[1]	layer toggle,layer	3	gallery§Layer toggle Contract (Given: the layer list, two independent booleans each)	present	-	-
r132	reverse	behavioural	Layer toggle emits a visibility request and a lock request	docs/components/Layer toggle.md::Contract[2]	layer toggle,visibility,lock,emit	3	gallery§Layer toggle Contract (Emits: a visibility request and a lock request)	present	-	-
r133	reverse	behavioural	Layer toggle does not touch Konva; a layer's visible flag is render state, never written to the vault	docs/components/Layer toggle.md::Contract[3]	layer toggle,konva,vault	5	gallery§Layer toggle Contract (emits requests, does not manipulate Konva directly)	present	-	-
r134	reverse	behavioural	A locked object gets no selection handles at all; one layer toggle removes an affordance in another component	docs/components/Layer toggle.md::Contract[4]	layer toggle,selection handle,locked	1	gallery§Selection handle (Locked: no handles at all)	present	-	-
r135	reverse	behavioural	Each layer toggle control needs its layer's name in its accessible name (e.g. hide Zones); toggle or eye alone is not an accessible name	docs/components/Layer toggle.md::Accessibility[1]	layer toggle,accessible name,accessibility	5	gallery§Layer toggle (aria-label="Zones layer is visible" — includes layer name)	present	-	-
r136	reverse	behavioural	Locked state must be conveyed in text, not only drawn; a padlock icon alone with no text alternative says nothing	docs/components/Layer toggle.md::Accessibility[2]	layer toggle,locked,text alternative,accessibility	8	gallery§Layer toggle (locked state conveyed via aria-label text)	present	-	-
r137	reverse	named	Left rail	docs/components/Left rail.md::name	left rail,component	-	gallery	present	-	components
r138	reverse	behavioural	Left rail has three sections in order: Layers, Objects, Assets	docs/components/Left rail.md::Anatomy[1]	left rail,layers,objects,assets	5	gallery§Left rail Anatomy (shows only Objects and Assets sections; Layer toggle is a separate standalone specimen "the only note of the seventeen with no slice that builds it")	contradictory	gallery§Left rail Anatomy (shows only Objects and Assets sections; Layer toggle is a separate standalone specimen "the only note of the seventeen with no slice that builds it")>>docs/components/Left rail.md::Anatomy[1]	-
r139	reverse	behavioural	Left rail's Objects section must keep spatial objects accessible without the canvas	docs/components/Left rail.md::Anatomy[2]	left rail,objects,canvas	6	gallery§Left rail (Objects rows listed without needing the canvas)	present	-	-
r140	reverse	behavioural	Left rail sections can be collapsed or expanded independently	docs/components/Left rail.md::States[1]	left rail,section,collapse	4	-	retained	-	-
r141	reverse	behavioural	Left rail's three sections each have their own empty state, with three different causes and different actions	docs/components/Left rail.md::States[2]	left rail,empty state	6	gallery§Left rail (only two sections rendered — Objects populated, Assets empty — no Layers section to have its own empty state)	contradictory	gallery§Left rail (only two sections rendered — Objects populated, Assets empty — no Layers section to have its own empty state)>>docs/components/Left rail.md::States[2]	-
r142	reverse	behavioural	Left rail is given the layer list, the object list for the active plan, and the asset catalogue	docs/components/Left rail.md::Contract[1]	left rail,layer,object,asset	8	gallery§Left rail Contract (Given: layers, the active plan's objects, and the asset catalogue)	present	-	-
r143	reverse	behavioural	Left rail emits selection requests, visibility requests forwarded from layer toggle, and placement requests	docs/components/Left rail.md::Contract[2]	left rail,selection,visibility,placement	4	gallery§Left rail Contract (Emits: selection, visibility and placement requests)	present	-	-
r144	reverse	behavioural	Left rail holds no geometry; a row in Objects is a reference to a domain object, not a handle on a Konva node	docs/components/Left rail.md::Contract[3]	left rail,geometry,konva	5	gallery§Left rail (rows reference objects by name/area, not geometry)	present	-	-
r145	reverse	behavioural	Left rail's three stacked sections must preserve heading order: three h2s under the view's heading, not an h2 and two h4s	docs/components/Left rail.md::Accessibility[1]	left rail,heading,accessibility	5	gallery§Left rail (section headers rendered as `<h4 class="rp-section-head">`, not h2)	contradictory	gallery§Left rail (section headers rendered as `<h4 class="rp-section-head">`, not h2)>>docs/components/Left rail.md::Accessibility[1]	-
r146	reverse	named	Measurement label	docs/components/Measurement label.md::name	measurement label,component	-	gallery	present	-	components
r147	reverse	behavioural	Measurement label must show a value and a unit together; a bare number is ambiguous between millimetres and metres	docs/components/Measurement label.md::Anatomy[1]	measurement label,unit,value	6	gallery§Measurement label ("4.72 m" — value and unit together)	present	-	-
r148	reverse	behavioural	Measurement label must stay attached to the geometry it belongs to: a leader line or a position along the measured edge	docs/components/Measurement label.md::Anatomy[2]	measurement label,geometry	4	gallery§Measurement label (leader line with end ticks, chip positioned along it)	present	-	-
r149	reverse	behavioural	Measurement label lives on InteractionLayer while previewing and moves to AnnotationLayer once kept	docs/components/Measurement label.md::Anatomy[3]	measurement label,interactionlayer,annotationlayer	3	-	retained	-	-
r150	reverse	behavioural	Measurement label's preview state follows the pointer, not yet committed	docs/components/Measurement label.md::States[1]	measurement label,preview	3	-	retained	-	-
r151	reverse	behavioural	Measurement label's placed state is persisted as an annotation	docs/components/Measurement label.md::States[2]	measurement label,placed,annotation	3	-	retained	-	-
r152	reverse	behavioural	Measurement label must have an uncalibrated state: it must never present a measurement as true when the plan is uncalibrated, not a hidden value and not a plausible-looking number	docs/components/Measurement label.md::States[3]	measurement label,uncalibrated,calibration	4	gallery§Measurement label (uncalibrated: hatch + dashed stroke + "not calibrated — no area")	present	-	-
r153	reverse	behavioural	Measurement label is given a world-space distance and the plan's calibration	docs/components/Measurement label.md::Contract[1]	measurement label,calibration,distance	4	gallery§Measurement label Contract (Given: a world-space distance, and the plan's calibration)	present	-	-
r154	reverse	behavioural	Measurement label emits nothing	docs/components/Measurement label.md::Contract[2]	measurement label,emit	3	gallery§Measurement label Contract (Emits: nothing)	present	-	-
r155	reverse	behavioural	Measurement label displays precision; it never decides it, and must not round to fit its own width	docs/components/Measurement label.md::Contract[3]	measurement label,precision,rounding	4	-	retained	-	-
r156	reverse	behavioural	If measurement label and Inspector disagree by a rounding, one of them is wrong; an area is shown once, where it is derived	docs/components/Measurement label.md::Contract[4]	measurement label,inspector,rounding	3	gallery§ (14.7 m² shown identically in Left rail, Status bar, Inspector-derived, and Plan canvas)	present	-	-
r157	reverse	behavioural	Measurement label's drawn number is invisible to a screen reader, so a non-canvas route (status bar for the live value, the annotation's note for the kept value) is required, not optional	docs/components/Measurement label.md::Accessibility[1]	measurement label,screen reader,status bar,accessibility	8	gallery§Status bar ("Measuring 2.06 m" as the non-visual live-value channel)	present	-	-
r158	reverse	named	Modal	docs/components/Modal.md::name	modal,component	-	gallery,prototype,uxd	present	-	components
r159	reverse	behavioural	Modal's title states the decision rather than the category, e.g. Delete Zone? not Confirm	docs/components/Modal.md::Anatomy[1]	modal,title	5	gallery§Modal (title: "Delete the kitchen zone?")	present	-	-
r160	reverse	behavioural	Modal's deletion body must show a reference report before the question, e.g. Referenced by: 3 Work Packages, 7 Tasks, 4 Cost Items, 2 Documents	docs/components/Modal.md::Anatomy[2]	modal,reference report,delete	6	gallery§Modal (reference-report list with counts, shown before the actions)	present	-	-
r161	reverse	behavioural	Modal's deletion actions are exactly four: Cancel, Remove References, Reassign, Delete Anyway; exactly one is destructive and it is neither default nor focused on open	docs/components/Modal.md::Anatomy[3]	modal,cancel,delete anyway,reassign	5	gallery§Modal Anatomy (actions shown: Cancel, Reassign, Delete anyway — 3, not 4; "Remove References" missing)	contradictory	gallery§Modal Anatomy (actions shown: Cancel, Reassign, Delete anyway — 3, not 4; "Remove References" missing)>>docs/components/Modal.md::Anatomy[3]	-
r162	reverse	behavioural	Modal's open state is blocking with focus trapped inside	docs/components/Modal.md::States[1]	modal,open,focus trap	7	gallery§Modal (role="dialog" aria-modal="true" with scrim)	present	-	-
r163	reverse	behavioural	Modal's closed state is not rendered, not merely hidden	docs/components/Modal.md::States[2]	modal,closed	4	-	retained	-	-
r164	reverse	behavioural	A modal whose body is still loading its reference report must not offer Delete Anyway before the report arrives	docs/components/Modal.md::States[3]	modal,delete anyway,loading,reference report	5	-	retained	-	-
r165	reverse	behavioural	Modal is given a title, a body, and a list of actions with one optionally marked destructive	docs/components/Modal.md::Contract[1]	modal,title,body,actions	8	gallery§Modal Contract (Given: a title, a body, and actions with one marked destructive)	present	-	-
r166	reverse	behavioural	Modal emits the chosen action, or a dismissal	docs/components/Modal.md::Contract[2]	modal,emit,dismissal	3	gallery§Modal Contract (Emits: the chosen action, or a dismissal)	present	-	-
r167	reverse	behavioural	A modal dismissal is always Cancel: Escape, the backdrop and the close control all resolve to the same non-action, and none may resolve to the destructive one	docs/components/Modal.md::Contract[3]	modal,dismissal,cancel,escape	5	gallery§Modal (Cancel marked data-default, destructive marked separately)	present	-	-
r168	reverse	behavioural	Modal does not perform the action itself; it reports and offers, the command performs, since a modal that deleted would be a write from a view	docs/components/Modal.md::Contract[4]	modal,command,write boundary	5	gallery§Modal Contract (Emits the choice; does not perform it)	present	-	-
r169	reverse	behavioural	Modal needs role=dialog and an accessible name	docs/components/Modal.md::Accessibility[1]	modal,role,dialog,accessibility	6	gallery§Modal (role="dialog" aria-labelledby="g-del")	present	-	-
r170	reverse	behavioural	Modal needs valid ARIA attributes	docs/components/Modal.md::Accessibility[2]	modal,aria,accessibility	6	gallery§Modal (role, aria-modal, aria-labelledby all valid)	present	-	-
r171	reverse	behavioural	Modal needs a focus trap	docs/components/Modal.md::Accessibility[3]	modal,focus trap,accessibility	6	gallery§Modal (aria-modal="true")	present	-	-
r172	reverse	behavioural	Modal must return focus to the trigger on close	docs/components/Modal.md::Accessibility[4]	modal,focus,close,accessibility	8	wireframes§A.20 (Dialog focus is trapped and restored correctly)	present	-	-
r173	reverse	behavioural	Escape must close the modal	docs/components/Modal.md::Accessibility[5]	modal,escape,accessibility	6	canvas§31 (Escape cancels transient operations)	present	-	-
r174	reverse	named	Plan canvas	docs/components/Plan canvas.md::name	plan canvas,component	-	gallery	present	-	components
r175	reverse	behavioural	Plan canvas's DOM host claims the remaining width and full height of the view shell's body row, and owns only the size	docs/components/Plan canvas.md::Anatomy[1]	plan canvas,view shell,size	4	-	retained	-	-
r176	reverse	behavioural	Plan canvas's Konva stage has seven layers in fixed order: BackgroundLayer, ArchitectureLayer, ZoneLayer, ConstructionLayer, AssetLayer, AnnotationLayer, InteractionLayer	docs/components/Plan canvas.md::Anatomy[2]	plan canvas,konva,layer	5	-	retained	-	-
r177	reverse	behavioural	Plan canvas's default state is a calibrated plan with content	docs/components/Plan canvas.md::States[1]	plan canvas,calibrated	4	gallery§Plan canvas (default specimen shows a populated, drawn plan)	present	-	-
r178	reverse	behavioural	Plan canvas's empty state (no plan imported) is the first thing a new project shows	docs/components/Plan canvas.md::States[2]	plan canvas,empty state	6	gallery§Empty state (No plan imported example)	present	-	-
r179	reverse	behavioural	Plan canvas has a loading state because the first background draw is not free even though redraws are rare	docs/components/Plan canvas.md::States[3]	plan canvas,loading,background	5	wireframes§A.17 Screen States (loading listed as required state)	present	-	-
r180	reverse	behavioural	Plan canvas must have an uncalibrated state: the surface owes a visible condition when the plan is uncalibrated, not a hidden value	docs/components/Plan canvas.md::States[4]	plan canvas,uncalibrated,calibration	5	gallery§Canvas language tokens (Uncalibrated: hatch + word, declared as a canvas-wide token)	present	-	-
r181	reverse	behavioural	Plan canvas is given a render model, never a domain object, via the pipeline domain spatial object to render model to Vue component to vue-konva to Konva node	docs/components/Plan canvas.md::Contract[1]	plan canvas,render model,domain object	6	gallery§Plan canvas Contract (Given: a render model — never a domain object)	present	-	-
r182	reverse	behavioural	Plan canvas emits pointer events into the active tool and does not interpret them itself	docs/components/Plan canvas.md::Contract[2]	plan canvas,pointer event,tool	6	gallery§Plan canvas Contract (Emits: pointer events into the active tool)	present	-	-
r183	reverse	behavioural	Konva objects are never written to the vault	docs/components/Plan canvas.md::Contract[3]	plan canvas,konva,vault	7	prd§21 (Konva node listed among concepts hidden from the interface)	present	-	-
r184	reverse	behavioural	Plan canvas is not the only route to anything; Left rail's Objects section and the Bases route both exist as alternatives	docs/components/Plan canvas.md::Where it appears[1]	plan canvas,left rail,bases	4	gallery§Left rail (Objects section as an alternative route to the canvas)	present	-	-
r185	reverse	behavioural	The canvas has no DOM node per object, so a zone has no accessible name, no inheritable focus ring and no measurable hit target	docs/components/Plan canvas.md::Accessibility[1]	plan canvas,zone,accessible name,accessibility	8	gallery§Canvas section intro ("no DOM node between them: no accessible name, no inherited focus ring, no measurable hit target")	present	-	-
r186	reverse	behavioural	Every canvas state needs a drawn equivalent of the channel a DOM control would otherwise inherit	docs/components/Plan canvas.md::Accessibility[2]	plan canvas,drawn state,accessibility	5	gallery§Canvas section (drawn state tokens: selected stroke, handle rim)	present	-	-
r187	reverse	behavioural	A minimum size on the canvas is a world-to-screen decision, computed against the viewport transform	docs/components/Plan canvas.md::Accessibility[3]	plan canvas,minimum size,viewport,accessibility	5	-	retained	-	-
r188	reverse	behavioural	The canvas cannot be the only route; Left rail's Objects section and the Bases route must both exist	docs/components/Plan canvas.md::Accessibility[4]	plan canvas,left rail,bases,accessibility	5	gallery§Left rail (Objects section as an alternative route)	present	-	-
r189	reverse	named	Save-state indicator	docs/components/Save-state indicator.md::name	save-state indicator,component	-	gallery	present	-	components
r190	reverse	behavioural	Save-state indicator must show a mark and a word together, always, never one alone	docs/components/Save-state indicator.md::Anatomy[1]	save-state indicator,mark,word	2	gallery§Save-state indicator (icon + word in every state)	present	-	-
r191	reverse	behavioural	Save-state indicator's Saved state shows a settled mark and the word	docs/components/Save-state indicator.md::States[1]	save-state indicator,saved	2	gallery§Save-state indicator (Saved: check icon + "Saved")	present	-	-
r192	reverse	behavioural	Save-state indicator's Saving state shows a moving indicator and text	docs/components/Save-state indicator.md::States[2]	save-state indicator,saving	2	gallery§Save-state indicator (Saving: spinner icon + "Saving…")	present	-	-
r193	reverse	behavioural	Save-state indicator's Unsaved Changes state shows a distinct mark and the word, not the absence of the saved mark	docs/components/Save-state indicator.md::States[3]	save-state indicator,unsaved changes	1	gallery§Save-state indicator (Unsaved: distinct dot icon + "Unsaved changes")	present	-	-
r194	reverse	behavioural	Save-state indicator's Save Error state shows an icon and a message	docs/components/Save-state indicator.md::States[4]	save-state indicator,save error	1	gallery§Save-state indicator (Save error: warn icon + message + Retry)	present	-	-
r195	reverse	behavioural	Save-state indicator is given the save state	docs/components/Save-state indicator.md::Contract[1]	save-state indicator,save state	2	gallery§Save-state indicator Contract (Given: the save state)	present	-	-
r196	reverse	behavioural	Save-state indicator emits a retry request only in the Save Error case	docs/components/Save-state indicator.md::Contract[2]	save-state indicator,retry,save error	1	gallery§Save-state indicator Contract (Emits: a retry request, in the error case only)	present	-	-
r197	reverse	behavioural	Save-state indicator does not save; it only observes the result of autosave firing after completed commands and debounced property edits	docs/components/Save-state indicator.md::Contract[3]	save-state indicator,autosave,command	3	gallery§Save-state indicator (Given: the save state — an external, observed input)	present	-	-
r198	reverse	behavioural	Save-state indicator is the canonical case that status must never be encoded by colour alone; every state names a word	docs/components/Save-state indicator.md::Accessibility[1]	save-state indicator,colour,accessibility	5	gallery§Save-state indicator (every state pairs icon with a word)	present	-	-
r199	reverse	behavioural	Save-state indicator is a live region whose four transitions are all meaningful and discrete, none continuous; a fast save flickering through Saving to Saved must not announce twice for one event	docs/components/Save-state indicator.md::Accessibility[2]	save-state indicator,live region,accessibility	5	-	retained	-	-
r200	reverse	named	Selection handle	docs/components/Selection handle.md::name	selection handle,component	-	gallery	present	-	components
r201	reverse	behavioural	Selection handle lives on the InteractionLayer, transient-only; never persisted, never part of the plan	docs/components/Selection handle.md::Anatomy[1]	selection handle,interactionlayer,transient	3	gallery§Selection handle (handles rendered only in the selected state)	present	-	-
r202	reverse	behavioural	Selection handle has corner and edge handles for resize and a rotation grip where snapRotation applies	docs/components/Selection handle.md::Anatomy[2]	selection handle,resize,rotation	2	gallery§Selection handle (4 corner + 2 edge handles, plus a rotation grip)	present	-	-
r203	reverse	behavioural	Selection handle's default state is present because something is selected	docs/components/Selection handle.md::States[1]	selection handle,default,selected	7	gallery§Selection handle (handles shown for the selected state)	present	-	-
r204	reverse	behavioural	Selection handle's hover state changes the cursor, the DOM's one contribution on canvas	docs/components/Selection handle.md::States[2]	selection handle,hover,cursor	1	-	retained	-	-
r205	reverse	behavioural	Selection handle's dragging state means a transform is in progress and not yet committed	docs/components/Selection handle.md::States[3]	selection handle,dragging,transform	1	-	retained	-	-
r206	reverse	behavioural	Selection handle's absent state occurs when nothing is selected or the selected object is locked; a locked object gets no handles at all	docs/components/Selection handle.md::States[4]	selection handle,locked,absent	1	gallery§Selection handle (unselected: no handles; locked: no handles at all)	present	-	-
r207	reverse	behavioural	Selection handle is given the selected object's bounds in world coordinates plus the current viewport transform	docs/components/Selection handle.md::Contract[1]	selection handle,bounds,viewport	1	gallery§Selection handle Contract (Given: the selection's world bounds, and the viewport transform)	present	-	-
r208	reverse	behavioural	Selection handle emits a transform that must be normalized into true domain geometry before it is persisted; it must not persist scaleX/scaleY as true dimensions	docs/components/Selection handle.md::Contract[2]	selection handle,transform,normalize,geometry	3	gallery§Selection handle Contract (Emits: a transform that can be normalized into domain geometry)	present	-	-
r209	reverse	behavioural	A minimum handle size is a world-to-screen decision computed against the viewport transform on every redraw, not a fixed CSS size	docs/components/Selection handle.md::Accessibility[1]	selection handle,minimum size,viewport,accessibility	5	-	retained	-	-
r210	reverse	named	Snap guide	docs/components/Snap guide.md::name	snap guide,component	-	gallery	present	-	components
r211	reverse	behavioural	Snap guide lives on the InteractionLayer, transient, alongside selection handle and drawing previews	docs/components/Snap guide.md::Anatomy[1]	snap guide,interactionlayer	1	-	retained	-	-
r212	reverse	behavioural	Snap guide needs one distinct shape per snap kind; a grid snap and a vertex snap must not be drawn identically	docs/components/Snap guide.md::Anatomy[2]	snap guide,snap,grid,vertex	2	gallery§Snap guide (edge = dashed line, vertex = cross mark: "different operation, different mark")	present	-	-
r213	reverse	behavioural	Snap guide's absent state means no snap applies	docs/components/Snap guide.md::States[1]	snap guide,absent	1	-	retained	-	-
r214	reverse	behavioural	Snap guide's active state is drawn for as long as a snap applies	docs/components/Snap guide.md::States[2]	snap guide,active	5	gallery§Snap guide (drawn marks shown for the active snap)	present	-	-
r215	reverse	behavioural	Snap guide has no hover, focus or selected state, because it is output rather than a control	docs/components/Snap guide.md::States[3]	snap guide,hover,focus,control	7	gallery§Snap guide (no interactive affordances — purely drawn output)	present	-	-
r216	reverse	behavioural	Snap guide is given the snap result: which point was snapped, to what, and by which operation	docs/components/Snap guide.md::Contract[1]	snap guide,snap result,operation	3	gallery§Snap guide Contract (Given: the snap result, including which of the six operations fired)	present	-	-
r217	reverse	behavioural	Snap guide emits nothing	docs/components/Snap guide.md::Contract[2]	snap guide,emit	1	gallery§Snap guide Contract (Emits: nothing — a guide is output, never a target)	present	-	-
r218	reverse	behavioural	A snap guide that cannot name which operation fired cannot be built from its contract; the snap result must carry the operation, not just the adjusted point	docs/components/Snap guide.md::Contract[3]	snap guide,operation,snap result	3	gallery§Snap guide Contract (snap result includes which operation fired)	present	-	-
r219	reverse	behavioural	A snap that is only drawn is invisible to a non-visual user and has no possible drawn equivalent; the second channel must be text, carried by status bar	docs/components/Snap guide.md::Accessibility[1]	snap guide,status bar,accessibility	8	gallery§Status bar ("Snap vertex" — the non-visual text channel)	present	-	-
r220	reverse	named	Status badge	docs/components/Status badge.md::name	status badge,component	-	gallery	present	-	components
r221	reverse	behavioural	Status badge's label carries the meaning; its mark is secondary and exists only to make the label findable	docs/components/Status badge.md::Anatomy[1]	status badge,label,mark	5	gallery§Status badge (Unknown state has no icon, only label text)	present	-	-
r222	reverse	behavioural	Status badge's Health family (stale, recalculating, failed) is owned by this component	docs/components/Status badge.md::States[1]	status badge,health,stale,recalculating,failed	4	gallery§Status badge (Stale, Working/recalculating, Failed shown)	present	-	-
r223	reverse	behavioural	Status badge's Object state family (existing, to-remove, to-retain, planned, in-progress, installed) is not owned by this component	docs/components/Status badge.md::States[2]	status badge,object state	6	gallery§Status badge (only health-family values shown, no object-state values)	present	-	-
r224	reverse	behavioural	Health and object state families must be kept apart; a single badge showing either would conflate telling-the-truth status with building status	docs/components/Status badge.md::States[3]	status badge,health,object state	6	gallery§Status badge (only health-family values shown, kept apart from object state)	present	-	-
r225	reverse	behavioural	Status badge is given a status value and the vocabulary it belongs to	docs/components/Status badge.md::Contract[1]	status badge,status value,vocabulary	6	gallery§Status badge Contract (Given: a status value, and the vocabulary it belongs to)	present	-	-
r226	reverse	behavioural	Status badge emits nothing, or a retry request where the status is a recoverable failure	docs/components/Status badge.md::Contract[2]	status badge,retry,emit	2	gallery§Status badge Contract (Emits: nothing, or a retry)	present	-	-
r227	reverse	behavioural	A status value this version does not know must render as itself, not blank; an unrecognised value must not look lossy on round trip	docs/components/Status badge.md::Contract[3]	status badge,round trip,unknown value	4	gallery§Status badge (Unknown: renders raw value "rooftop-terrace", not blank)	present	-	-
r228	reverse	behavioural	A stale status badge is only meaningful because derived values are recomputed on read, not persisted	docs/components/Status badge.md::Contract[4]	status badge,stale,derived value	4	-	retained	-	-
r229	reverse	behavioural	Status badge never appears inside a Bases row; nothing plugin-specific travels into that row, so a badge there is Obsidian's, not this component's	docs/components/Status badge.md::Where it appears[1]	status badge,bases,region	3	-	retained	-	-
r230	reverse	behavioural	Status badge must never encode status by colour alone; the label itself is the second channel	docs/components/Status badge.md::Accessibility[1]	status badge,colour,accessibility	5	gallery§Status badge (label text always present alongside the icon)	present	-	-
r231	reverse	named	Status bar	docs/components/Status bar.md::name	status bar,component	-	gallery	present	-	components
r232	reverse	behavioural	Status bar has three regions in order: Selection, Measurements, Save state	docs/components/Status bar.md::Anatomy[1]	status bar,selection,measurements,save state	8	gallery§Status bar (rows: selection info, then measurement info, then save state)	present	-	-
r233	reverse	behavioural	Status bar's default state has something selected and no measurement in flight	docs/components/Status bar.md::States[1]	status bar,default,selection	8	gallery§Status bar (default row: "Selected Kitchen" + area, no measurement, Saved)	present	-	-
r234	reverse	behavioural	Status bar's empty-selection state is the commonest state and is not treated as an empty state component; a bar with nothing to say stays a bar	docs/components/Status bar.md::States[2]	status bar,empty selection	8	gallery§Status bar ("No selection" shown as plain bar text, not the Empty state pattern)	present	-	-
r235	reverse	behavioural	Status bar's measuring state shows a live, updating value	docs/components/Status bar.md::States[3]	status bar,measuring	8	gallery§Status bar ("Measuring 2.06 m" — a live value)	present	-	-
r236	reverse	behavioural	Status bar is given the current selection summary and the active measurement	docs/components/Status bar.md::Contract[1]	status bar,selection,measurement	8	gallery§Status bar Contract (Given: the selection summary and the active measurement, display-ready)	present	-	-
r237	reverse	behavioural	Status bar emits nothing	docs/components/Status bar.md::Contract[2]	status bar,emit	8	gallery§Status bar Contract (Emits: nothing — it is a readout)	present	-	-
r238	reverse	behavioural	Status bar may not re-derive a number; it must be handed display-ready values already precision-decided by the component that derived them	docs/components/Status bar.md::Contract[3]	status bar,rounding,precision	8	gallery§Status bar Contract (Given: ...display-ready)	present	-	-
r239	reverse	behavioural	Status bar is the non-visual channel for snap guide and the live half of measurement label	docs/components/Status bar.md::Where it appears[1]	status bar,snap guide,measurement label	8	gallery§Status bar (Row 3: "Measuring 2.06 m" + "Snap vertex" together)	present	-	-
r240	reverse	behavioural	Status bar must not wire the whole bar as one aria-live=polite container; only the parts that change meaningfully get the live region, not the parts that change continuously	docs/components/Status bar.md::Accessibility[1]	status bar,live region,aria-live,accessibility	8	-	retained	-	-
r241	reverse	named	Toast	docs/components/Toast.md::name	toast,component	-	gallery	present	-	components
r242	reverse	behavioural	Toast's message must already be translated and user-facing	docs/components/Toast.md::Anatomy[1]	toast,message	2	gallery§Toast (final user-facing text, no raw error codes)	present	-	-
r243	reverse	behavioural	Toast may optionally carry one action: undo, retry, or reveal	docs/components/Toast.md::Anatomy[2]	toast,action,undo,retry	8	gallery§Toast (benign: Undo action; failing: "Pick another file" action)	present	-	-
r244	reverse	behavioural	Toast always has a dismiss, and a timeout for the benign case	docs/components/Toast.md::Anatomy[3]	toast,dismiss,timeout	1	gallery§Toast (dismiss button present on both benign and failing toast)	present	-	-
r245	reverse	behavioural	Toast's entering state is the one place this component has motion	docs/components/Toast.md::States[1]	toast,entering,motion	1	-	retained	-	-
r246	reverse	behavioural	Toast's present state is visible, counting down or waiting	docs/components/Toast.md::States[2]	toast,present	2	-	retained	-	-
r247	reverse	behavioural	Toast's leaving state covers dismissed, timed out, or superseded	docs/components/Toast.md::States[3]	toast,leaving	1	-	retained	-	-
r248	reverse	behavioural	Toast has no focus state and takes no focus; it must not interrupt what the user was doing	docs/components/Toast.md::States[4]	toast,focus	6	-	retained	-	-
r249	reverse	behavioural	Toast is given a user-facing message already mapped at the application boundary, not an Error object it formats itself	docs/components/Toast.md::Contract[1]	toast,message,application boundary	2	gallery.txt§Shared vocabulary/Toast	present	-	-
r250	reverse	behavioural	Toast emits a dismiss, and its action where one exists	docs/components/Toast.md::Contract[2]	toast,dismiss,emit	1	gallery.txt§Shared vocabulary/Toast	present	-	-
r251	reverse	behavioural	Toast does not decide that it is the right surface; routing which category becomes a toast vs inline error vs modal vs status badge is not this component's job	docs/components/Toast.md::Contract[3]	toast,routing,status badge,modal	3	gallery.txt§Shared vocabulary (intro)	present	-	-
r252	reverse	behavioural	Toast's region is overlay because it genuinely overlays rather than displacing content	docs/components/Toast.md::Where it appears[1]	toast,region,overlay	2	gallery.txt§Shared vocabulary/Toast	present	-	-
r253	reverse	behavioural	Toast needs role=status for the benign case and role=alert for the failing case, and neither on a container that is already present before content appears	docs/components/Toast.md::Accessibility[1]	toast,role,status,alert,accessibility	8	gallery.txt§Shared vocabulary/Toast	present	-	-
r254	reverse	behavioural	A toast message that disappears before it can be read is inaccessible regardless of ARIA; the timeout must allow reading	docs/components/Toast.md::Accessibility[2]	toast,timeout,accessibility	5	-	retained	-	-
r255	reverse	named	Tool button	docs/components/Tool button.md::name	tool button,component	-	gallery	present	-	components
r256	reverse	behavioural	Tool button's icon comes from Obsidian's own set via setIcon and is not decoration; the icon is the button	docs/components/Tool button.md::Anatomy[1]	tool button,icon,seticon	5	gallery.txt§Chrome/Tool button	present	-	-
r257	reverse	behavioural	Tool button always needs an accessible name, because the icon is not one	docs/components/Tool button.md::Anatomy[2]	tool button,accessible name	5	gallery.txt§Chrome/Tool button	present	-	-
r258	reverse	behavioural	Tool button may optionally show the keyboard hint for its shortcut	docs/components/Tool button.md::Anatomy[3]	tool button,keyboard shortcut	3	-	retained	-	-
r259	reverse	behavioural	Tool button must not use inline styles; a state is a class	docs/components/Tool button.md::Anatomy[4]	tool button,inline style	1	-	retained	-	-
r260	reverse	behavioural	Tool button's focus state is reached by arrow key inside the toolbar, not by tab	docs/components/Tool button.md::States[1]	tool button,focus,arrow key,toolbar	6	gallery.txt§Chrome/Toolbar	present	-	-
r261	reverse	behavioural	Tool button's active/pressed state, the pointer-down moment, is distinct from its selected state	docs/components/Tool button.md::States[2]	tool button,active,pressed	5	gallery.txt§Chrome/Tool button	contradictory	gallery§Chrome/Tool button>>docs/components/Tool button.md::States[2]	-
r262	reverse	behavioural	Tool button's selected state marks the active tool and must not be colour alone	docs/components/Tool button.md::States[3]	tool button,selected,colour	5	gallery.txt§Chrome/Tool button	present	-	-
r263	reverse	behavioural	Tool button's disabled state means a tool unavailable in the current mode, conveyed via aria-disabled, not removal	docs/components/Tool button.md::States[4]	tool button,disabled,aria-disabled	1	gallery.txt§Chrome/Tool button	present	-	-
r264	reverse	behavioural	Tool button is given a tool id, an icon name, a label, and whether it is the active tool	docs/components/Tool button.md::Contract[1]	tool button,tool id,label	7	gallery.txt§Chrome/Tool button	present	-	-
r265	reverse	behavioural	Tool button emits an activation request for its id	docs/components/Tool button.md::Contract[2]	tool button,activation,emit	2	gallery.txt§Chrome/Tool button	present	-	-
r266	reverse	behavioural	Tool button knows nothing about the tool it activates: not the tool interface, not its context	docs/components/Tool button.md::Contract[3]	tool button,tool,context	8	gallery.txt§Chrome/Tool button	present	-	-
r267	reverse	behavioural	Tool button's hit target size cannot be measured in this repository; jsdom answers zero for every box so axe's target-size rule reports a false pass, and only a live vault build verifies it	docs/components/Tool button.md::Accessibility[1]	tool button,hit target,accessibility	7	-	retained	-	-
r268	reverse	behavioural	Tool button's selected tool needs aria-pressed	docs/components/Tool button.md::Accessibility[2]	tool button,aria-pressed,accessibility	5	gallery.txt§Chrome/Tool button	present	-	-
r269	reverse	behavioural	Tool button's focus needs a ring with its own thickness	docs/components/Tool button.md::Accessibility[3]	tool button,focus ring,accessibility	5	-	retained	-	-
r270	reverse	named	Toolbar	docs/components/Toolbar.md::name	toolbar,component	-	canvas,gallery	present	-	components
r271	reverse	behavioural	Toolbar holds a horizontal group of tool buttons in a fixed order: Select, Pan, Draw Area, Place Asset, Measure, Annotate	docs/components/Toolbar.md::Anatomy[1]	toolbar,tool button,select,pan	6	gallery.txt§Chrome/Toolbar	present	-	-
r272	reverse	behavioural	Overflow is the toolbar's problem, not the tool button's	docs/components/Toolbar.md::Anatomy[2]	toolbar,overflow,tool button	2	-	retained	-	-
r273	reverse	behavioural	Toolbar has no hover, focus or selected state of its own; each belongs to the tool button inside it	docs/components/Toolbar.md::States[1]	toolbar,hover,focus,tool button	6	gallery.txt§Chrome/Toolbar	present	-	-
r274	reverse	behavioural	Toolbar owns a single invariant: exactly one button is active at a time, and no button can enforce it alone	docs/components/Toolbar.md::States[2]	toolbar,active,invariant	6	gallery.txt§Chrome/Toolbar	present	-	-
r275	reverse	behavioural	Toolbar is given the tool registry and the id of the active tool	docs/components/Toolbar.md::Contract[1]	toolbar,tool registry,active tool	4	gallery.txt§Chrome/Toolbar	present	-	-
r276	reverse	behavioural	Toolbar emits a tool-activation request	docs/components/Toolbar.md::Contract[2]	toolbar,activation,emit	3	gallery.txt§Chrome/Toolbar	present	-	-
r277	reverse	behavioural	Toolbar does not activate the tool itself; a toolbar that called activate directly would reach past the application layer	docs/components/Toolbar.md::Contract[3]	toolbar,activate,application layer	3	gallery.txt§Chrome/Toolbar	present	-	-
r278	reverse	behavioural	Toolbar must use the roving tabstop pattern: one tab stop for the whole group, arrow keys moving within it, and role=toolbar naming it	docs/components/Toolbar.md::Accessibility[1]	toolbar,roving tabstop,role,accessibility	5	gallery.txt§Chrome/Toolbar	present	-	-
r279	reverse	named	View shell	docs/components/View shell.md::name	view shell,component	-	gallery	present	-	components
r280	reverse	behavioural	View shell is one root element carrying exactly the class renovation-planner-view and nothing else	docs/components/View shell.md::Anatomy[1]	view shell,root element,class	6	-	retained	-	-
r281	reverse	behavioural	View shell is a column flexbox filling the leaf	docs/components/View shell.md::Anatomy[2]	view shell,flexbox,leaf	2	gallery.txt§Chrome/View shell	present	-	-
r282	reverse	behavioural	View shell does not own Obsidian's chrome above it; restyling workspace-leaf-content, view-header or view-content is reaching outside the boundary	docs/components/View shell.md::Anatomy[3]	view shell,chrome,view-header	2	-	retained	-	-
r283	reverse	behavioural	View shell has almost none of the design system's states, just Default	docs/components/View shell.md::States[1]	view shell,default,state	8	gallery.txt§Chrome/View shell	present	-	-
r284	reverse	behavioural	View shell has modes, not states: the project surface and the plan editor are two modes of one view type, persisted through getState()	docs/components/View shell.md::States[2]	view shell,mode,getstate	5	-	retained	-	-
r285	reverse	behavioural	View shell is given the leaf and nothing else	docs/components/View shell.md::Contract[1]	view shell,leaf	2	gallery.txt§Chrome/View shell	present	-	-
r286	reverse	behavioural	View shell emits nothing	docs/components/View shell.md::Contract[2]	view shell,emit	2	gallery.txt§Chrome/View shell	present	-	-
r287	reverse	behavioural	View shell must claim its height; a shell that does not fill the leaf collapses to a sliver of its pane	docs/components/View shell.md::Contract[3]	view shell,height,leaf	2	gallery.txt§Chrome/View shell	present	-	-
r288	reverse	behavioural	Every colour view shell declares must come from an Obsidian variable, so a themed vault stays themed	docs/components/View shell.md::Contract[4]	view shell,colour,obsidian variable,theme	8	gallery.txt§The canvas language, proposed	present	-	-
r289	reverse	behavioural	Whether view shell should be a landmark is undecided and unmeasurable by the accessibility harness, which scans only inside contentEl	docs/components/View shell.md::Accessibility[1]	view shell,landmark,accessibility	5	-	retained	-	-
r290	reverse	named	Asset	docs/entities/Asset.md::name	asset	-	gallery,prd,uxd	present	-	entities
r291	reverse	behavioural	An asset is a kind of thing, not an amount of it; folding quantity into the asset would duplicate the asset and its price when reused	docs/entities/Asset.md::Description[1]	asset,requirement,quantity	8	-	retained	-	-
r292	reverse	behavioural	Labour is modelled as an asset too (e.g. electrician hours), not only materials, which is why the entity is called Asset rather than Material	docs/entities/Asset.md::Description[2]	asset,labour,material	8	-	retained	-	-
r293	reverse	behavioural	Asset is a markdown note in a per-project library folder with a stable id	docs/entities/Asset.md::Identity and persistence[1]	asset,note,id	8	-	retained	-	-
r294	reverse	behavioural	Category, unit and unit price live in an asset's frontmatter so the library is searchable and queryable; product data, links and photos live in the body	docs/entities/Asset.md::Identity and persistence[2]	asset,frontmatter,category,unit,price	8	-	retained	-	-
r295	reverse	behavioural	An asset belongs to exactly one project; the asset library is per project, not global	docs/entities/Asset.md::Relationships[1]	asset,project,library	8	-	retained	-	-
r296	reverse	behavioural	An asset may be referenced by zero or more requirements	docs/entities/Asset.md::Relationships[2]	asset,requirement	8	-	retained	-	-
r297	reverse	behavioural	An asset may be priced by zero or more quote lines, from zero or more suppliers	docs/entities/Asset.md::Relationships[3]	asset,quote,supplier,price	8	-	retained	-	-
r298	reverse	behavioural	An asset may be placed on a plan as a spatial object	docs/entities/Asset.md::Relationships[4]	asset,plan,spatial object	8	gallery.txt§Toolbar-PlaceAsset	present	-	-
r299	reverse	behavioural	An asset may be documented by a document, such as data sheets and installation manuals	docs/entities/Asset.md::Relationships[5]	asset,document	8	-	retained	-	-
r300	reverse	behavioural	Asset categories are configurable	docs/entities/Asset.md::Rules[1]	asset,category,configurable	8	-	retained	-	-
r301	reverse	behavioural	An asset's price is a default, not a fact; a quote beats it, and a cost item records what was actually used	docs/entities/Asset.md::Rules[2]	asset,price,quote,cost item	8	-	retained	-	-
r302	reverse	behavioural	One asset has exactly one unit; an item sold by both the piece and the m2 is two assets	docs/entities/Asset.md::Rules[3]	asset,unit	8	-	retained	-	-
r303	reverse	behavioural	Package size and minimum order quantity belong to the asset, and are what a procurement item rounds its purchase quantity against	docs/entities/Asset.md::Rules[4]	asset,package size,minimum order quantity,procurement item	8	-	retained	-	-
r304	reverse	named	Building	docs/entities/Building.md::name	building	-	canvas,jtbd,prd,prototype,research,uxd	present	-	entities
r305	reverse	behavioural	A building's whole job is to be the thing a floor belongs to; without it, the ground floor is ambiguous once a property has more than one building	docs/entities/Building.md::Description[1]	building,floor	8	-	retained	-	-
r306	reverse	behavioural	Building is a note with a stable id, commonly absent on a single-building project where building and site are the same thing	docs/entities/Building.md::Identity and persistence[1]	building,note,id,site	8	-	retained	-	-
r307	reverse	behavioural	A building belongs to exactly one site	docs/entities/Building.md::Relationships[1]	building,site	8	-	retained	-	-
r308	reverse	behavioural	A building contains zero or more floors	docs/entities/Building.md::Relationships[2]	building,floor	8	prd.txt§19-InfoArchitecture	present	-	-
r309	reverse	behavioural	A building is distinct from an outdoor area, which is the site's other branch and has no floors	docs/entities/Building.md::Relationships[3]	building,outdoor area,floor	8	prd.txt§14-Epic5-SpatialContextNav	present	-	-
r310	reverse	behavioural	A building carries no geometry; it is depicted by plans, not drawn	docs/entities/Building.md::Rules[1]	building,geometry,plan	8	-	retained	-	-
r311	reverse	behavioural	A building with no floors modelled is still valid; the hierarchy is optional depth, not a required path	docs/entities/Building.md::Rules[2]	building,floor,hierarchy	8	-	retained	-	-
r312	reverse	named	Constraint	docs/entities/Constraint.md::name	constraint	-	jtbd	present	-	entities
r313	reverse	behavioural	A constraint is not an event: unlike a risk (might happen) or an issue (has happened), a constraint simply is and is never resolved or mitigated; it is the boundary of the solution space	docs/entities/Constraint.md::Description[1]	constraint,risk,issue	5	-	retained	-	-
r314	reverse	behavioural	A constraint does not get worked on, it gets checked against; a decision that violates one has to be revisited	docs/entities/Constraint.md::Description[2]	constraint,decision	6	-	retained	-	-
r315	reverse	behavioural	Constraint is a markdown note with a stable id, the kind of constraint and the affected entity in frontmatter, frequently one sentence and a number	docs/entities/Constraint.md::Identity and persistence[1]	constraint,note,id	8	-	retained	-	-
r316	reverse	behavioural	A constraint is attached to the project, a zone, a construction section or a work package	docs/entities/Constraint.md::Relationships[1]	constraint,project,zone,construction section,work package	8	-	retained	-	-
r317	reverse	behavioural	A constraint bounds decision and scenario; a scenario violating a constraint is not an option	docs/entities/Constraint.md::Relationships[2]	constraint,decision,scenario	6	-	retained	-	-
r318	reverse	behavioural	A constraint may bound a cost item as a budget ceiling, or the schedule as a fixed date	docs/entities/Constraint.md::Relationships[3]	constraint,cost item,schedule	8	-	retained	-	-
r319	reverse	behavioural	A constraint may be shown on a plan as a marker spatial object	docs/entities/Constraint.md::Relationships[4]	constraint,plan,spatial object	8	-	retained	-	-
r320	reverse	behavioural	A constraint is not resolvable; it has no done state, distinguishing it from an issue	docs/entities/Constraint.md::Rules[1]	constraint,issue	5	-	retained	-	-
r321	reverse	behavioural	Changing a constraint is a decision, usually a significant one, and keeps its history	docs/entities/Constraint.md::Rules[2]	constraint,decision,history	6	-	retained	-	-
r322	reverse	behavioural	A constraint's value is in being checkable; one written as prose nobody can compare against is a reminder, not a constraint	docs/entities/Constraint.md::Rules[3]	constraint,checkable	1	-	retained	-	-
r323	reverse	named	Construction section	docs/entities/Construction section.md::name	construction section	-	-	retained	-	entities
r324	reverse	behavioural	A construction section is the level at which a renovation is decided about; a renovator postpones, prioritises, budgets or drops it as a unit, which is why it carries both a budget and a phase unlike its neighbours	docs/entities/Construction section.md::Description[1]	construction section,budget,phase	7	-	retained	-	-
r325	reverse	behavioural	A construction section cuts across the spatial hierarchy rather than sitting inside it, and may span multiple zones and multiple plans; a section that could only contain one zone would collapse into the zone	docs/entities/Construction section.md::Description[2]	construction section,zone,plan	8	-	retained	-	-
r326	reverse	behavioural	Construction section is a markdown note with a stable id, status, priority, phase and planned dates in frontmatter	docs/entities/Construction section.md::Identity and persistence[1]	construction section,note,id,status,priority,phase	8	-	retained	-	-
r327	reverse	behavioural	A construction section belongs to exactly one project	docs/entities/Construction section.md::Relationships[1]	construction section,project	7	-	retained	-	-
r328	reverse	behavioural	A construction section spans zero or more zones, across zero or more plans	docs/entities/Construction section.md::Relationships[2]	construction section,zone,plan	8	-	retained	-	-
r329	reverse	behavioural	A construction section contains zero or more work packages	docs/entities/Construction section.md::Relationships[3]	construction section,work package	7	-	retained	-	-
r330	reverse	behavioural	A construction section involves zero or more trades, derived from its work packages rather than set twice	docs/entities/Construction section.md::Relationships[4]	construction section,trade,work package	8	-	retained	-	-
r331	reverse	behavioural	A construction section carries a budget, aggregating cost items beneath it	docs/entities/Construction section.md::Relationships[5]	construction section,budget,cost item	8	-	retained	-	-
r332	reverse	behavioural	A construction section may appear on a plan as a PlanningZone spatial object	docs/entities/Construction section.md::Relationships[6]	construction section,plan,spatial object	8	-	retained	-	-
r333	reverse	behavioural	A construction section's budget is a ceiling set by a human, while the estimate beneath it is computed, kept as separate cost types so the comparison is possible	docs/entities/Construction section.md::Rules[1]	construction section,budget,estimate	7	-	retained	-	-
r334	reverse	behavioural	Actual cost, estimated cost and progress on a construction section are all derived from its work packages, never entered on the section itself	docs/entities/Construction section.md::Rules[2]	construction section,cost,progress,work package	8	-	retained	-	-
r335	reverse	behavioural	Dates are planned at the construction section level and actual at task level; a section's real dates are derived	docs/entities/Construction section.md::Rules[3]	construction section,task,date	7	-	retained	-	-
r336	reverse	named	Cost item	docs/entities/Cost item.md::name	cost item	-	gallery	present	-	entities
r337	reverse	behavioural	A cost item carries a cost type (Budget, Estimated, Quoted, Committed, Actual); the forecast is arithmetic across those types and collapsing them into one number makes it impossible to answer whether the project is over budget	docs/entities/Cost item.md::Description[1]	cost item,cost type,forecast	7	-	retained	-	-
r338	reverse	behavioural	Price components (discount, shipping, deposit, surcharge, tax, contingency) are parts of a cost item rather than cost items of their own	docs/entities/Cost item.md::Description[2]	cost item,price component,discount,shipping,tax,contingency	7	-	retained	-	-
r339	reverse	behavioural	The cost pipeline applies its components in a fixed order: quantity, unit price, discount, shipping, surcharge, tax, estimated cost, with contingency held beside the estimate and a deposit belonging to the payment lifecycle rather than the price; order matters because tax on a discounted total differs from a discount on a taxed total	docs/entities/Cost item.md::Description[3]	cost item,discount,shipping,tax,contingency,order	7	-	retained	-	-
r340	reverse	behavioural	Cost item is a note with a stable id, the cost type, quantity, unit price and component breakdown; a quoted or actual value is persisted because it is a historical fact that must not move when the drawing does	docs/entities/Cost item.md::Identity and persistence[1]	cost item,note,id,quantity,requirement,asset	8	-	retained	-	-
r341	reverse	behavioural	A cost item rolls up to a work package, then a construction section, then the project	docs/entities/Cost item.md::Relationships[1]	cost item,work package,construction section,project	8	-	retained	-	-
r342	reverse	behavioural	A cost item aggregates by zone, trade, asset and supplier as well	docs/entities/Cost item.md::Relationships[2]	cost item,zone,trade,asset,supplier	8	uxd.txt§17-CostJourney	present	-	-
r343	reverse	behavioural	A cost item is derived from a requirement where the type is estimated, from a quote where quoted, from a procurement item where committed, and from an invoice where actual	docs/entities/Cost item.md::Relationships[3]	cost item,requirement,quote,procurement item,invoice	8	-	retained	-	-
r344	reverse	behavioural	A cost item is denominated in money and measured in quantity	docs/entities/Cost item.md::Relationships[4]	cost item,money,quantity	8	-	retained	-	-
r345	reverse	behavioural	A cost item never uses native floating-point arithmetic; decimal.js, always	docs/entities/Cost item.md::Rules[1]	cost item,floating point,decimal	7	-	retained	-	-
r346	reverse	behavioural	Estimated values on a cost item are derived and recomputed; quoted, committed and actual values are recorded and do not move	docs/entities/Cost item.md::Rules[2]	cost item,estimated,quoted,committed,actual	8	research.txt§9-BudgetsDriftFromReality	present	-	-
r347	reverse	behavioural	Committed on a cost item means not-yet-invoiced, and the forecast is computed on that reading; booking an invoice retires the matching commitment	docs/entities/Cost item.md::Rules[3]	cost item,committed,invoice,forecast	7	-	retained	-	-
r348	reverse	behavioural	Tax support on a cost item is planning support, not accounting or tax advice	docs/entities/Cost item.md::Rules[4]	cost item,tax	7	-	retained	-	-
r349	reverse	behavioural	Contingency is held apart from the estimate rather than added into it, so the remaining-buffer question stays answerable	docs/entities/Cost item.md::Rules[5]	cost item,contingency,estimate	8	-	retained	-	-
r350	reverse	named	Decision	docs/entities/Decision.md::name	decision	-	canvas,jtbd,prd,prototype,research,uxd	present	-	entities
r351	reverse	behavioural	The alternatives rejected are the content of a decision; recording only what was chosen leaves the reasoning to be re-derived later	docs/entities/Decision.md::Description[1]	decision,alternative	6	canvas.txt§11-Decision	present	-	-
r352	reverse	behavioural	A decision blocks work: a decision-to-work-package dependency is a real schedule constraint, such as being unable to order until the tile is chosen	docs/entities/Decision.md::Description[2]	decision,work package,dependency	8	-	retained	-	-
r353	reverse	behavioural	A decision's relationship to a scenario is sequential: a scenario is the comparison, a decision is the outcome of one	docs/entities/Decision.md::Description[3]	decision,scenario	6	-	retained	-	-
r354	reverse	behavioural	Decision is a markdown note with a stable id, the date and status in frontmatter, and reasoning in the body	docs/entities/Decision.md::Identity and persistence[1]	decision,note,id,status	8	-	retained	-	-
r355	reverse	behavioural	A decision blocks zero or more work packages via a dependency	docs/entities/Decision.md::Relationships[1]	decision,work package,dependency	8	-	retained	-	-
r356	reverse	behavioural	A decision may select a scenario	docs/entities/Decision.md::Relationships[2]	decision,scenario	6	-	retained	-	-
r357	reverse	behavioural	A decision's impacts reach cost items, the schedule, assets, procurement items, work packages and tasks	docs/entities/Decision.md::Relationships[3]	decision,cost item,schedule,asset,procurement item,work package,task	8	-	retained	-	-
r358	reverse	behavioural	A decision may resolve an issue or accept a risk	docs/entities/Decision.md::Relationships[4]	decision,issue,risk	7	-	retained	-	-
r359	reverse	behavioural	A decision may be occasioned by a constraint	docs/entities/Decision.md::Relationships[5]	decision,constraint	6	-	retained	-	-
r360	reverse	behavioural	A decision records the alternatives it rejected, or it is only a note saying what happened	docs/entities/Decision.md::Rules[1]	decision,alternative	6	-	retained	-	-
r361	reverse	behavioural	A decision is not deleted when superseded; a reversed decision plus the reversal is the record	docs/entities/Decision.md::Rules[2]	decision,superseded	6	-	retained	-	-
r362	reverse	behavioural	Impact analysis for a decision is derived at the time of asking, reading the current graph rather than replaying what was true when the decision was taken	docs/entities/Decision.md::Rules[3]	decision,impact analysis	6	-	retained	-	-
r363	reverse	named	Dependency	docs/entities/Dependency.md::name	dependency	-	-	retained	-	entities
r364	reverse	behavioural	A dependency is allowed only between five specific pairs: work package to work package, task to task, procurement item to work package, decision to work package, and milestone to work package	docs/entities/Dependency.md::Description[1]	dependency,work package,task,procurement item,decision,milestone	8	-	retained	-	-
r365	reverse	behavioural	A dependency has three types that are not flavours of the same thing: Finish-to-Start moves dates, Blocking changes status, and Informational changes nothing automatically	docs/entities/Dependency.md::Description[2]	dependency,finish-to-start,blocking,informational	3	-	retained	-	-
r366	reverse	behavioural	Dependency is modelled as an entity rather than a list of ids so an informational relationship, which has no direction a scheduler should act on, can be recorded without being misused into rescheduling	docs/entities/Dependency.md::Description[3]	dependency,informational	0	-	retained	-	-
r367	reverse	behavioural	A dependency is frontmatter on the dependent side, referencing the other by stable id, with a type; it has no note of its own, no lifecycle, no cost and no body	docs/entities/Dependency.md::Identity and persistence[1]	dependency,id,frontmatter	3	-	retained	-	-
r368	reverse	behavioural	A dependency connects exactly two entities, from the permitted pairs	docs/entities/Dependency.md::Relationships[1]	dependency,entity	4	-	retained	-	-
r369	reverse	behavioural	A dependency is consumed by milestone and the schedule, and by work package status	docs/entities/Dependency.md::Relationships[2]	dependency,milestone,schedule,work package,status	8	-	retained	-	-
r370	reverse	behavioural	Dependency references are by stable id; a dependency pointing at a deleted note is a dangling reference that must be detected	docs/entities/Dependency.md::Rules[1]	dependency,id,dangling reference	3	-	retained	-	-
r371	reverse	behavioural	A cycle in dependencies is invalid and must be refused at the point it would be created, not discovered later by a scheduler that fails to terminate	docs/entities/Dependency.md::Rules[2]	dependency,cycle	0	-	retained	-	-
r372	reverse	behavioural	Only Finish-to-Start dependencies move dates; Blocking changes status; Informational changes nothing	docs/entities/Dependency.md::Rules[3]	dependency,finish-to-start,blocking,informational,date,status	8	-	retained	-	-
r373	reverse	named	Document	docs/entities/Document.md::name	document	-	canvas,gallery,jtbd,prd,prototype,research,uxd,wireframes	present	-	entities
r374	reverse	behavioural	Document versus Photo: a photo is a document by category but gets its own note because it has a spatial reference to a point on a plan and a place in a time-ordered progress record, while everything else in the document category list is a file with a link and a date	docs/entities/Document.md::Description[1]	document,photo,plan	8	research.txt§17-PhotosBecomeUnusableArchive	present	-	-
r375	reverse	behavioural	PDF handling is real work rather than storage; a PDF may be both evidence as a document and the background of a plan	docs/entities/Document.md::Description[2]	document,pdf,plan	8	-	retained	-	-
r376	reverse	behavioural	Document is a note with a stable id, category, date and linked entity in frontmatter, pointing at a file in the vault's attachments; the note is the metadata and link, the attachment is the bytes	docs/entities/Document.md::Identity and persistence[1]	document,note,id,attachment	8	-	retained	-	-
r377	reverse	behavioural	A document belongs to exactly one project	docs/entities/Document.md::Relationships[1]	document,project	8	-	retained	-	-
r378	reverse	behavioural	A document links to any domain entity, such as zone, asset, work package, supplier, invoice or quote	docs/entities/Document.md::Relationships[2]	document,zone,asset,work package,supplier,invoice,quote	8	-	retained	-	-
r379	reverse	behavioural	A document may be the background of a plan	docs/entities/Document.md::Relationships[3]	document,plan	8	-	retained	-	-
r380	reverse	behavioural	Photo is a document category with extra capability	docs/entities/Document.md::Relationships[4]	document,photo	8	research.txt§17-PhotosBecomeUnusableArchive	present	-	-
r381	reverse	behavioural	A document is categorised from a fixed list, extensible per configuration; other is included precisely because the list will be incomplete	docs/entities/Document.md::Rules[1]	document,category,configurable	8	-	retained	-	-
r382	reverse	behavioural	A document's link is by stable id; a document reachable only by folder placement is disconnected by a rename	docs/entities/Document.md::Rules[2]	document,id,rename	8	-	retained	-	-
r383	reverse	behavioural	The plugin does not move or rename the user's attachments; that is the vault's business and its owner's	docs/entities/Document.md::Rules[3]	document,attachment,vault	8	-	retained	-	-
r384	reverse	named	Floor	docs/entities/Floor.md::name	floor	-	canvas,gallery,jtbd,prd,prototype,research,uxd,wireframes	present	-	entities
r385	reverse	behavioural	A floor and a plan stay separate entities even though they are close to one-to-one in practice, because they answer different questions: the floor is part of the building, the plan is a drawing with a scale and background image, and one floor can have several plans across plan revisions	docs/entities/Floor.md::Description[1]	floor,plan,plan revision	8	-	retained	-	-
r386	reverse	behavioural	Floor is a note with a stable id	docs/entities/Floor.md::Identity and persistence[1]	floor,note,id	8	-	retained	-	-
r387	reverse	behavioural	A floor belongs to exactly one building	docs/entities/Floor.md::Relationships[1]	floor,building	8	prd.txt§19-InfoArchitecture	present	-	-
r388	reverse	behavioural	A floor contains zero or more spaces	docs/entities/Floor.md::Relationships[2]	floor,space	8	-	retained	-	-
r389	reverse	behavioural	A floor is usually depicted by one plan, but that is a convention rather than a constraint	docs/entities/Floor.md::Relationships[3]	floor,plan	8	-	retained	-	-
r390	reverse	behavioural	A floor carries no geometry of its own	docs/entities/Floor.md::Rules[1]	floor,geometry	8	-	retained	-	-
r391	reverse	behavioural	Floor naming is the user's; custom types such as Souterrain or Dachgeschoss must round-trip unchanged	docs/entities/Floor.md::Rules[2]	floor,naming,round trip	8	-	retained	-	-
r392	reverse	named	Invoice	docs/entities/Invoice.md::name	invoice	-	research,uxd	present	-	entities
r393	reverse	behavioural	An invoice produces the Actual cost type, the only figure in the model that is a fact rather than a calculation, and is the anchor everything else is measured against	docs/entities/Invoice.md::Description[1]	invoice,actual,cost type	7	research.txt§9-BudgetsDriftFromReality	present	-	-
r394	reverse	behavioural	Payment is a state on the invoice, not an entity of its own: one date and one flag	docs/entities/Invoice.md::Description[2]	invoice,payment,state	8	-	retained	-	-
r395	reverse	behavioural	Invoice is a markdown note with a stable id, the supplier id, invoice number, date, due date, net/tax/gross and payment state in frontmatter	docs/entities/Invoice.md::Identity and persistence[1]	invoice,note,id,supplier,payment	8	-	retained	-	-
r396	reverse	behavioural	An invoice is received from exactly one supplier	docs/entities/Invoice.md::Relationships[1]	invoice,supplier	3	-	retained	-	-
r397	reverse	behavioural	An invoice usually settles an order, and through it one or more procurement items	docs/entities/Invoice.md::Relationships[2]	invoice,order,procurement item	7	-	retained	-	-
r398	reverse	behavioural	An invoice produces Actual cost items, which retire the corresponding Committed ones	docs/entities/Invoice.md::Relationships[3]	invoice,cost item,committed,actual	7	-	retained	-	-
r399	reverse	behavioural	An invoice is evidenced by a document; the scan is the invoice document	docs/entities/Invoice.md::Relationships[4]	invoice,document	8	-	retained	-	-
r400	reverse	behavioural	Actual cost on an invoice is recorded, never derived, and never moves afterwards	docs/entities/Invoice.md::Rules[1]	invoice,actual,cost	7	research.txt§9-BudgetsDriftFromReality	present	-	-
r401	reverse	behavioural	Booking an invoice retires the matching commitment; counting both is the classic way to overstate a forecast	docs/entities/Invoice.md::Rules[2]	invoice,commitment,forecast	2	-	retained	-	-
r402	reverse	behavioural	An invoice with no matching order is legitimate; not everything bought was ordered formally	docs/entities/Invoice.md::Rules[3]	invoice,order	5	-	retained	-	-
r403	reverse	named	Issue	docs/entities/Issue.md::name	issue	-	canvas,research	present	-	entities
r404	reverse	behavioural	An issue is actual: it has already happened, so probability is meaningless and impact is observed; what it needs is resolution and an owner, not mitigation, distinguishing it from a risk	docs/entities/Issue.md::Description[1]	issue,risk,resolution	5	-	retained	-	-
r405	reverse	behavioural	An issue's spatial attachment is what makes it worth modelling here rather than as a task; a marker on the plan and a site log/progress photos are where evidence accumulates	docs/entities/Issue.md::Description[2]	issue,plan,photo	8	-	retained	-	-
r406	reverse	behavioural	The domain entity Issue is distinct from the docs/issues/ folder in this repository, which holds open questions about the plugin itself	docs/entities/Issue.md::Description[3]	issue,plugin	6	-	retained	-	-
r407	reverse	behavioural	Issue is a markdown note with a stable id, status, owner and the affected entity in frontmatter	docs/entities/Issue.md::Identity and persistence[1]	issue,note,id,status,owner	8	-	retained	-	-
r408	reverse	behavioural	An issue is attached to a zone, work package or construction section	docs/entities/Issue.md::Relationships[1]	issue,zone,work package,construction section	8	-	retained	-	-
r409	reverse	behavioural	An issue may be shown on a plan as a marker spatial object	docs/entities/Issue.md::Relationships[2]	issue,plan,spatial object	8	-	retained	-	-
r410	reverse	behavioural	An issue may have originated as a risk that materialised	docs/entities/Issue.md::Relationships[3]	issue,risk	5	-	retained	-	-
r411	reverse	behavioural	An issue is evidenced by photo and document	docs/entities/Issue.md::Relationships[4]	issue,photo,document	8	canvas.txt§10-Problem	present	-	-
r412	reverse	behavioural	An issue is resolved by a decision, and usually by tasks	docs/entities/Issue.md::Relationships[5]	issue,decision,task	8	-	retained	-	-
r413	reverse	behavioural	An issue may block a work package via a dependency	docs/entities/Issue.md::Relationships[6]	issue,work package,dependency	8	-	retained	-	-
r414	reverse	behavioural	Resolution is recorded on the issue; what it cost and what it taught is the reason to keep it after it closes	docs/entities/Issue.md::Rules[1]	issue,resolution	5	-	retained	-	-
r415	reverse	behavioural	A closed issue is kept, not deleted	docs/entities/Issue.md::Rules[2]	issue,closed,delete	7	-	retained	-	-
r416	reverse	behavioural	An issue with no evidence and no location is just a note; it is pushed toward being attached to something	docs/entities/Issue.md::Rules[3]	issue,evidence,location	5	-	retained	-	-
r417	reverse	named	Layer	docs/entities/Layer.md::name	layer	-	canvas,gallery,prd	present	-	entities
r418	reverse	behavioural	Layers exist because a renovation plan shows several incompatible truths at once, such as existing-versus-target, so layer visibility is a planning tool rather than a drawing convenience	docs/entities/Layer.md::Description[1]	layer,plan	8	-	retained	-	-
r419	reverse	behavioural	A domain layer is distinct from Konva's rendering layers, which are an implementation detail grouping by paint cost rather than meaning; the two lists must not be conflated	docs/entities/Layer.md::Description[2]	layer,rendering	5	-	retained	-	-
r420	reverse	behavioural	A layer lives in the plan's geometry sidecar rather than as a note; it has no frontmatter worth querying, no cost item and no lifecycle	docs/entities/Layer.md::Identity and persistence[1]	layer,plan,sidecar,note	8	-	retained	-	-
r421	reverse	behavioural	A layer belongs to exactly one plan	docs/entities/Layer.md::Relationships[1]	layer,plan	8	-	retained	-	-
r422	reverse	behavioural	A layer groups zero or more spatial objects	docs/entities/Layer.md::Relationships[2]	layer,spatial object	5	gallery.txt§Rails-LayerToggle	present	-	-
r423	reverse	behavioural	Layer visibility is a property of the plan's saved state, not ephemeral UI state; reopening a plan restores what was visible	docs/entities/Layer.md::Rules[1]	layer,visibility,plan	8	-	retained	-	-
r424	reverse	behavioural	A layer groups, it never owns; deleting a layer must not delete the objects on it	docs/entities/Layer.md::Rules[2]	layer,delete,spatial object	6	-	retained	-	-
r425	reverse	named	Milestone	docs/entities/Milestone.md::name	milestone	-	canvas,prd,uxd	present	-	entities
r426	reverse	behavioural	A milestone has no duration and no work; it consumes nothing and produces nothing, it only arrives, which distinguishes it from a work package with a short scope	docs/entities/Milestone.md::Description[1]	milestone,duration,work package	8	-	retained	-	-
r427	reverse	behavioural	A milestone can block a work package, not merely summarise one, so it works as a deadline constraining everything upstream of it	docs/entities/Milestone.md::Description[2]	milestone,work package,dependency,deadline	6	-	retained	-	-
r428	reverse	behavioural	Milestones for a private renovation are usually dates imposed from outside the project, such as a tenancy ending, a birth, or a planting season, which is why they are entities rather than derived from the work	docs/entities/Milestone.md::Description[3]	milestone,date	5	-	retained	-	-
r429	reverse	behavioural	Milestone is a note with a stable id, the target date and status in frontmatter	docs/entities/Milestone.md::Identity and persistence[1]	milestone,note,id,date,status	8	-	retained	-	-
r430	reverse	behavioural	A milestone belongs to the project; may be scoped to a construction section	docs/entities/Milestone.md::Relationships[1]	milestone,project,construction section	7	-	retained	-	-
r431	reverse	behavioural	A milestone blocks or is blocked by work packages via a dependency	docs/entities/Milestone.md::Relationships[2]	milestone,work package,dependency	6	-	retained	-	-
r432	reverse	behavioural	A milestone appears on the timeline beside work package and trade schedules	docs/entities/Milestone.md::Relationships[3]	milestone,timeline,work package,trade	8	-	retained	-	-
r433	reverse	behavioural	A milestone feeds the project cockpit, where upcoming work is what the renovator reads	docs/entities/Milestone.md::Relationships[4]	milestone,cockpit	3	-	retained	-	-
r434	reverse	behavioural	A milestone has zero duration; one with a start and an end is a work package	docs/entities/Milestone.md::Rules[1]	milestone,duration,work package	8	-	retained	-	-
r435	reverse	behavioural	Whether a milestone's target date will be met is derived from the work leading to it, never a status typed by hand	docs/entities/Milestone.md::Rules[2]	milestone,date,derived	6	-	retained	-	-
r436	reverse	behavioural	Missing a milestone is a fact worth keeping; the date is not edited to whatever happened	docs/entities/Milestone.md::Rules[3]	milestone,date,missed	5	-	retained	-	-
r437	reverse	named	Money	docs/entities/Money.md::name	money	-	jtbd,research	present	-	entities
r438	reverse	behavioural	Money is a value object, not an entity with a life of its own; it has no id, no note and no lifecycle, and two Money values with the same amount and currency are the same value	docs/entities/Money.md::Description[1]	money,value object,id	7	-	retained	-	-
r439	reverse	behavioural	The project defines one currency per project; a quote in another currency has no home in the model today	docs/entities/Money.md::Description[2]	money,currency,project,quote	7	-	retained	-	-
r440	reverse	behavioural	Money has no identity of its own; it is stored as part of whatever holds it, such as a cost item's amount, a quote line, or an invoice total, never on its own	docs/entities/Money.md::Identity and persistence[1]	money,cost item,quote,invoice	7	-	retained	-	-
r441	reverse	behavioural	Money is held by cost item, quote, order, invoice and the project budget	docs/entities/Money.md::Relationships[1]	money,cost item,quote,order,invoice,budget	8	-	retained	-	-
r442	reverse	behavioural	Money is denominated in the project's currency	docs/entities/Money.md::Relationships[2]	money,currency,project	7	-	retained	-	-
r443	reverse	behavioural	Money uses decimal arithmetic throughout, with no float shortcut anywhere on the path	docs/entities/Money.md::Rules[1]	money,decimal,float	2	-	retained	-	-
r444	reverse	behavioural	Amount and currency travel together; a bare number crossing a boundary is a currency waiting to be assumed	docs/entities/Money.md::Rules[2]	money,amount,currency	2	-	retained	-	-
r445	reverse	behavioural	Net, tax rate, tax amount and gross are four values kept together, rather than storing one and recomputing the others at display time	docs/entities/Money.md::Rules[3]	money,net,tax,gross	2	-	retained	-	-
r446	reverse	behavioural	Money is rounded once, where the cost pipeline finalizes it, to the currency's minor unit; intermediate values keep full precision, and display formatting rounds again but never feeds back	docs/entities/Money.md::Rules[4]	money,rounding,precision	4	-	retained	-	-
r447	reverse	named	Order	docs/entities/Order.md::name	order	-	gallery,jtbd,research,wireframes	present	-	entities
r448	reverse	behavioural	An order contributes committed cost, money spent but not yet invoiced, and the forecast is built from it	docs/entities/Order.md::Description[1]	order,committed,cost,forecast	7	research.txt§9-BudgetsDriftFromReality	present	-	-
r449	reverse	behavioural	An order groups several procurement items; delivery, shipping cost and reference number belong to the order, not to any one line	docs/entities/Order.md::Description[2]	order,procurement item	7	-	retained	-	-
r450	reverse	behavioural	Order is a markdown note with a stable id, the supplier id, order date, expected delivery date and order reference in frontmatter	docs/entities/Order.md::Identity and persistence[1]	order,note,id,supplier,date	8	-	retained	-	-
r451	reverse	behavioural	An order is placed with exactly one supplier	docs/entities/Order.md::Relationships[1]	order,supplier	4	-	retained	-	-
r452	reverse	behavioural	An order contains one or more procurement items	docs/entities/Order.md::Relationships[2]	order,procurement item	7	-	retained	-	-
r453	reverse	behavioural	An order usually accepts a quote	docs/entities/Order.md::Relationships[3]	order,quote	5	-	retained	-	-
r454	reverse	behavioural	An order produces Committed cost items, later matched by an invoice	docs/entities/Order.md::Relationships[4]	order,cost item,committed,invoice	7	research.txt§9-BudgetsDriftFromReality	present	-	-
r455	reverse	behavioural	An order's expected delivery date drives a dependency from procurement to work package	docs/entities/Order.md::Relationships[5]	order,dependency,procurement item,work package	8	-	retained	-	-
r456	reverse	behavioural	Committed value comes from the order; actual value comes from the invoice; both exist at once and neither replaces the other	docs/entities/Order.md::Rules[1]	order,committed,actual,invoice	7	research.txt§9-BudgetsDriftFromReality	present	-	-
r457	reverse	behavioural	Partial delivery is tracked on the procurement item, not the order	docs/entities/Order.md::Rules[2]	order,procurement item,partial delivery	7	-	retained	-	-
r458	reverse	behavioural	Cancelling an order releases the commitment; it does not delete the order	docs/entities/Order.md::Rules[3]	order,cancel,commitment	7	-	retained	-	-
r459	reverse	named	Outdoor area	docs/entities/Outdoor area.md::name	outdoor area	-	canvas,jtbd,prd,uxd	contradictory	prd§Feature 2.4 (Initial Areas): "create initial spaces such as: kitchen, bathroom, living room, bedroom, hallway, garden, terrace.">>docs/entities/Outdoor area.md::name	entities
r460	reverse	behavioural	The outdoor area is given a branch of its own rather than being treated as a floor without walls, because a product decision treats garden redesign and outdoor works as first-class jobs, not leftovers from a house renovation	docs/entities/Outdoor area.md::Description[1]	outdoor area,floor,site	8	prd§19	present	-	-
r461	reverse	behavioural	Outdoor area is a note with a stable id	docs/entities/Outdoor area.md::Identity and persistence[1]	outdoor area,note,id	8	-	retained	-	-
r462	reverse	behavioural	An outdoor area belongs to exactly one site	docs/entities/Outdoor area.md::Relationships[1]	outdoor area,site	8	prd§19	contradictory	prd§19>>docs/entities/Outdoor area.md::Relationships[1]	-
r463	reverse	behavioural	An outdoor area has no floor and no space; that is the branch it is not on	docs/entities/Outdoor area.md::Relationships[2]	outdoor area,floor,space	8	prd§19	present	-	-
r464	reverse	behavioural	An outdoor area is depicted by plans, and subdivided by zones	docs/entities/Outdoor area.md::Relationships[3]	outdoor area,plan,zone	8	-	retained	-	-
r465	reverse	behavioural	An outdoor area carries no geometry	docs/entities/Outdoor area.md::Rules[1]	outdoor area,geometry	8	-	retained	-	-
r466	reverse	behavioural	Nothing in the quantity, cost or scheduling model may assume a room; an outdoor requirement is measured from area and length the same way an indoor one is	docs/entities/Outdoor area.md::Rules[2]	outdoor area,requirement,quantity,room	8	-	retained	-	-
r467	reverse	named	Photo	docs/entities/Photo.md::name	photo	-	canvas,gallery,jtbd,prd,research,uxd	present	-	entities
r468	reverse	behavioural	A photo has two capabilities separating it from an ordinary document: a spatial reference pinned to a point on a plan, and a place in time as an ordered progress sequence	docs/entities/Photo.md::Description[1]	photo,plan,document	8	-	retained	-	-
r469	reverse	behavioural	The most valuable photo in a renovation is one taken before the wall went up, and nothing prompts for it later; existing-state photos must be captured before change happens	docs/entities/Photo.md::Description[2]	photo,existing state	6	research§17	present	-	-
r470	reverse	behavioural	Photo is a note with a stable id, the date, the linked entity and plan coordinates in frontmatter, pointing at the image in the vault; photos get their own folder	docs/entities/Photo.md::Identity and persistence[1]	photo,note,id,plan,vault	8	-	retained	-	-
r471	reverse	behavioural	A photo is a category of document	docs/entities/Photo.md::Relationships[1]	photo,document	8	-	retained	-	-
r472	reverse	behavioural	A photo is pinned to a plan as a PhotoReference spatial object	docs/entities/Photo.md::Relationships[2]	photo,plan,spatial object	8	-	retained	-	-
r473	reverse	behavioural	A photo is attached to a zone, work package, task or issue	docs/entities/Photo.md::Relationships[3]	photo,zone,work package,task,issue	8	-	retained	-	-
r474	reverse	behavioural	A photo carries an object state, which is what makes existing-versus-as-built comparison possible	docs/entities/Photo.md::Relationships[4]	photo,object state,as-built	6	-	retained	-	-
r475	reverse	behavioural	A photo is evidence for work package completion	docs/entities/Photo.md::Relationships[5]	photo,work package,completion	8	-	retained	-	-
r476	reverse	behavioural	Date and location are what make a photo evidence; a photo with neither is just a picture	docs/entities/Photo.md::Rules[1]	photo,date,location,evidence	7	-	retained	-	-
r477	reverse	behavioural	A photo is ordered by capture date, not file date; the two diverge as soon as anything is copied	docs/entities/Photo.md::Rules[2]	photo,capture date,file date	7	-	retained	-	-
r478	reverse	behavioural	The photo image is never modified; annotation is a layer over it, not a write to it	docs/entities/Photo.md::Rules[3]	photo,annotation,image	7	-	retained	-	-
r479	reverse	named	Plan revision	docs/entities/Plan revision.md::name	plan revision	-	-	retained	-	entities
r480	reverse	behavioural	A plan revision exists because a renovation plan is argued about; an immutable approved revision is load-bearing, since numbers quoted, quotes received and decisions taken against it must refer to a recoverable state	docs/entities/Plan revision.md::Description[1]	plan revision,approved,immutable	1	-	retained	-	-
r481	reverse	behavioural	A plan revision versions the whole plan's content, distinct from an object state which versions an individual object's condition; the as-built state is where the two meet	docs/entities/Plan revision.md::Description[2]	plan revision,object state,as-built	6	-	retained	-	-
r482	reverse	behavioural	Plan revision is a note with a stable id, referencing the plan and the geometry snapshot it describes	docs/entities/Plan revision.md::Identity and persistence[1]	plan revision,note,id,plan,geometry	8	-	retained	-	-
r483	reverse	behavioural	A plan revision belongs to exactly one plan	docs/entities/Plan revision.md::Relationships[1]	plan revision,plan	8	-	retained	-	-
r484	reverse	behavioural	A plan revision supersedes at most one earlier revision, forming a chain rather than a tree	docs/entities/Plan revision.md::Relationships[2]	plan revision,supersede,chain	0	-	retained	-	-
r485	reverse	behavioural	A plan revision is referenced by decision and quote, which is why immutability matters	docs/entities/Plan revision.md::Relationships[3]	plan revision,decision,quote	6	-	retained	-	-
r486	reverse	behavioural	An approved plan revision is immutable; changing it is not an edit, it is a new revision that supersedes it	docs/entities/Plan revision.md::Rules[1]	plan revision,approved,immutable,supersede	1	-	retained	-	-
r487	reverse	behavioural	A comparison between two plan revisions is derived on demand, never stored	docs/entities/Plan revision.md::Rules[2]	plan revision,comparison,derived	5	-	retained	-	-
r488	reverse	behavioural	The as-built revision is the record of what was actually built, not a plan for it	docs/entities/Plan revision.md::Rules[3]	plan revision,as-built	3	research§19	present	-	-
r489	reverse	named	Plan	docs/entities/Plan.md::name	plan	-	canvas,gallery,jtbd,prd,prototype,research,uxd,wireframes	present	-	entities
r490	reverse	behavioural	Geometry drives planning, so the plan is upstream of quantities, costs and work rather than an illustration beside them	docs/entities/Plan.md::Description[1]	plan,geometry,quantity,cost	8	canvas§5	present	-	-
r491	reverse	behavioural	A background image arrives with no scale; the user draws a line of known length (calibration) and every measurement derives from that; an uncalibrated plan can be drawn on but its quantities are meaningless, a state the model must be able to express	docs/entities/Plan.md::Description[2]	plan,calibration,scale,uncalibrated	8	gallery§Canvas(Measurement label)	present	-	-
r492	reverse	behavioural	The plan's coordinate system is fixed in world coordinates in millimetres, so geometry is never stored in canvas pixels	docs/entities/Plan.md::Description[3]	plan,coordinate system,millimetre,pixel	8	-	retained	-	-
r493	reverse	behavioural	A plan is split across two files: a note carrying name, background reference, layer names, owning project and stable id, plus a geometry sidecar holding the spatial object points, since geometry is verbose, machine-written and useless to a human reader	docs/entities/Plan.md::Identity and persistence[1]	plan,note,sidecar,id,geometry	8	-	retained	-	-
r494	reverse	behavioural	Calibration is stored in the sidecar, not the note, because recalibrating rewrites the calibration and every rescaled object's geometry as one write; the note carries no separate scale key	docs/entities/Plan.md::Identity and persistence[2]	plan,calibration,sidecar,scale	8	-	retained	-	-
r495	reverse	behavioural	The plan's sidecar is named by the plan's full id and lives in a Geometry folder inside the project's folder, and carries the planId rather than a path, because a rename by another editor can separate the two files, which have no transaction across them	docs/entities/Plan.md::Identity and persistence[3]	plan,sidecar,geometry,rename	8	-	retained	-	-
r496	reverse	behavioural	A plan belongs to exactly one project	docs/entities/Plan.md::Relationships[1]	plan,project	8	-	retained	-	-
r497	reverse	behavioural	A plan contains zero or more layers and zero or more spatial objects	docs/entities/Plan.md::Relationships[2]	plan,layer,spatial object	8	-	retained	-	-
r498	reverse	behavioural	A plan depicts part of a site, building, floor or outdoor area; a depiction, not ownership	docs/entities/Plan.md::Relationships[3]	plan,site,building,floor,outdoor area	8	-	retained	-	-
r499	reverse	behavioural	A plan is versioned by plan revision	docs/entities/Plan.md::Relationships[4]	plan,plan revision	8	-	retained	-	-
r500	reverse	behavioural	A construction section may span several plans	docs/entities/Plan.md::Relationships[5]	plan,construction section	8	-	retained	-	-
r501	reverse	behavioural	Plan geometry is stored in millimetres in world coordinates, never in pixels	docs/entities/Plan.md::Rules[1]	plan,geometry,millimetre,pixel	8	-	retained	-	-
r502	reverse	behavioural	Internal precision and display precision on a plan are separate: 42718432 mm2 is stored, 42.72 m2 is shown	docs/entities/Plan.md::Rules[2]	plan,precision,display	8	-	retained	-	-
r503	reverse	behavioural	The plan's geometry sidecar is derived-format but not derived data; it is canonical geometry in a second file, and losing it loses work	docs/entities/Plan.md::Rules[3]	plan,sidecar,geometry,canonical	8	-	retained	-	-
r504	reverse	named	Procurement item	docs/entities/Procurement item.md::name	procurement item	-	-	retained	-	entities
r505	reverse	behavioural	A procurement item is based on a requirement or a manual need, and must remain distinct from the requirement itself, because quantities differ through package sizes and minimum order rounding, and plenty of purchases answer no requirement at all, such as a tool, a skip, or a delivery fee	docs/entities/Procurement item.md::Description[1]	procurement item,requirement,manual need	5	-	retained	-	-
r506	reverse	behavioural	A procurement item's lifecycle is the longest in the model, which is why a dependency admits procurement blocking a work package, since tiles must arrive before tiling can happen	docs/entities/Procurement item.md::Description[2]	procurement item,dependency,work package	8	-	retained	-	-
r507	reverse	behavioural	Remaining material, delivered minus consumed, is inventory and can be reused rather than re-bought	docs/entities/Procurement item.md::Description[3]	procurement item,inventory,remaining	5	-	retained	-	-
r508	reverse	behavioural	Procurement item is a markdown note with a stable id, the lifecycle state, the ordered/delivered/consumed quantities and required date in frontmatter; its whole value is being queryable by state and date	docs/entities/Procurement item.md::Identity and persistence[1]	procurement item,note,id,lifecycle,quantity	8	-	retained	-	-
r509	reverse	behavioural	A procurement item is based on zero or one requirement, or none where the need is manual	docs/entities/Procurement item.md::Relationships[1]	procurement item,requirement	5	-	retained	-	-
r510	reverse	behavioural	A procurement item buys exactly one asset	docs/entities/Procurement item.md::Relationships[2]	procurement item,asset	8	-	retained	-	-
r511	reverse	behavioural	A procurement item is bought from a supplier, usually under an order, evidenced by an invoice	docs/entities/Procurement item.md::Relationships[3]	procurement item,supplier,order,invoice	7	-	retained	-	-
r512	reverse	behavioural	A procurement item blocks zero or more work packages via a dependency	docs/entities/Procurement item.md::Relationships[4]	procurement item,work package,dependency	8	-	retained	-	-
r513	reverse	behavioural	A procurement item produces the committed and actual halves of a cost item	docs/entities/Procurement item.md::Relationships[5]	procurement item,cost item,committed,actual	8	-	retained	-	-
r514	reverse	behavioural	Purchase quantity is derived from the requirement through package size and minimum order quantity, not the requirement rounded up by eye	docs/entities/Procurement item.md::Rules[1]	procurement item,requirement,package size,minimum order quantity	8	-	retained	-	-
r515	reverse	behavioural	Delivered and consumed quantities are recorded separately; remaining is derived from the two and is inventory	docs/entities/Procurement item.md::Rules[2]	procurement item,delivered,consumed,remaining,inventory	5	-	retained	-	-
r516	reverse	behavioural	Partially-delivered is a real state, not a rounding of ordered or delivered	docs/entities/Procurement item.md::Rules[3]	procurement item,partially-delivered	5	-	retained	-	-
r517	reverse	behavioural	Cancelled procurement items are kept, not deleted; it is why something was not bought	docs/entities/Procurement item.md::Rules[4]	procurement item,cancelled,delete	8	-	retained	-	-
r518	reverse	named	Project	docs/entities/Project.md::name	project	-	canvas,jtbd,prd,prototype,research,uxd,wireframes	present	-	entities
r519	reverse	behavioural	Project is a root rather than a container; nothing spans two projects, since the index is scoped to one, the currency is defined once per project, and there is no portfolio	docs/entities/Project.md::Description[1]	project,root,currency	7	prd§34	present	-	-
r520	reverse	behavioural	Project is one note at the root of the renovation folder, named after the project and deduplicated on collision, with a stable id independent of filename/title/path and a schema-version	docs/entities/Project.md::Identity and persistence[1]	project,note,id,filename,schema-version	8	-	retained	-	-
r521	reverse	behavioural	The recommended filename Project.md is a recommendation rather than a rule; paths must be configurable, so Project's filename is not fixed while every other entity's is derived from its name	docs/entities/Project.md::Identity and persistence[2]	project,filename,recommendation	7	-	retained	-	-
r522	reverse	behavioural	A project owns plan, construction section, work package, asset, supplier and document, zero or more each	docs/entities/Project.md::Relationships[1]	project,plan,construction section,work package,asset,supplier,document	8	-	retained	-	-
r523	reverse	behavioural	A project owns at most one site, which is where the physical hierarchy starts	docs/entities/Project.md::Relationships[2]	project,site	8	prd§19	contradictory	prd§19>>docs/entities/Project.md::Relationships[2]	-
r524	reverse	behavioural	A project defines the currency every money value in it is denominated in	docs/entities/Project.md::Relationships[3]	project,currency,money	7	-	retained	-	-
r525	reverse	behavioural	Every other entity resolves to exactly one project; there is no cross-project reference	docs/entities/Project.md::Rules[1]	project,entity,cross-project	7	-	retained	-	-
r526	reverse	behavioural	The project's budget is the top of the cost item hierarchy, not a number typed twice	docs/entities/Project.md::Rules[2]	project,budget,cost item	8	-	retained	-	-
r527	reverse	behavioural	Deleting a project is not a modelled operation; that is deleting the folder, which belongs to the vault and its owner	docs/entities/Project.md::Rules[3]	project,delete,vault	8	-	retained	-	-
r528	reverse	named	Quantity	docs/entities/Quantity.md::name	quantity	-	canvas,gallery,jtbd,prd,prototype,uxd,wireframes	present	-	entities
r529	reverse	behavioural	Quantity is a value object like Money, with no id, no note and no lifecycle, listed because it is a business concept with a rule that has to hold everywhere	docs/entities/Quantity.md::Description[1]	quantity,value object,money	8	-	retained	-	-
r530	reverse	behavioural	Internal units are normalised, with length in mm, area in mm2, volume in mm3, because geometry arrives in world coordinates in millimetres, avoiding conversion on every read	docs/entities/Quantity.md::Description[2]	quantity,unit,millimetre,geometry	7	-	retained	-	-
r531	reverse	behavioural	Internal precision and display precision are different things: 42718432 mm2 is stored, 42.72 m2 is shown; rounding the stored value to what looks tidy on screen loses area that reappears as a discrepancy later	docs/entities/Quantity.md::Description[3]	quantity,precision,display	8	-	retained	-	-
r532	reverse	behavioural	The quantity pipeline is a sequence of distinct quantities, calculated, waste-adjusted, required, purchase, delivered, consumed, remaining, each a legitimate different answer to how much, and naming them separately stops one being mistaken for another	docs/entities/Quantity.md::Description[4]	quantity,pipeline,calculated,waste-adjusted,required,purchase,delivered,consumed,remaining	8	wireframes§A.15	present	-	-
r533	reverse	behavioural	Quantity has no identity of its own; it is stored as part of a requirement, procurement item or cost item, and mostly derived rather than stored at all	docs/entities/Quantity.md::Identity and persistence[1]	quantity,requirement,procurement item,cost item	8	-	retained	-	-
r534	reverse	behavioural	Quantity is produced by geometry on a spatial object, via the quantity engine	docs/entities/Quantity.md::Relationships[1]	quantity,geometry,spatial object	8	-	retained	-	-
r535	reverse	behavioural	Quantity is held by requirement, procurement item and cost item	docs/entities/Quantity.md::Relationships[2]	quantity,requirement,procurement item,cost item	8	-	retained	-	-
r536	reverse	behavioural	Quantity is multiplied by a unit price to give money	docs/entities/Quantity.md::Relationships[3]	quantity,unit price,money	8	-	retained	-	-
r537	reverse	behavioural	Quantity uses millimetre-based internal units, never canvas pixels, never display units	docs/entities/Quantity.md::Rules[1]	quantity,millimetre,pixel	7	-	retained	-	-
r538	reverse	behavioural	Internal and display precision for a quantity are separate	docs/entities/Quantity.md::Rules[2]	quantity,precision,display	8	-	retained	-	-
r539	reverse	behavioural	A unit is part of the quantity value; an arithmetic operation between mismatched units is an error, not a coercion, since 8 pieces and 8 m2 are not both eight	docs/entities/Quantity.md::Rules[3]	quantity,unit,mismatch,error	8	-	retained	-	-
r540	reverse	behavioural	The pipeline stages are distinct quantities; reusing one where another is meant is a defect	docs/entities/Quantity.md::Rules[4]	quantity,pipeline,stage	7	-	retained	-	-
r541	reverse	named	Quote	docs/entities/Quote.md::name	quote	-	jtbd,research	present	-	entities
r542	reverse	behavioural	Validity is what makes a quote an entity rather than a price field; a quote is true on a date and stops being true later, and a price copied onto an asset loses the date, the conditions and who said it	docs/entities/Quote.md::Description[1]	quote,validity,date,asset	8	-	retained	-	-
r543	reverse	behavioural	Comparison between quotes is harder than it sounds because quotes for the same work arrive scoped differently, with different inclusions, in different units; quote items link to assets and work packages so two quotes are comparable line by line	docs/entities/Quote.md::Description[2]	quote,comparison,asset,work package	8	research§8	present	-	-
r544	reverse	behavioural	Quote is a markdown note with a stable id, the supplier id, date, validity date and status in frontmatter; quote items are lines within it, not separate notes, since they have no lifecycle of their own	docs/entities/Quote.md::Identity and persistence[1]	quote,note,id,supplier,item	8	-	retained	-	-
r545	reverse	behavioural	A quote is given by exactly one supplier	docs/entities/Quote.md::Relationships[1]	quote,supplier	3	-	retained	-	-
r546	reverse	behavioural	A quote's items reference zero or more assets and zero or more work packages	docs/entities/Quote.md::Relationships[2]	quote,asset,work package	8	-	retained	-	-
r547	reverse	behavioural	A quote produces the Quoted cost items	docs/entities/Quote.md::Relationships[3]	quote,cost item,quoted	7	-	retained	-	-
r548	reverse	behavioural	Accepting a quote leads to an order	docs/entities/Quote.md::Relationships[4]	quote,order	5	-	retained	-	-
r549	reverse	behavioural	A quote is usually evidenced by a document, the PDF that arrived	docs/entities/Quote.md::Relationships[5]	quote,document	8	research§20	present	-	-
r550	reverse	behavioural	A quote is immutable once received; a revised price is a new quote, not an edit, or the comparison that justified a decision cannot be reconstructed	docs/entities/Quote.md::Rules[1]	quote,immutable,decision	6	-	retained	-	-
r551	reverse	behavioural	Expired is a derived state on a quote, from the validity date, not a status someone has to remember to set	docs/entities/Quote.md::Rules[2]	quote,expired,validity,derived	6	-	retained	-	-
r552	reverse	behavioural	A quote item without a link to an asset or work package is still valid; that is the common case on arrival	docs/entities/Quote.md::Rules[3]	quote,item,asset,work package	8	-	retained	-	-
r553	reverse	named	Requirement	docs/entities/Requirement.md::name	requirement	-	prd	present	-	entities
r554	reverse	behavioural	The source geometry is what makes a requirement worth having; it is a number computed from a zone's area or a wall's length, so it updates when the drawing does	docs/entities/Requirement.md::Description[1]	requirement,geometry,zone,quantity	8	-	retained	-	-
r555	reverse	behavioural	A requirement with no origin is a shopping list item, and the model has a place for that, a manual procurement item, so nothing is lost by holding the line	docs/entities/Requirement.md::Description[2]	requirement,origin,procurement item	5	-	retained	-	-
r556	reverse	behavioural	Requirement is a markdown note with a stable id, the asset id, the origin id, the waste factor and any manual override in frontmatter	docs/entities/Requirement.md::Identity and persistence[1]	requirement,note,id,asset,waste factor,override	8	-	retained	-	-
r557	reverse	behavioural	A requirement requires exactly one asset	docs/entities/Requirement.md::Relationships[1]	requirement,asset	8	-	retained	-	-
r558	reverse	behavioural	A requirement originates from exactly one zone, work package or asset	docs/entities/Requirement.md::Relationships[2]	requirement,zone,work package,asset	8	-	retained	-	-
r559	reverse	behavioural	A requirement derives its quantity from a spatial object's geometry, via the quantity pipeline	docs/entities/Requirement.md::Relationships[3]	requirement,spatial object,geometry,quantity	8	wireframes§A.15	present	-	-
r560	reverse	behavioural	A requirement is satisfied by zero or more procurement items	docs/entities/Requirement.md::Relationships[4]	requirement,procurement item	5	-	retained	-	-
r561	reverse	behavioural	A requirement is priced into zero or more cost items	docs/entities/Requirement.md::Relationships[5]	requirement,cost item	7	-	retained	-	-
r562	reverse	behavioural	The calculated quantity on a requirement is derived, never stored as fact; it is recomputed from geometry on read	docs/entities/Requirement.md::Rules[1]	requirement,quantity,derived,geometry	7	-	retained	-	-
r563	reverse	behavioural	A manual override on a requirement is stored, and stored as an override, with the calculated value remaining visible beside it, so the ability to notice the drawing has changed is not destroyed	docs/entities/Requirement.md::Rules[2]	requirement,override,calculated value	2	-	retained	-	-
r564	reverse	behavioural	The waste factor on a requirement is applied to the calculation, not baked into it, so the two facts stay legible separately	docs/entities/Requirement.md::Rules[3]	requirement,waste factor,calculation	3	gallery§Shared vocabulary(Inline field error)	present	-	-
r565	reverse	behavioural	A requirement is not a purchase; it is what is needed, while a procurement item is what is bought	docs/entities/Requirement.md::Rules[4]	requirement,procurement item,purchase	5	-	retained	-	-
r566	reverse	named	Risk	docs/entities/Risk.md::name	risk	-	jtbd,prd,research	present	-	entities
r567	reverse	behavioural	Risk, Issue and Constraint are three different things kept deliberately apart: a risk might happen, an issue has happened, a constraint is always true; merging them produces a list nobody triages because the three demand different responses of mitigate, resolve, or design around	docs/entities/Risk.md::Description[1]	risk,issue,constraint	5	-	retained	-	-
r568	reverse	behavioural	Exposure being a listed property makes risk quantitative rather than a label; probability times impact is a number the project can be ranked by, and it is a scenario comparison dimension	docs/entities/Risk.md::Description[2]	risk,exposure,probability,impact,scenario	7	-	retained	-	-
r569	reverse	behavioural	Risk is a markdown note with a stable id, probability, impact, exposure, owner and status in frontmatter; an entity whose value is largely in being sortable	docs/entities/Risk.md::Identity and persistence[1]	risk,note,id,probability,impact,exposure,owner,status	8	-	retained	-	-
r570	reverse	behavioural	A risk belongs to the project; may be attached to a zone, construction section or work package	docs/entities/Risk.md::Relationships[1]	risk,project,zone,construction section,work package	8	-	retained	-	-
r571	reverse	behavioural	A risk may be shown on a plan as a marker spatial object	docs/entities/Risk.md::Relationships[2]	risk,plan,spatial object	8	-	retained	-	-
r572	reverse	behavioural	A risk becomes an issue if it materialises	docs/entities/Risk.md::Relationships[3]	risk,issue	5	-	retained	-	-
r573	reverse	behavioural	A risk is accepted, mitigated or transferred by a decision	docs/entities/Risk.md::Relationships[4]	risk,decision	6	-	retained	-	-
r574	reverse	behavioural	A risk relates to contingency, a price component on a cost item	docs/entities/Risk.md::Relationships[5]	risk,contingency,cost item	7	-	retained	-	-
r575	reverse	behavioural	Exposure on a risk is derived from probability and impact, not typed independently	docs/entities/Risk.md::Rules[1]	risk,exposure,probability,impact	7	-	retained	-	-
r576	reverse	behavioural	A materialised risk becomes an issue and the risk is closed as occurred; it is not edited into an issue, or the register loses its own history	docs/entities/Risk.md::Rules[2]	risk,issue,closed,history	6	-	retained	-	-
r577	reverse	behavioural	A risk with no mitigation and no owner is a worry; the property list makes both explicit for that reason	docs/entities/Risk.md::Rules[3]	risk,mitigation,owner	3	-	retained	-	-
r578	reverse	named	Scenario	docs/entities/Scenario.md::name	scenario	-	canvas,prototype	present	-	entities
r579	reverse	behavioural	A scenario must be modelled fully enough to cost, with its own assets, requirements and duration, while not being part of the real plan; a scenario is a parallel branch of the project graph	docs/entities/Scenario.md::Description[1]	scenario,asset,requirement,plan	8	-	retained	-	-
r580	reverse	behavioural	The five comparison dimensions, cost, duration, material, effort and risk, are the point; a comparison on cost alone is what a spreadsheet already gives, because the cheapest option is routinely the one that takes three more weekends	docs/entities/Scenario.md::Description[2]	scenario,cost,duration,material,effort,risk	8	jtbd§JTBD-013	present	-	-
r581	reverse	behavioural	Selecting a scenario produces a decision and folds the branch into the plan; unselected scenarios stay, because what was nearly done and why is the same value a decision's rejected alternatives carry	docs/entities/Scenario.md::Description[3]	scenario,decision,plan	8	canvas§11	present	-	-
r582	reverse	behavioural	Scenario is a markdown note with a stable id and a status; the entities it varies reference it rather than being copied into it, or a scenario that duplicated its assets would drift from the library the moment a price changed	docs/entities/Scenario.md::Identity and persistence[1]	scenario,note,id,status,asset	8	-	retained	-	-
r583	reverse	behavioural	A scenario is scoped to a construction section or a work package, not usually the whole project	docs/entities/Scenario.md::Relationships[1]	scenario,construction section,work package,project	8	-	retained	-	-
r584	reverse	behavioural	A scenario varies asset, requirement, cost item and schedule	docs/entities/Scenario.md::Relationships[2]	scenario,asset,requirement,cost item,schedule	8	-	retained	-	-
r585	reverse	behavioural	A scenario is selected by a decision	docs/entities/Scenario.md::Relationships[3]	scenario,decision	6	-	retained	-	-
r586	reverse	behavioural	A scenario is compared against sibling scenarios on the five comparison dimensions	docs/entities/Scenario.md::Relationships[4]	scenario,comparison	4	-	retained	-	-
r587	reverse	behavioural	Scenario costs never aggregate into the project's real figures; a scenario that changed the budget by existing would make every total a question about which branch you are looking at	docs/entities/Scenario.md::Rules[1]	scenario,cost,budget,project	8	-	retained	-	-
r588	reverse	behavioural	Unselected scenarios are kept	docs/entities/Scenario.md::Rules[2]	scenario,unselected	3	-	retained	-	-
r589	reverse	behavioural	Scenario is V2 scope, named here so the model has a place for it, not because it is being built	docs/entities/Scenario.md::Rules[3]	scenario,v2,scope	7	-	retained	-	-
r590	reverse	named	Site	docs/entities/Site.md::name	site	-	gallery,research,uxd	present	-	entities
r591	reverse	behavioural	The site is the answer to where is this physically, distinct from a plan which is a drawing of part of the site; a multi-plan model is a set of views onto one site, which is why the site rather than the plan is what they share	docs/entities/Site.md::Description[1]	site,plan	8	-	retained	-	-
r592	reverse	behavioural	For a single-flat renovation the site is degenerate and probably implicit; it earns its existence on a property with a house, garage and garden, where the garden and the kitchen need a common parent that is not just the project	docs/entities/Site.md::Description[2]	site,project	8	prd§19	contradictory	prd§19>>docs/entities/Site.md::Description[2]	-
r593	reverse	behavioural	Site is a note with a stable id, optional in practice; a project with one plan and no outdoor work need not have one	docs/entities/Site.md::Identity and persistence[1]	site,note,id,optional	8	-	retained	-	-
r594	reverse	behavioural	A site belongs to exactly one project	docs/entities/Site.md::Relationships[1]	site,project	8	uxd§6	present	-	-
r595	reverse	behavioural	A site contains zero or more buildings and zero or more outdoor areas	docs/entities/Site.md::Relationships[2]	site,building,outdoor area	8	uxd§6	contradictory	uxd§6>>docs/entities/Site.md::Relationships[2]	-
r596	reverse	behavioural	A plan depicts part of a site, but belongs to the project	docs/entities/Site.md::Relationships[3]	site,plan,project	8	-	retained	-	-
r597	reverse	behavioural	A site is structural, not spatial; it carries no geometry of its own, since geometry lives on a plan and its spatial objects	docs/entities/Site.md::Rules[1]	site,geometry,plan,spatial object	8	-	retained	-	-
r598	reverse	behavioural	Being empty is legitimate for a site; it is a place to hang structure when there is structure, not a step to complete	docs/entities/Site.md::Rules[2]	site,empty	8	-	retained	-	-
r599	reverse	named	Space	docs/entities/Space.md::name	space	-	canvas,gallery,jtbd,prd,prototype,research,uxd,wireframes	contradictory	prd§Feature 5.2 (Space Detail): "Every relevant space...Examples: kitchen, bathroom, garden, terrace, garage.">>docs/entities/Space.md::name	entities
r600	reverse	behavioural	The distinction worth getting right is Space versus Zone: a space is a place in the building, the bathroom as a fact about the house, while a zone is a place with geometry that planning attaches to, the bathroom as an area drawn on a plan and going to be tiled	docs/entities/Space.md::Description[1]	space,zone,building,plan	8	uxd§6	present	-	-
r601	reverse	behavioural	Space and zone coincide constantly and are still not the same object; a zone can cover half a room or span two rooms, and a room can exist with nothing planned in it at all, so keeping them in separate branches makes it possible to say this room is untouched	docs/entities/Space.md::Description[2]	space,zone,untouched,room	8	-	retained	-	-
r602	reverse	behavioural	Space is a note with a stable id; it is the most commonly skipped level of the hierarchy, as many projects go straight to zones	docs/entities/Space.md::Identity and persistence[1]	space,note,id,zone,hierarchy	8	-	retained	-	-
r603	reverse	behavioural	A space belongs to exactly one floor	docs/entities/Space.md::Relationships[1]	space,floor	8	prd§19	present	-	-
r604	reverse	behavioural	A space may correspond to one or more zones, or to none	docs/entities/Space.md::Relationships[2]	space,zone	8	-	retained	-	-
r605	reverse	behavioural	A space carries no geometry; an outline drawn on it is a zone	docs/entities/Space.md::Rules[1]	space,geometry,zone	8	canvas§5	present	-	-
r606	reverse	behavioural	A space existing without any planned work is the normal case and must stay expressible	docs/entities/Space.md::Rules[2]	space,planned work,normal case	8	canvas§32	present	-	-
r607	reverse	named	Spatial object	docs/entities/Spatial object.md::name	spatial object	-	-	retained	-	entities
r608	reverse	behavioural	Spatial object has four branches, PhysicalElement for things that exist, Area for extents that carry quantity, PlanningZone for extents that carry intent rather than physical fact, and Annotation for things that say something about the plan without being part of what is built; the branch decides what may be asked of the object, since an Annotation has no quantity or cost, a Wall has length, and an Area has area	docs/entities/Spatial object.md::Description[1]	spatial object,physicalelement,area,planningzone,annotation	8	-	retained	-	-
r609	reverse	behavioural	A spatial object lives in the plan's geometry sidecar as an id, a type, and points in millimetre world coordinates; it may link to a domain note, which is how the polygon drawn on the plan becomes the bathroom rather than staying a shape	docs/entities/Spatial object.md::Identity and persistence[1]	spatial object,plan,sidecar,id,domain note	8	-	retained	-	-
r610	reverse	behavioural	A spatial object belongs to exactly one plan	docs/entities/Spatial object.md::Relationships[1]	spatial object,plan	8	-	retained	-	-
r611	reverse	behavioural	A spatial object may belong to a layer	docs/entities/Spatial object.md::Relationships[2]	spatial object,layer	5	gallery§Rails(Layer toggle)	present	-	-
r612	reverse	behavioural	A spatial object may link to exactly one domain note, most often a zone	docs/entities/Spatial object.md::Relationships[3]	spatial object,domain note,zone	8	gallery§Rails(Inspector)	present	-	-
r613	reverse	behavioural	A spatial object carries an object state: existing, to-remove, to-retain, planned, in-progress, installed	docs/entities/Spatial object.md::Relationships[4]	spatial object,object state	5	-	retained	-	-
r614	reverse	behavioural	Spatial object points are millimetres in world coordinates, never canvas pixels	docs/entities/Spatial object.md::Rules[1]	spatial object,millimetre,pixel	4	-	retained	-	-
r615	reverse	behavioural	Spatial object geometry is validated before it is measured; a self-intersecting polygon has no defensible area, so it is refused rather than measured	docs/entities/Spatial object.md::Rules[2]	spatial object,geometry,validation,self-intersecting	8	-	retained	-	-
r616	reverse	behavioural	The link from a spatial object to a domain note is by stable id, never by filename	docs/entities/Spatial object.md::Rules[3]	spatial object,domain note,id,filename	7	-	retained	-	-
r617	reverse	behavioural	An Annotation branch spatial object never contributes to a quantity or a cost	docs/entities/Spatial object.md::Rules[4]	spatial object,annotation,quantity,cost	8	-	retained	-	-
r618	reverse	named	Supplier	docs/entities/Supplier.md::name	supplier	-	jtbd,research	present	-	entities
r619	reverse	behavioural	A supplier is a record, not an actor; nobody at the supplier ever touches this plugin, because of local-first and the rejection of multi-user collaboration, so supplier appears in entities, not actors, and what is modelled is the renovator's notes about them	docs/entities/Supplier.md::Description[1]	supplier,actor,local-first	4	prd§5	present	-	-
r620	reverse	behavioural	A supplier is not a trade; the trade is the discipline, the supplier is whoever does or sells for it, and one supplier can cover several trades while one trade can have several suppliers competing	docs/entities/Supplier.md::Description[2]	supplier,trade	6	-	retained	-	-
r621	reverse	behavioural	Supplier is a markdown note with a stable id, contact details in frontmatter, and everything else in the body, where prose belongs	docs/entities/Supplier.md::Identity and persistence[1]	supplier,note,id,frontmatter	8	-	retained	-	-
r622	reverse	behavioural	A supplier belongs to exactly one project; not a global address book	docs/entities/Supplier.md::Relationships[1]	supplier,project	7	-	retained	-	-
r623	reverse	behavioural	A supplier gives zero or more quotes	docs/entities/Supplier.md::Relationships[2]	supplier,quote	3	-	retained	-	-
r624	reverse	behavioural	A supplier receives zero or more orders, sends zero or more invoices	docs/entities/Supplier.md::Relationships[3]	supplier,order,invoice	5	-	retained	-	-
r625	reverse	behavioural	A supplier aggregates cost items across everything bought from them	docs/entities/Supplier.md::Relationships[4]	supplier,cost item	7	-	retained	-	-
r626	reverse	behavioural	A supplier covers zero or more trades, and supplies zero or more assets	docs/entities/Supplier.md::Relationships[5]	supplier,trade,asset	8	-	retained	-	-
r627	reverse	behavioural	A supplier contains personal data belonging to a third party; it stays local, is never transmitted, and is the most sensitive content in the vault	docs/entities/Supplier.md::Rules[1]	supplier,personal data,local,vault	6	-	retained	-	-
r628	reverse	behavioural	A supplier has no prices of its own; a price is a quote with a date and a validity, because yesterday's price is not today's	docs/entities/Supplier.md::Rules[2]	supplier,price,quote,validity	4	-	retained	-	-
r629	reverse	named	Task	docs/entities/Task.md::name	task	-	canvas,gallery,jtbd,prd,research,uxd,wireframes	present	-	entities
r630	reverse	behavioural	This plugin does not own the task; a task is an ordinary Markdown checkbox, so a private task format would make the renovation the one part of the vault the user's own tooling cannot see	docs/entities/Task.md::Description[1]	task,checkbox,vault	7	-	retained	-	-
r631	reverse	behavioural	A task ticked by hand is the normal case, not an edge case, and must never be overwritten; progress everywhere upstream is derived rather than stored because there is no second place for is-it-done to live	docs/entities/Task.md::Description[2]	task,checkbox,progress,derived	8	-	retained	-	-
r632	reverse	behavioural	A task must be creatable from context, such as a zone, an asset, a work package or a construction section, and the link back to whatever it came from is the task's most valuable property	docs/entities/Task.md::Description[3]	task,zone,asset,work package,construction section,context	8	uxd.txt§Contextual Creation	present	-	-
r633	reverse	behavioural	A task is a markdown checkbox in a note, with a stable id and the link to its origin; status is the checkbox, and richer lifecycle states are frontmatter beside it, never instead of it	docs/entities/Task.md::Identity and persistence[1]	task,checkbox,id,origin,status	8	-	retained	-	-
r634	reverse	behavioural	A task usually belongs to one work package; may hang off a zone, asset or construction section directly	docs/entities/Task.md::Relationships[1]	task,work package,zone,asset,construction section	8	-	retained	-	-
r635	reverse	behavioural	A task depends on other tasks via a dependency	docs/entities/Task.md::Relationships[2]	task,dependency	7	-	retained	-	-
r636	reverse	behavioural	A task carries actual dates, which is where the work package's real schedule comes from	docs/entities/Task.md::Relationships[3]	task,date,work package,schedule	8	-	retained	-	-
r637	reverse	behavioural	The checkbox is the source of truth for task completion; nothing else may contradict it	docs/entities/Task.md::Rules[1]	task,checkbox,completion	7	-	retained	-	-
r638	reverse	behavioural	A task created from context keeps the reference by stable id, not by filename	docs/entities/Task.md::Rules[2]	task,id,filename	8	-	retained	-	-
r639	reverse	behavioural	A cancelled task is not deleted; it is a state, and the record of a decision not to do something is worth as much as the doing	docs/entities/Task.md::Rules[3]	task,cancelled,delete,state	8	-	retained	-	-
r640	reverse	named	Trade	docs/entities/Trade.md::name	trade	-	canvas,jtbd,prd,research,uxd,wireframes	present	-	entities
r641	reverse	behavioural	A trade is a category, not a person; it is not a supplier and not a contractor, since tiling is a kind of work whoever does it, including the renovator doing it themselves	docs/entities/Trade.md::Description[1]	trade,supplier,category	7	-	retained	-	-
r642	reverse	behavioural	A trade earns its place by being an axis; cost aggregates by trade and a trade timeline is asked for, both of which are impossible if trade is a string on a work package rather than an entity	docs/entities/Trade.md::Description[2]	trade,cost,timeline,work package	8	-	retained	-	-
r643	reverse	behavioural	Trade is a note in a small catalog, with a stable id	docs/entities/Trade.md::Identity and persistence[1]	trade,note,id,catalog	8	-	retained	-	-
r644	reverse	behavioural	A trade belongs to exactly one project as catalog content	docs/entities/Trade.md::Relationships[1]	trade,project,catalog	7	-	retained	-	-
r645	reverse	behavioural	A trade is assigned to zero or more work packages, one trade each	docs/entities/Trade.md::Relationships[2]	trade,work package	8	-	retained	-	-
r646	reverse	behavioural	A trade aggregates cost items and schedule across those work packages	docs/entities/Trade.md::Relationships[3]	trade,cost item,schedule,work package	8	-	retained	-	-
r647	reverse	behavioural	A trade appears in a construction section indirectly, through its work packages	docs/entities/Trade.md::Relationships[4]	trade,construction section,work package	8	-	retained	-	-
r648	reverse	behavioural	Trade is configurable; the shipped list is a starting set, and a trade this plugin does not ship must round-trip unchanged	docs/entities/Trade.md::Rules[1]	trade,configurable,round trip	6	-	retained	-	-
r649	reverse	behavioural	A trade is not a party to anything; it has no contact details, no address and no price, since those belong to supplier and quote	docs/entities/Trade.md::Rules[2]	trade,supplier,quote,price	7	-	retained	-	-
r650	reverse	named	Work package	docs/entities/Work package.md::name	work package	-	canvas,gallery,prd,prototype,uxd,wireframes	present	-	entities
r651	reverse	behavioural	Work package is the pivot of the whole model; everything upstream, geometry, zones, quantities, converges here, and everything downstream, tasks, schedule, procurement, cost, flows out of it; it is the smallest thing you would ask someone for a price on	docs/entities/Work package.md::Description[1]	work package,geometry,zone,quantity,task,schedule,procurement,cost	8	-	retained	-	-
r652	reverse	behavioural	A work package belongs to one project, optionally one construction section, and at least one domain scope; the optional section matters because work that does not fit a section must still be plannable	docs/entities/Work package.md::Description[2]	work package,project,construction section,scope	8	-	retained	-	-
r653	reverse	behavioural	Work package is a markdown note with a stable id; trade, section, status and planned dates in frontmatter, scope in the body	docs/entities/Work package.md::Identity and persistence[1]	work package,note,id,trade,scope	8	-	retained	-	-
r654	reverse	behavioural	A work package belongs to exactly one project; optionally one construction section	docs/entities/Work package.md::Relationships[1]	work package,project,construction section	8	-	retained	-	-
r655	reverse	behavioural	A work package has exactly one trade	docs/entities/Work package.md::Relationships[2]	work package,trade	8	-	retained	-	-
r656	reverse	behavioural	A work package is scoped to zero or more zones	docs/entities/Work package.md::Relationships[3]	work package,zone	8	gallery.txt§Shared vocabulary/Modal	present	-	-
r657	reverse	behavioural	A work package contains zero or more tasks	docs/entities/Work package.md::Relationships[4]	work package,task	8	-	retained	-	-
r658	reverse	behavioural	A work package sources zero or more requirements	docs/entities/Work package.md::Relationships[5]	work package,requirement	6	-	retained	-	-
r659	reverse	behavioural	A work package accrues zero or more cost items	docs/entities/Work package.md::Relationships[6]	work package,cost item	8	-	retained	-	-
r660	reverse	behavioural	A work package depends on other work packages, procurement items, decisions and milestones via a dependency	docs/entities/Work package.md::Relationships[7]	work package,procurement item,decision,milestone,dependency	8	-	retained	-	-
r661	reverse	behavioural	Progress on a work package is derived from its tasks, which are derived from checkboxes, never stored as a percentage someone types	docs/entities/Work package.md::Rules[1]	work package,task,progress,checkbox	8	canvas.txt§23 Progress View	present	-	-
r662	reverse	behavioural	A work package's estimate is the sum of its cost items, not an independent number	docs/entities/Work package.md::Rules[2]	work package,estimate,cost item	8	wireframes.txt§A.15 Work Detail / Estimate	present	-	-
r663	reverse	behavioural	Planned dates live on the work package while actual dates live on the tasks; conflating them loses the variance the forecast is built from	docs/entities/Work package.md::Rules[3]	work package,date,task,forecast	8	-	retained	-	-
r664	reverse	named	Zone	docs/entities/Zone.md::name	zone	-	canvas,gallery,prd,prototype,research,uxd,wireframes	present	-	entities
r665	reverse	behavioural	A zone owns geometry and can expose derived length and area; that is the important half of its definition	docs/entities/Zone.md::Description[1]	zone,geometry,length,area	8	gallery.txt§Rails/Inspector	present	-	-
r666	reverse	behavioural	A zone is a domain object that happens to have geometry, not a drawing that happens to have a name; it must stay usable from ordinary Obsidian, a wikilink, a Bases table, search, by someone who never opens the canvas, which is why it is a note and its geometry is a spatial object, rather than the other way round	docs/entities/Zone.md::Description[2]	zone,geometry,note,spatial object	8	-	retained	-	-
r667	reverse	behavioural	A zone is the origin of most quantities; a requirement's source is commonly a zone's derived area, and the number moves when the polygon does	docs/entities/Zone.md::Description[3]	zone,requirement,quantity,area	8	-	retained	-	-
r668	reverse	behavioural	Zone versus Space: a space is a room in the building, a zone is an area planning attaches to; they coincide often and are not the same object	docs/entities/Zone.md::Description[4]	zone,space	8	canvas.txt§8 Space / §20 Renovation Zones	present	-	-
r669	reverse	behavioural	Zone is a markdown note with frontmatter carrying type, schema-version, stable id, project id, plan id, name, zone type and status; the body is free-form and belongs to the user	docs/entities/Zone.md::Identity and persistence[1]	zone,note,frontmatter,id,schema-version	8	-	retained	-	-
r670	reverse	behavioural	A zone belongs to exactly one project; drawn on one plan via a spatial object	docs/entities/Zone.md::Relationships[1]	zone,project,plan,spatial object	8	-	retained	-	-
r671	reverse	behavioural	A zone may correspond to a space or an outdoor area, without being owned by either	docs/entities/Zone.md::Relationships[2]	zone,space,outdoor area	8	-	retained	-	-
r672	reverse	behavioural	A zone is spanned by zero or more construction sections	docs/entities/Zone.md::Relationships[3]	zone,construction section	8	-	retained	-	-
r673	reverse	behavioural	A zone is the origin of zero or more requirements	docs/entities/Zone.md::Relationships[4]	zone,requirement	8	-	retained	-	-
r674	reverse	behavioural	A zone is referenced by task, cost item, document and photo	docs/entities/Zone.md::Relationships[5]	zone,task,cost item,document,photo	8	gallery.txt§Shared vocabulary/Modal	contradictory	gallery§Shared vocabulary/Modal>>docs/entities/Zone.md::Relationships[5]	-
r675	reverse	behavioural	A zone's id is identity; renaming the note in Obsidian must not orphan its geometry, its costs or its photos	docs/entities/Zone.md::Rules[1]	zone,id,identity,rename	8	-	retained	-	-
r676	reverse	behavioural	Zone types are configurable; the shipped list ends in Custom, and a type this plugin does not know must survive a read-and-write round trip exactly as written	docs/entities/Zone.md::Rules[2]	zone,type,configurable,round trip	8	-	retained	-	-
r677	reverse	behavioural	Area and perimeter on a zone are derived on every read, never stored in frontmatter, where they would drift from the geometry that produced them	docs/entities/Zone.md::Rules[3]	zone,area,perimeter,derived	8	gallery.txt§Rails/Inspector	present	-	-
r678	reverse	behavioural	Deleting a zone reports what references it and offers four choices, cancel, remove references, reassign, delete anyway; a silent cascade is refused, and so is a delete that leaves dangling ids	docs/entities/Zone.md::Rules[4]	zone,delete,dangling id	8	gallery.txt§Shared vocabulary/Modal	contradictory	gallery§Shared vocabulary/Modal>>docs/entities/Zone.md::Rules[4]	-
r679	reverse	named	Asset library	docs/requirements/Asset library.md::name	asset,library	-	-	retained	-	requirements
r680	reverse	named	Calibration and measurement	docs/requirements/Calibration and measurement.md::name	calibration,measurement	-	-	retained	-	requirements
r681	reverse	named	Construction sections	docs/requirements/Construction sections.md::name	construction,section	-	-	retained	-	requirements
r682	reverse	named	Cost and budget engine	docs/requirements/Cost and budget engine.md::name	cost,budget,engine	-	-	retained	-	requirements
r683	reverse	named	Cross-cutting concerns	docs/requirements/Cross-cutting concerns.md::name	cross-cutting,concern	-	-	retained	-	requirements
r684	reverse	named	Decisions, scenarios and change management	docs/requirements/Decisions, scenarios and change management.md::name	decision,scenario,change management	-	-	retained	-	requirements
r685	reverse	named	Documents, photos and evidence	docs/requirements/Documents, photos and evidence.md::name	document,photo,evidence	-	-	retained	-	requirements
r686	reverse	named	Existing state, planned change and as-built	docs/requirements/Existing state, planned change and as-built.md::name	existing state,planned change,as-built	-	-	retained	-	requirements
r687	reverse	named	Plan editor	docs/requirements/Plan editor.md::name	plan,editor	-	canvas,gallery,prd,research,uxd	present	-	requirements
r688	reverse	named	Plan revisions	docs/requirements/Plan revisions.md::name	plan,revision	-	-	retained	-	requirements
r689	reverse	named	Progress and site documentation	docs/requirements/Progress and site documentation.md::name	progress,site,documentation	-	-	retained	-	requirements
r690	reverse	named	Project management	docs/requirements/Project management.md::name	project,management	-	research,wireframes	present	-	requirements
r691	reverse	named	Reporting and project cockpit	docs/requirements/Reporting and project cockpit.md::name	report,project,cockpit	-	-	retained	-	requirements
r692	reverse	named	Risks, issues and constraints	docs/requirements/Risks, issues and constraints.md::name	risk,issue,constraint	-	-	retained	-	requirements
r693	reverse	named	Schedule	docs/requirements/Schedule.md::name	schedule	-	canvas,jtbd,prd,prototype,research,uxd,wireframes	present	-	requirements
r694	reverse	named	Suppliers, quotes and procurement	docs/requirements/Suppliers, quotes and procurement.md::name	supplier,quote,procurement	-	-	retained	-	requirements
r695	reverse	named	Task management	docs/requirements/Task management.md::name	task,management	-	research	present	-	requirements
r696	reverse	named	Trades and work packages	docs/requirements/Trades and work packages.md::name	trade,work package	-	-	retained	-	requirements
r697	reverse	named	Zones and spatial objects	docs/requirements/Zones and spatial objects.md::name	zone,spatial object	-	-	retained	-	requirements
r698	reverse	behavioural	Asset library keeps reusable asset definitions so per-room quantities derive from geometry instead of being retyped, owning the quantity chain up through required quantity for later epics to extend	docs/requirements/Asset library.md::Outcome[1]	asset,library,quantity,geometry	8	-	retained	-	-
r699	reverse	behavioural	An asset definition is reusable across plans and projects	docs/requirements/Asset library.md::Definition of done[1]	asset,definition,plan,project	8	-	retained	-	-
r700	reverse	behavioural	A placement references an asset definition rather than copying its price, so the price cannot go stale	docs/requirements/Asset library.md::Definition of done[2]	asset,placement,price	8	-	retained	-	-
r701	reverse	behavioural	A geometry-linked asset's quantity is derived from the geometry on every read	docs/requirements/Asset library.md::Definition of done[3]	asset,quantity,geometry	8	-	retained	-	-
r702	reverse	behavioural	An asset quantity derivation must be unit-testable with no canvas and no vault	docs/requirements/Asset library.md::Definition of done[4]	asset,quantity,derivation,test	8	-	retained	-	-
r703	reverse	behavioural	The asset quantity chain uses the PRD's named steps as far as this epic reaches, so later epics extend rather than duplicate it	docs/requirements/Asset library.md::Definition of done[5]	asset,quantity,chain	8	-	retained	-	-
r704	reverse	behavioural	Asset categories are configurable and Custom stays available	docs/requirements/Asset library.md::Definition of done[6]	asset,category,custom	8	-	retained	-	-
r705	reverse	behavioural	An unrecognised asset category is kept as written rather than rewritten	docs/requirements/Asset library.md::Definition of done[7]	asset,category,unrecognised	8	-	retained	-	-
r706	reverse	behavioural	The asset catalog is searchable	docs/requirements/Asset library.md::Definition of done[8]	asset,catalog,search	8	-	retained	-	-
r707	reverse	behavioural	The asset catalog is reachable through Bases rather than only through the plugin's own views	docs/requirements/Asset library.md::Definition of done[9]	asset,catalog,bases	8	-	retained	-	-
r708	reverse	behavioural	Calibration establishes real-world scale from two points and a known distance, turning every downstream measurement from a guess into arithmetic	docs/requirements/Calibration and measurement.md::Outcome[1]	calibration,scale,measurement	7	uxd.txt§11	present	-	-
r709	reverse	behavioural	Length normalizes to millimetres, area to square millimetres and volume to cubic millimetres	docs/requirements/Calibration and measurement.md::Definition of done[1]	length,area,volume,unit	8	-	retained	-	-
r710	reverse	behavioural	Every unit conversion is a domain function verified by a node test rather than by a screen	docs/requirements/Calibration and measurement.md::Definition of done[2]	unit,conversion,domain,test	8	-	retained	-	-
r711	reverse	behavioural	Internal precision and display precision stay separate; no calculation reads a rounded, displayed figure	docs/requirements/Calibration and measurement.md::Definition of done[3]	precision,display,calculation	5	-	retained	-	-
r712	reverse	behavioural	Calibration belongs to the plan and survives ordinary editing, or is loudly invalidated (for example when the background image is replaced) rather than silently reused	docs/requirements/Calibration and measurement.md::Definition of done[4]	calibration,plan,background,invalidate	8	-	retained	-	-
r713	reverse	behavioural	An uncalibrated plan says so wherever a measurement would otherwise appear	docs/requirements/Calibration and measurement.md::Definition of done[5]	calibration,plan,measurement	8	gallery.txt§Measurement label	present	-	-
r714	reverse	behavioural	A measurement carries its own units so it still means what it meant on screen when read as plain Markdown or exported to CSV	docs/requirements/Calibration and measurement.md::Definition of done[6]	measurement,unit,markdown,csv	8	-	retained	-	-
r715	reverse	behavioural	Construction sections model the unit a renovator actually budgets, awards and schedules (a measure spanning several zones), separating job description from place description, and may span multiple plans	docs/requirements/Construction sections.md::Outcome[1]	construction,section,zone,measure	8	-	retained	-	-
r716	reverse	behavioural	A section may reference zones across more than one plan without copying the geometry or the zone	docs/requirements/Construction sections.md::Definition of done[1]	section,zone,plan,geometry	8	-	retained	-	-
r717	reverse	behavioural	A section's lifecycle is exactly the PRD's seven states, written as frontmatter a human can read	docs/requirements/Construction sections.md::Definition of done[2]	section,lifecycle,state,frontmatter	8	-	retained	-	-
r718	reverse	behavioural	A section's budget aggregates from what it contains along the cost hierarchy, rather than being typed a second time	docs/requirements/Construction sections.md::Definition of done[3]	section,budget,aggregate,hierarchy	8	-	retained	-	-
r719	reverse	behavioural	A figure typed over a section's derived budget is stored and shown as an override, never quietly mixed into derived data	docs/requirements/Construction sections.md::Definition of done[4]	section,budget,override,derived	8	-	retained	-	-
r720	reverse	behavioural	A section's visual status carries something besides colour	docs/requirements/Construction sections.md::Definition of done[5]	section,status,colour	8	wireframes.txt§A.20	present	-	-
r721	reverse	behavioural	A section's status is also available in a list view, not only visually on the plan	docs/requirements/Construction sections.md::Definition of done[6]	section,status,list	8	-	retained	-	-
r722	reverse	behavioural	A trade assignment on a section is a link into the trade catalog, not a copied name, preventing two spellings of one trade	docs/requirements/Construction sections.md::Definition of done[7]	section,trade,catalog,link	7	-	retained	-	-
r723	reverse	behavioural	The cost and budget engine derives what a renovation costs from geometry, calibration and catalogued quantities, so changing the plan changes the number rather than requiring a number to be typed	docs/requirements/Cost and budget engine.md::Outcome[1]	cost,budget,engine,derive	8	canvas.txt§20	present	-	-
r724	reverse	behavioural	Costs derive from quantities and geometry	docs/requirements/Cost and budget engine.md::Definition of done[1]	cost,quantity,geometry	8	canvas.txt§20	present	-	-
r725	reverse	behavioural	A figure typed over a derived cost is stored and displayed as an override rather than mixed into the derived total	docs/requirements/Cost and budget engine.md::Definition of done[2]	cost,override,derived,total	7	-	retained	-	-
r726	reverse	behavioural	Cost support works in per-piece, per-metre and per-square-metre pricing, all three in MVP	docs/requirements/Cost and budget engine.md::Definition of done[3]	cost,price,piece,metre	7	-	retained	-	-
r727	reverse	behavioural	Money is not held as a float where rounding can accumulate	docs/requirements/Cost and budget engine.md::Definition of done[4]	money,float,rounding	2	-	retained	-	-
r728	reverse	behavioural	The rounding point for money is chosen once and tested, not left to whichever expression happens to evaluate first	docs/requirements/Cost and budget engine.md::Definition of done[5]	money,rounding,test	5	-	retained	-	-
r729	reverse	behavioural	Waste factor and contingency stay separate named steps, never one combined fudge percentage, so a renovator can argue with each separately	docs/requirements/Cost and budget engine.md::Definition of done[6]	waste,contingency,cost	8	-	retained	-	-
r730	reverse	behavioural	Cost aggregation follows the cost hierarchy	docs/requirements/Cost and budget engine.md::Definition of done[7]	cost,aggregation,hierarchy	8	-	retained	-	-
r731	reverse	behavioural	A cost figure is never computed two different ways in two places	docs/requirements/Cost and budget engine.md::Definition of done[8]	cost,figure,duplicate	7	-	retained	-	-
r732	reverse	behavioural	Tax support stays optional and is labelled as planning support, not accounting or tax advice	docs/requirements/Cost and budget engine.md::Definition of done[9]	tax,optional,planning	7	-	retained	-	-
r733	reverse	behavioural	No amount is ever shown without the currency the project defines	docs/requirements/Cost and budget engine.md::Definition of done[10]	amount,currency,project	7	-	retained	-	-
r734	reverse	behavioural	Cross-cutting concerns are requirements no single product epic owns (accessibility, error categories, settings model, one undo stack), decided once here rather than twenty times differently across the product epics	docs/requirements/Cross-cutting concerns.md::Outcome[1]	cross-cutting,concern,accessibility,settings	7	-	retained	-	-
r735	reverse	behavioural	A capability belongs in Cross-cutting concerns only if no single product epic could own it (it appears in all of them or is the standard they are all measured by); a capability that merely sits between two epics belongs to one of them or is its own epic	docs/requirements/Cross-cutting concerns.md::Outcome[2]	cross-cutting,concern,epic,scope	7	-	retained	-	-
r736	reverse	behavioural	A cross-cutting concern is stated in one place, and a use case in a product epic cites it rather than restating it	docs/requirements/Cross-cutting concerns.md::Definition of done[1]	concern,cite,restate	2	-	retained	-	-
r737	reverse	behavioural	A cross-cutting guarantee holds for code not yet written: a category invariant is checked at the forbidden thing (a lint rule or a spy on the call itself), never by driving the paths somebody thought of	docs/requirements/Cross-cutting concerns.md::Definition of done[2]	invariant,lint,check	1	-	retained	-	-
r738	reverse	behavioural	The check enforcing a cross-cutting concern names the spelling it actually sees, and the claim is narrowed to what that check can reach	docs/requirements/Cross-cutting concerns.md::Definition of done[3]	check,claim,narrow	3	-	retained	-	-
r739	reverse	behavioural	A cross-cutting concern needing an Obsidian API lives in infrastructure/; core/, domain/ and application/ may not name obsidian, enforced by eslint.config.mjs rather than by review	docs/requirements/Cross-cutting concerns.md::Definition of done[4]	layer,infrastructure,obsidian,eslint	7	-	retained	-	-
r740	reverse	behavioural	Where a cross-cutting concern cannot be checked outside Obsidian (appearance under a community theme, a hotkey actually firing), a Test case note says what to walk in a live vault and carries its cadence	docs/requirements/Cross-cutting concerns.md::Definition of done[5]	test case,vault,cadence	4	-	retained	-	-
r741	reverse	behavioural	Decisions/change-management and scenarios/alternatives are merged into one epic with one impact engine, because a selected scenario is a decision and a rejected alternative is an unnamed scenario	docs/requirements/Decisions, scenarios and change management.md::Outcome[1]	decision,scenario,impact	7	-	retained	-	-
r742	reverse	behavioural	A decision records the alternatives rejected and why, not only what was chosen	docs/requirements/Decisions, scenarios and change management.md::Definition of done[1]	decision,alternative,record	6	canvas.txt§11	present	-	-
r743	reverse	behavioural	Recording a decision with no scenario attached stays cheap, since the light case is the commoner one	docs/requirements/Decisions, scenarios and change management.md::Definition of done[2]	decision,scenario,cheap	6	-	retained	-	-
r744	reverse	behavioural	A scenario is a variant of plan data rather than a copy of the vault, and the parts it does not change stay shared	docs/requirements/Decisions, scenarios and change management.md::Definition of done[3]	scenario,plan,variant,shared	8	-	retained	-	-
r745	reverse	behavioural	Nothing in a scenario reaches a committed aggregate until it is selected	docs/requirements/Decisions, scenarios and change management.md::Definition of done[4]	scenario,aggregate,select	8	-	retained	-	-
r746	reverse	behavioural	Impact and comparison are one derivation, presented against the decision epic's six axes or the scenario epic's five dimensions as the case needs	docs/requirements/Decisions, scenarios and change management.md::Definition of done[5]	impact,comparison,derivation,axis	7	-	retained	-	-
r747	reverse	behavioural	Neither impact nor comparison writes budgets or dates back on its own	docs/requirements/Decisions, scenarios and change management.md::Definition of done[6]	impact,comparison,budget,date	7	-	retained	-	-
r748	reverse	behavioural	Selecting a scenario is an explicit, recorded act with a date, not a silent overwrite of the plan	docs/requirements/Decisions, scenarios and change management.md::Definition of done[7]	scenario,select,date	8	-	retained	-	-
r749	reverse	behavioural	An unselected scenario and a superseded decision are both kept as evidence for the choice	docs/requirements/Decisions, scenarios and change management.md::Definition of done[8]	scenario,decision,supersede,evidence	6	canvas.txt§11	present	-	-
r750	reverse	behavioural	A decision may block a work package, so the schedule can show work waiting on somebody making up their mind	docs/requirements/Decisions, scenarios and change management.md::Definition of done[9]	decision,block,work package,schedule	8	-	retained	-	-
r751	reverse	behavioural	This epic links documents and photos to the domain object they evidence rather than filing by date, because the real question is what an object's warranty is, not what arrived in a given month	docs/requirements/Documents, photos and evidence.md::Outcome[1]	document,photo,evidence,link	8	canvas.txt§12	present	-	-
r752	reverse	behavioural	Every document links to the domain object it evidences	docs/requirements/Documents, photos and evidence.md::Definition of done[1]	document,domain object,link	8	canvas.txt§12	present	-	-
r753	reverse	behavioural	A photo may additionally carry a spatial reference	docs/requirements/Documents, photos and evidence.md::Definition of done[2]	photo,spatial reference	6	-	retained	-	-
r754	reverse	behavioural	Document types are configurable and the starting category list is not a closed set	docs/requirements/Documents, photos and evidence.md::Definition of done[3]	document,type,configurable	8	-	retained	-	-
r755	reverse	behavioural	An unrecognised document type is kept as written	docs/requirements/Documents, photos and evidence.md::Definition of done[4]	document,type,unrecognised	8	-	retained	-	-
r756	reverse	behavioural	Files stay in open formats and stay in the vault; nothing depends on a copy the plugin holds elsewhere	docs/requirements/Documents, photos and evidence.md::Definition of done[5]	file,format,vault	7	prd.txt§20.9	present	-	-
r757	reverse	behavioural	The evidence timeline is derived from the documents' own dates, never a maintained list	docs/requirements/Documents, photos and evidence.md::Definition of done[6]	evidence,timeline,date,derived	7	-	retained	-	-
r758	reverse	behavioural	A document note still says what it is for when read without the plugin	docs/requirements/Documents, photos and evidence.md::Definition of done[7]	document,note,portability	8	-	retained	-	-
r759	reverse	behavioural	This epic holds the object states a renovation needs at once (existing, removed, staying, arriving) plus a fifth as-built state, distinguishing it from a new-build drawing tool	docs/requirements/Existing state, planned change and as-built.md::Outcome[1]	existing,planned,as-built,state	8	canvas.txt§26	present	-	-
r760	reverse	behavioural	Existing/planned/as-built object-state modelling is kept separate from Plan revisions' document-versioning immutability; the shared word as-built is a joint, not evidence the two are one epic	docs/requirements/Existing state, planned change and as-built.md::Outcome[2]	as-built,plan revision,state,scope	8	-	retained	-	-
r761	reverse	behavioural	Every spatial object can hold each of the epic's six states	docs/requirements/Existing state, planned change and as-built.md::Definition of done[1]	spatial object,state	8	-	retained	-	-
r762	reverse	behavioural	An object's state is stored as frontmatter a human can read	docs/requirements/Existing state, planned change and as-built.md::Definition of done[2]	state,frontmatter	8	-	retained	-	-
r763	reverse	behavioural	Existing, planned and as-built are three views of one model, not three copies of the geometry	docs/requirements/Existing state, planned change and as-built.md::Definition of done[3]	existing,planned,as-built,model	8	-	retained	-	-
r764	reverse	behavioural	A quantity knows which state it belongs to, so demolition and new material are separate questions about the same object	docs/requirements/Existing state, planned change and as-built.md::Definition of done[4]	quantity,state,demolition,material	8	-	retained	-	-
r765	reverse	behavioural	An object marked to-remove stays in the model after it is gone, because the as-built record is a record of what was there	docs/requirements/Existing state, planned change and as-built.md::Definition of done[5]	to-remove,as-built,record	5	-	retained	-	-
r766	reverse	behavioural	State visualization is not colour-only	docs/requirements/Existing state, planned change and as-built.md::Definition of done[6]	state,visualization,colour	8	canvas.txt§31	present	-	-
r767	reverse	behavioural	The plan editor is a drawing surface accepting whatever a renovator already has and knows nothing about what a shape means, keeping the editor testable as pure geometry and the domain testable without a canvas	docs/requirements/Plan editor.md::Outcome[1]	plan,editor,geometry,draw	8	-	retained	-	-
r768	reverse	behavioural	Geometry is stored in world units and never in canvas pixels, so a zoom level, a window size or a replaced background cannot change a stored quantity	docs/requirements/Plan editor.md::Definition of done[1]	geometry,world unit,pixel	4	-	retained	-	-
r769	reverse	behavioural	No vault write happens while a pointer is moving; what persists is a completed command or a debounced property change	docs/requirements/Plan editor.md::Definition of done[2]	vault,write,pointer,debounce	5	-	retained	-	-
r770	reverse	behavioural	Several hundred spatial objects on one plan still pan and zoom smoothly	docs/requirements/Plan editor.md::Definition of done[3]	spatial object,pan,zoom,performance	5	-	retained	-	-
r771	reverse	behavioural	Undo and redo are one stack across the editor, not one per tool	docs/requirements/Plan editor.md::Definition of done[4]	undo,redo,stack,editor	7	-	retained	-	-
r772	reverse	behavioural	Layer state and geometry are sidecar data rather than frontmatter; frontmatter is for what a human would want to read	docs/requirements/Plan editor.md::Definition of done[5]	layer,geometry,sidecar,frontmatter	5	-	retained	-	-
r773	reverse	behavioural	Anything the editor can do is reachable by keyboard with visible focus	docs/requirements/Plan editor.md::Definition of done[6]	editor,keyboard,focus	8	canvas.txt§31	present	-	-
r774	reverse	behavioural	Anything the editor shows spatially is also reachable as a list or table	docs/requirements/Plan editor.md::Definition of done[7]	editor,spatial,list,table	8	gallery.txt§Left rail	present	-	-
r775	reverse	behavioural	Plan revisions makes plan versioning explicit so an approved revision is immutable, since a trade priced that drawing and a movable drawing makes the price and any disagreement meaningless	docs/requirements/Plan revisions.md::Outcome[1]	plan,revision,immutable,approved	8	-	retained	-	-
r776	reverse	behavioural	An approved revision is immutable	docs/requirements/Plan revisions.md::Definition of done[1]	revision,approved,immutable	1	-	retained	-	-
r777	reverse	behavioural	A change to an approved revision produces a new revision with the old one marked superseded, never an edit in place	docs/requirements/Plan revisions.md::Definition of done[2]	revision,superseded,edit	4	-	retained	-	-
r778	reverse	behavioural	Immutability is enforced where geometry and frontmatter are written, so code written later inherits it rather than relying on convention	docs/requirements/Plan revisions.md::Definition of done[3]	immutability,geometry,frontmatter,write	4	-	retained	-	-
r779	reverse	behavioural	A revision's lifecycle is exactly the PRD's five states, ending at as-built	docs/requirements/Plan revisions.md::Definition of done[4]	revision,lifecycle,as-built	5	-	retained	-	-
r780	reverse	behavioural	Revision comparison is derived from the two revisions and stored nowhere	docs/requirements/Plan revisions.md::Definition of done[5]	revision,comparison,derived	5	-	retained	-	-
r781	reverse	behavioural	Revision metadata records who, when and why	docs/requirements/Plan revisions.md::Definition of done[6]	revision,metadata,who,when,why	7	-	retained	-	-
r782	reverse	behavioural	This epic supports execution rather than only planning, recording what actually happened on site once the plan stops matching the site, so the budget doesn't become fiction	docs/requirements/Progress and site documentation.md::Outcome[1]	progress,site,execution	8	canvas.txt§37	present	-	-
r783	reverse	behavioural	Progress and site documentation owns the planned-versus-actual measurement and completion-evidence question, while Documents, photos and evidence owns storing and linking the artefact itself	docs/requirements/Progress and site documentation.md::Outcome[2]	progress,documents,measurement,scope	8	-	retained	-	-
r784	reverse	behavioural	Planned and actual are two stored values, never one field overwritten	docs/requirements/Progress and site documentation.md::Definition of done[1]	planned,actual,stored value	7	canvas.txt§26	present	-	-
r785	reverse	behavioural	Progress above task level is derived from what the thing contains rather than typed at the top	docs/requirements/Progress and site documentation.md::Definition of done[2]	progress,derived,task	8	canvas.txt§23	present	-	-
r786	reverse	behavioural	A progress photo reuses Documents, photos and evidence and adds its date and subject; there is no second photo store	docs/requirements/Progress and site documentation.md::Definition of done[3]	progress photo,document,evidence	8	-	retained	-	-
r787	reverse	behavioural	The site log is append-only and readable as ordinary Markdown	docs/requirements/Progress and site documentation.md::Definition of done[4]	site log,append-only,markdown	7	-	retained	-	-
r788	reverse	behavioural	Completion evidence is what closes a work package, and a package closed without it is visibly closed without it	docs/requirements/Progress and site documentation.md::Definition of done[5]	completion evidence,work package,close	8	-	retained	-	-
r789	reverse	behavioural	Project management is the root of the domain model, carrying currency, unit system, tax defaults, contingency and folder layout that every downstream calculation reads, so other epics can assume a root rather than each inventing one	docs/requirements/Project management.md::Outcome[1]	project,root,currency,unit,folder	8	-	retained	-	-
r790	reverse	behavioural	Project management's dashboard is limited to this project's status and navigation; forecasting and cross-project health scoring belongs to Reporting and project cockpit, not here	docs/requirements/Project management.md::Outcome[2]	project,dashboard,forecast,scope	7	-	retained	-	-
r791	reverse	behavioural	The Project note carries the settings assigned to project scope (currency, units, tax defaults, contingency, project folder), and downstream code reads them from the Project rather than from a plugin default	docs/requirements/Project management.md::Definition of done[1]	project,settings,currency,unit	8	-	retained	-	-
r792	reverse	behavioural	Every folder path is configurable	docs/requirements/Project management.md::Definition of done[2]	folder,path,configurable	6	-	retained	-	-
r793	reverse	behavioural	Every user-supplied path passes through normalizePath	docs/requirements/Project management.md::Definition of done[3]	path,normalizePath	4	-	retained	-	-
r794	reverse	behavioural	Status, budget and date range are frontmatter a human can read and edit in any editor	docs/requirements/Project management.md::Definition of done[4]	project,status,budget,frontmatter	8	prd.txt§20.9	present	-	-
r795	reverse	behavioural	A Project note renamed, moved or edited outside the plugin is picked up rather than overwritten	docs/requirements/Project management.md::Definition of done[5]	project,rename,external edit	7	-	retained	-	-
r796	reverse	behavioural	Opening a vault with no project shows something that says what to do next, not an empty pane	docs/requirements/Project management.md::Definition of done[6]	project,empty state,onboarding	8	prd.txt§10	present	-	-
r797	reverse	behavioural	The cockpit answers a renovator's short status question (over budget, what's next, what's blocked) in one place instead of requiring many notes opened separately, and stores nothing itself	docs/requirements/Reporting and project cockpit.md::Outcome[1]	cockpit,report,forecast,budget	7	prd.txt§12	present	-	-
r798	reverse	behavioural	Every figure the cockpit shows is derived and nothing is written back	docs/requirements/Reporting and project cockpit.md::Definition of done[1]	cockpit,derived,written back	3	-	retained	-	-
r799	reverse	behavioural	The cockpit's forecast is exactly the PRD's identity (actual plus committed plus remaining estimate)	docs/requirements/Reporting and project cockpit.md::Definition of done[2]	forecast,actual,committed,estimate	7	-	retained	-	-
r800	reverse	behavioural	Each term of the cockpit's forecast is traceable to the objects that produced it	docs/requirements/Reporting and project cockpit.md::Definition of done[3]	forecast,traceable,object	5	-	retained	-	-
r801	reverse	behavioural	Project health is not colour-only and says what made it that colour	docs/requirements/Reporting and project cockpit.md::Definition of done[4]	project health,colour	2	wireframes.txt§A.20	present	-	-
r802	reverse	behavioural	Everything in the cockpit is reachable without the cockpit	docs/requirements/Reporting and project cockpit.md::Definition of done[5]	cockpit,reachable,portability	3	wireframes.txt§A.10	present	-	-
r803	reverse	behavioural	The cockpit opens fast enough to be opened casually, against the performance budgets	docs/requirements/Reporting and project cockpit.md::Definition of done[6]	cockpit,performance,open	6	prd.txt§28	present	-	-
r804	reverse	behavioural	This epic tracks constraints, risks and issues as three distinct categories rather than one wall of unranked worry, because ranking is the only reason to keep the list	docs/requirements/Risks, issues and constraints.md::Outcome[1]	risk,issue,constraint	5	-	retained	-	-
r805	reverse	behavioural	A risk carries the epic's defined properties (probability, impact, exposure, mitigation, owner)	docs/requirements/Risks, issues and constraints.md::Definition of done[1]	risk,probability,impact,mitigation	7	-	retained	-	-
r806	reverse	behavioural	A risk's exposure is derived from probability and impact rather than typed	docs/requirements/Risks, issues and constraints.md::Definition of done[2]	risk,exposure,derived	5	-	retained	-	-
r807	reverse	behavioural	Constraint, risk and issue stay distinguishable in the model, not three tags on one entity	docs/requirements/Risks, issues and constraints.md::Definition of done[3]	constraint,risk,issue,model	8	-	retained	-	-
r808	reverse	behavioural	A spatial marker is a consequence of the affected-area link, not a second placement that can disagree with it	docs/requirements/Risks, issues and constraints.md::Definition of done[4]	spatial marker,affected area,link	6	-	retained	-	-
r809	reverse	behavioural	Markers for risks, issues and constraints are not colour-only	docs/requirements/Risks, issues and constraints.md::Definition of done[5]	marker,colour	1	canvas.txt§31	present	-	-
r810	reverse	behavioural	Everything shown on a plan for risks, issues and constraints is also in a list	docs/requirements/Risks, issues and constraints.md::Definition of done[6]	marker,plan,list	8	-	retained	-	-
r811	reverse	behavioural	An accepted limitation is recorded as accepted, so it does not read as something somebody is about to fix	docs/requirements/Risks, issues and constraints.md::Definition of done[7]	accepted limitation,record	4	-	retained	-	-
r812	reverse	behavioural	Schedule places work on a time axis governed mainly by sequencing constraints (for example screed curing before flooring), rather than effort constraints	docs/requirements/Schedule.md::Outcome[1]	schedule,sequence,dependency	7	-	retained	-	-
r813	reverse	behavioural	Advanced scheduling (critical path, resource levelling, calendars) is explicitly excluded from MVP scope and must not be smuggled in under timeline	docs/requirements/Schedule.md::Outcome[2]	schedule,critical path,mvp,scope	7	canvas.txt§34	present	-	-
r814	reverse	behavioural	Dependencies are read from the model owned by Trades and work packages, with no second copy stored in Schedule	docs/requirements/Schedule.md::Definition of done[1]	schedule,dependency,trades	7	-	retained	-	-
r815	reverse	behavioural	A date implied by a dependency is derived; a date a user fixed is stored and marked as fixed	docs/requirements/Schedule.md::Definition of done[2]	date,dependency,fixed,derived	6	-	retained	-	-
r816	reverse	behavioural	A user must be able to see which of a derived date or a fixed date they are looking at	docs/requirements/Schedule.md::Definition of done[3]	date,derived,fixed,visible	6	gallery.txt§Inspector	present	-	-
r817	reverse	behavioural	Trade and construction-section timelines are views over the same data, not separate stores	docs/requirements/Schedule.md::Definition of done[4]	trade,section,timeline,view	8	-	retained	-	-
r818	reverse	behavioural	A milestone is a dated marker holding no work of its own, and may be depended upon	docs/requirements/Schedule.md::Definition of done[5]	milestone,dated marker,dependency	3	-	retained	-	-
r819	reverse	behavioural	Anything drawn as a timeline is also available as a list or table	docs/requirements/Schedule.md::Definition of done[6]	timeline,list,table,accessibility	8	-	retained	-	-
r820	reverse	behavioural	This merged epic covers the financial lifecycle from estimate to quote to order to delivery to actual cost, plus procurement arithmetic (package sizes, delivery slippage, leftover inventory), because splitting the epics would specify the estimate-to-order join twice	docs/requirements/Suppliers, quotes and procurement.md::Outcome[1]	supplier,quote,procurement,order	7	research.txt§9	present	-	-
r821	reverse	behavioural	A quote item links to the asset or work package it prices, so a comparison is against the plan rather than between two documents	docs/requirements/Suppliers, quotes and procurement.md::Definition of done[1]	quote item,asset,work package,link	8	-	retained	-	-
r822	reverse	behavioural	An estimate, a quote, an ordered amount and an actual cost stay four distinguishable values	docs/requirements/Suppliers, quotes and procurement.md::Definition of done[2]	estimate,quote,order,actual cost	8	research.txt§9	present	-	-
r823	reverse	behavioural	Purchase quantity is derived from required quantity by package size and minimum order quantity	docs/requirements/Suppliers, quotes and procurement.md::Definition of done[3]	purchase quantity,package size,minimum order quantity	4	-	retained	-	-
r824	reverse	behavioural	The purchase-quantity derivation is visible rather than an unexplained rounded number	docs/requirements/Suppliers, quotes and procurement.md::Definition of done[4]	purchase quantity,derivation,visible	6	-	retained	-	-
r825	reverse	behavioural	The procurement lifecycle is exactly the PRD's eight states, partially-delivered included	docs/requirements/Suppliers, quotes and procurement.md::Definition of done[5]	procurement,lifecycle,partially-delivered	7	-	retained	-	-
r826	reverse	behavioural	Remaining material becomes inventory a later requirement can consume instead of vanishing from the model at delivery	docs/requirements/Suppliers, quotes and procurement.md::Definition of done[6]	inventory,remaining material,delivery	3	-	retained	-	-
r827	reverse	behavioural	An expired quote is visibly expired and never silently used in a total	docs/requirements/Suppliers, quotes and procurement.md::Definition of done[7]	quote,expired,total	4	-	retained	-	-
r828	reverse	behavioural	Delivery dates reach Schedule by reference; there is no second store of dates in this epic	docs/requirements/Suppliers, quotes and procurement.md::Definition of done[8]	delivery date,schedule,reference	7	-	retained	-	-
r829	reverse	behavioural	Task management is the bottom rung where a task inherits its context from a zone, asset, work package or construction section rather than being typed into a list, and integrates with the vault's existing task tooling rather than replacing it	docs/requirements/Task management.md::Outcome[1]	task,context,vault	8	uxd.txt§14	present	-	-
r830	reverse	behavioural	A task created from a zone, asset, work package or construction section carries the link back, so its context is never retyped	docs/requirements/Task management.md::Definition of done[1]	task,zone,asset,work package,link	8	uxd.txt§14	present	-	-
r831	reverse	behavioural	A task's lifecycle is exactly the PRD's five states	docs/requirements/Task management.md::Definition of done[2]	task,lifecycle,state	8	-	retained	-	-
r832	reverse	behavioural	Tasks stay legible to the vault's existing task tooling rather than living in a format only this plugin reads	docs/requirements/Task management.md::Definition of done[3]	task,tooling,format	7	-	retained	-	-
r833	reverse	behavioural	Task dependencies reuse the shared dependency model instead of a task-local mechanism	docs/requirements/Task management.md::Definition of done[4]	task,dependency	7	-	retained	-	-
r834	reverse	behavioural	A task edited by hand in its note is not overwritten	docs/requirements/Task management.md::Definition of done[5]	task,edit,overwrite	7	prd.txt§30	present	-	-
r835	reverse	behavioural	Trades and work packages turns a planning document into something a renovation can be run from: a work package is what a trade is awarded and paid for, referencing zones and sections rather than copying geometry, and is the single home for dependencies used by Schedule, Suppliers/procurement and Decisions/scenarios	docs/requirements/Trades and work packages.md::Outcome[1]	trade,work package,dependency	8	-	retained	-	-
r836	reverse	behavioural	A work package's spatial scope is a reference to zones or construction sections, never a copy of their geometry	docs/requirements/Trades and work packages.md::Definition of done[1]	work package,zone,section,geometry	8	-	retained	-	-
r837	reverse	behavioural	The trade catalog is the one definition of a trade, and everything else links to it	docs/requirements/Trades and work packages.md::Definition of done[2]	trade,catalog,link	7	-	retained	-	-
r838	reverse	behavioural	Trade types are configurable	docs/requirements/Trades and work packages.md::Definition of done[3]	trade,type,configurable	8	-	retained	-	-
r839	reverse	behavioural	Dependencies use the epic's permitted pairs and three types, so no later epic needs a dependency mechanism of its own	docs/requirements/Trades and work packages.md::Definition of done[4]	dependency,pair,type	7	-	retained	-	-
r840	reverse	behavioural	Progress at work-package level is derived from what the package contains rather than typed over it	docs/requirements/Trades and work packages.md::Definition of done[5]	progress,work package,derived	8	canvas.txt§23	present	-	-
r841	reverse	behavioural	A work package is a Markdown note with a stable ID, so it survives being renamed by a user tidying folders	docs/requirements/Trades and work packages.md::Definition of done[6]	work package,markdown,stable id,rename	7	prd.txt§30	present	-	-
r842	reverse	behavioural	Zones and spatial objects turns a drawn polygon into a named domain object with type, metadata and links that the rest of the domain attaches costs, work and photos to, usable from ordinary Obsidian without opening the canvas	docs/requirements/Zones and spatial objects.md::Outcome[1]	zone,spatial object,polygon	8	canvas.txt§20	present	-	-
r843	reverse	behavioural	A Zone is a Markdown note with a stable ID independent of its filename, title and folder, so renaming it in Obsidian cannot orphan its geometry, costs or photos	docs/requirements/Zones and spatial objects.md::Definition of done[1]	zone,stable id,rename	8	prd.txt§30	present	-	-
r844	reverse	behavioural	Zone types are configurable	docs/requirements/Zones and spatial objects.md::Definition of done[2]	zone,type,configurable	8	-	retained	-	-
r845	reverse	behavioural	An unrecognised zone type is kept exactly as written rather than rewritten to something known	docs/requirements/Zones and spatial objects.md::Definition of done[3]	zone,type,unrecognised	8	-	retained	-	-
r846	reverse	behavioural	Area and perimeter are derived on every read, never stored in frontmatter where they can drift from the geometry that produced them	docs/requirements/Zones and spatial objects.md::Definition of done[4]	zone,area,perimeter,derived	8	gallery.txt§Inspector	present	-	-
r847	reverse	behavioural	Deleting a zone reports what references it and offers the epic's choices	docs/requirements/Zones and spatial objects.md::Definition of done[5]	zone,delete,reference	8	gallery.txt§Modal	present	-	-
r848	reverse	behavioural	A silent cascading delete of a zone is refused	docs/requirements/Zones and spatial objects.md::Definition of done[6]	zone,delete,cascade	8	gallery.txt§Modal	present	-	-
r849	reverse	behavioural	A zone delete that leaves dangling IDs behind is refused	docs/requirements/Zones and spatial objects.md::Definition of done[7]	zone,delete,dangling id	8	gallery.txt§Modal	present	-	-
r850	reverse	behavioural	A zone is reachable and useful through links and Bases without opening the plugin's own views	docs/requirements/Zones and spatial objects.md::Definition of done[8]	zone,link,bases	8	-	retained	-	-
r851	reverse	named	Accessibility	docs/requirements/Accessibility.md::name	accessibility	-	canvas,prd,prototype,wireframes	present	-	requirements
r852	reverse	behavioural	Everything the plugin can do is reachable without a pointer (keyboard-operable)	docs/requirements/Accessibility.md::Outcome[1]	accessibility,keyboard,pointer	5	prd.txt§26	present	-	-
r853	reverse	behavioural	Everything the plugin can do is reachable without distinguishing colours	docs/requirements/Accessibility.md::Outcome[2]	accessibility,colour	5	prd.txt§26	present	-	-
r854	reverse	behavioural	A visible focus indicator is required	docs/requirements/Accessibility.md::Body[1]	accessibility,focus	6	canvas.txt§31	present	-	-
r855	reverse	behavioural	Sufficient colour contrast is required	docs/requirements/Accessibility.md::Body[2]	accessibility,contrast	5	prd.txt§26	present	-	-
r856	reverse	behavioural	An alternative list or table route is required for anything spatial	docs/requirements/Accessibility.md::Body[3]	accessibility,list,table,spatial	8	wireframes.txt§A.11	present	-	-
r857	reverse	named	Architecture and Software Design	docs/requirements/Architecture and Software Design.md::name	architecture,software design	-	-	retained	-	requirements
r858	reverse	behavioural	The SDD is received and stays verbatim; a note citing an SDD section cites something not edited to agree with it	docs/requirements/Architecture and Software Design.md::Body[1]	sdd,verbatim,citation	4	-	retained	-	-
r859	reverse	behavioural	docs/tasks/ holds derived slices, each naming the SDD sections it derives from	docs/requirements/Architecture and Software Design.md::Body[2]	slice,task,sdd	8	-	retained	-	-
r860	reverse	behavioural	docs/adrs/ holds what was actually decided; where a decision and the SDD disagree, the ADR holds	docs/requirements/Architecture and Software Design.md::Body[3]	adr,sdd,decision	8	-	retained	-	-
r861	reverse	behavioural	A refinement that contradicts its source lands in a slice or an ADR, never in docs/sdds/	docs/requirements/Architecture and Software Design.md::Body[4]	refinement,adr,sdd	6	-	retained	-	-
r862	reverse	behavioural	The SDD layer dependency rule is enforced by no-restricted-imports per directory in eslint.config.mjs	docs/requirements/Architecture and Software Design.md::Body[5]	layer,lint,eslint	3	-	retained	-	-
r863	reverse	behavioural	eslint.config.mjs refuses vue, pinia, konva and obsidian in core/, domain/ and application/, wider than the SDD asked	docs/requirements/Architecture and Software Design.md::Body[6]	layer,vue,pinia,konva,obsidian	7	-	retained	-	-
r864	reverse	behavioural	WRITE_BOUNDARY in eslint.config.mjs catches a vault write from a view or the composition root that the layer bans cannot see	docs/requirements/Architecture and Software Design.md::Body[7]	write boundary,vault,lint	4	-	retained	-	-
r865	reverse	behavioural	Konva storing no canonical business data is a design criterion judged by review, not lint	docs/requirements/Architecture and Software Design.md::Body[8]	konva,review,criterion	6	-	retained	-	-
r866	reverse	behavioural	Vault files remaining understandable without the plugin is a design criterion judged by review, not lint	docs/requirements/Architecture and Software Design.md::Body[9]	vault,review,criterion	7	prd.txt§20	present	-	-
r867	reverse	behavioural	New views reusing the same application/domain layers is a design criterion judged by review, not lint	docs/requirements/Architecture and Software Design.md::Body[10]	view,layer,review,criterion	7	-	retained	-	-
r868	reverse	behavioural	Each of the seventeen slices is scoped to be implemented, tested and reviewed on its own, typed as a Task under docs/tasks/, hanging from one of five PBIs	docs/requirements/Architecture and Software Design.md::Body[11]	slice,task,pbi	7	-	retained	-	-
r869	reverse	behavioural	The seventeen slices fall into five PBI groups, grouped by scheduling argument	docs/requirements/Architecture and Software Design.md::The slice map[1]	slice,pbi,group	3	-	retained	-	-
r870	reverse	behavioural	A slice's dependencies live on the slice itself, in a dependsOn list of wikilinks to slices that must land first	docs/requirements/Architecture and Software Design.md::The slice map[2]	slice,dependson,dependency	2	-	retained	-	-
r871	reverse	behavioural	Each slice document follows a fixed shape: Purpose, Scope, Dependencies, Design, Interfaces & Contracts, Persistence Impact, Testing Strategy, Definition of Done, References	docs/requirements/Architecture and Software Design.md::How to read a slice[1]	slice,document,structure	8	-	retained	-	-
r872	reverse	behavioural	Repository structure convention applies to every slice	docs/requirements/Architecture and Software Design.md::Shared conventions[1]	repository structure,slice	2	-	retained	-	-
r873	reverse	behavioural	Module pattern: a domain module is self-contained (entity, ID, schema, errors, events); commands live under application/commands/<module>/	docs/requirements/Architecture and Software Design.md::Shared conventions[2]	module,domain,command	8	-	retained	-	-
r874	reverse	behavioural	Public boundaries: explicit module exports only, no deep internal imports	docs/requirements/Architecture and Software Design.md::Shared conventions[3]	module,boundary,export	4	-	retained	-	-
r875	reverse	behavioural	Naming conventions: singular domain nouns, verb+object commands, past-tense events, Get/List/Find queries	docs/requirements/Architecture and Software Design.md::Shared conventions[4]	naming,command,event,query	6	-	retained	-	-
r876	reverse	behavioural	TypeScript rules: strict true, no any, no non-null assertions, prefer unknown plus runtime validation	docs/requirements/Architecture and Software Design.md::Shared conventions[5]	typescript,strict	0	-	retained	-	-
r877	reverse	behavioural	Entity IDs are stable and independent of filename/title/path (UUID or ULID); Markdown links are navigation, never identity	docs/requirements/Architecture and Software Design.md::Shared conventions[6]	entity id,uuid,link	6	-	retained	-	-
r878	reverse	behavioural	Layer dependency rule: presentation to application to domain to core, infrastructure to application ports to domain, enforced by lint not just convention	docs/requirements/Architecture and Software Design.md::Shared conventions[7]	layer,dependency rule	3	-	retained	-	-
r879	reverse	behavioural	Result is data, not an object with methods: free functions ok/err/isOk/isErr and the .ok discriminant; never result.isErr() or Result.err(...)	docs/requirements/Architecture and Software Design.md::Shared vocabulary[1]	result,error handling	3	-	retained	-	-
r880	reverse	behavioural	An AppError is a plain, constructed-by-factory object; never constructed with new	docs/requirements/Architecture and Software Design.md::Shared vocabulary[2]	apperror,error	6	-	retained	-	-
r881	reverse	behavioural	A domain event's discriminant field is type, never name or kind	docs/requirements/Architecture and Software Design.md::Shared vocabulary[3]	domain event,discriminant	2	-	retained	-	-
r882	reverse	behavioural	Every repository port method returns a Result, including reads; not found is ok(null), never an error	docs/requirements/Architecture and Software Design.md::Shared vocabulary[4]	repository port,result	2	-	retained	-	-
r883	reverse	behavioural	Units (Money, Quantity, UnitKind, MeasurementUnit, DerivedValue) are owned by slice 9; core/units/ holds only the world-unit convention	docs/requirements/Architecture and Software Design.md::Shared vocabulary[5]	unit,money,quantity	8	-	retained	-	-
r884	reverse	behavioural	Point is always world millimetres and ScreenPoint is always pixels, defined in two different places; a second structurally-identical type of either must not exist	docs/requirements/Architecture and Software Design.md::Shared vocabulary[6]	point,screenpoint,coordinate	7	-	retained	-	-
r885	reverse	behavioural	A polygon is validated by createPolygon (>=3 vertices, finite coordinates, no NaN, no Infinity); a bare Polygon value is never assumed valid	docs/requirements/Architecture and Software Design.md::Shared vocabulary[7]	polygon,validation	6	-	retained	-	-
r886	reverse	behavioural	Valid-unit and valid-transform are not point-list properties and are validated separately: valid unit at compile time at the editor boundary, valid transform by createPolygon's finite-coordinate check, both re-validated at the persistence boundary by schema validation	docs/requirements/Architecture and Software Design.md::Shared vocabulary[8]	polygon,validation,editor boundary,persistence boundary	6	-	retained	-	-
r887	reverse	behavioural	Logging goes through the Logger port, injected from the composition root and never constructed at a call site; nothing outside infrastructure/logging touches console, and nothing under domain/ logs at all	docs/requirements/Architecture and Software Design.md::Shared vocabulary[9]	logging,logger,console	0	-	retained	-	-
r888	reverse	behavioural	Every user-facing string goes through t(language, key); a slice needing new copy adds keys to en.ts rather than defining its own table; the plugin never grows its own language setting	docs/requirements/Architecture and Software Design.md::Shared vocabulary[10]	i18n,string,language	5	-	retained	-	-
r889	reverse	behavioural	docs/setup/vue-conventions.md binds any slice that specifies a Vue surface at all: a component, a component test, a Pinia store, a composable, or build/test wiring for any of them	docs/requirements/Architecture and Software Design.md::Conventions a slice must conform to[1]	vue,convention,slice	4	-	retained	-	-
r890	reverse	behavioural	A departure from vue-conventions.md must be named in that slice's References rather than left to be discovered	docs/requirements/Architecture and Software Design.md::Conventions a slice must conform to[2]	vue,departure,reference	2	-	retained	-	-
r891	reverse	behavioural	docs/setup/quality-harness.md is a build-this-from-nothing target guide, not a description of the gate as it stands: it specifies five steps but only four are live	docs/requirements/Architecture and Software Design.md::Conventions a slice must conform to[3]	quality harness,gate	1	-	retained	-	-
r892	reverse	behavioural	A slice's Definition of Done is written against the four gates that actually exist: build, lint, test:coverage, analyze	docs/requirements/Architecture and Software Design.md::Conventions a slice must conform to[4]	definition of done,gate	3	-	retained	-	-
r893	reverse	behavioural	Neither vue-conventions.md nor quality-harness.md is checked mechanically against a slice; conformance is a review outcome	docs/requirements/Architecture and Software Design.md::Conventions a slice must conform to[5]	conformance,review	5	-	retained	-	-
r894	reverse	behavioural	Bases Integration is out of scope for every slice	docs/requirements/Architecture and Software Design.md::Explicitly deferred[1]	bases integration,scope	7	prd.txt§34	present	-	-
r895	reverse	behavioural	Scheduling Architecture is out of scope, not part of the initial architecture core	docs/requirements/Architecture and Software Design.md::Explicitly deferred[2]	scheduling architecture,scope	7	-	retained	-	-
r896	reverse	behavioural	Advanced Polygon Operations and Spatial Index are out of scope as optimizations; correctness must not depend on the index	docs/requirements/Architecture and Software Design.md::Explicitly deferred[3]	polygon operations,spatial index,scope	8	-	retained	-	-
r897	reverse	behavioural	Worker Strategy is out of scope until profiling justifies workers	docs/requirements/Architecture and Software Design.md::Explicitly deferred[4]	worker,scope,performance	7	-	retained	-	-
r898	reverse	behavioural	Everything from PRD Epic 8 onward is feature development built on this foundation and is not sliced here	docs/requirements/Architecture and Software Design.md::Explicitly deferred[5]	epic,scope	7	-	retained	-	-
r899	reverse	behavioural	The quality harness (npm run check, coverage ratchet, browser harness, live-vault checks, release pipeline) is tooling, not part of this Feature	docs/requirements/Architecture and Software Design.md::Explicitly deferred[6]	quality harness,tooling	2	-	retained	-	-
r900	reverse	behavioural	An ADR is a decision with consequences and a revisit-when, not a backlog item ranked among siblings	docs/requirements/Architecture and Software Design.md::Explicitly deferred[7]	adr,backlog	3	-	retained	-	-
r901	reverse	behavioural	A structural question about which layer owns what has one answer, in one place	docs/requirements/Architecture and Software Design.md::Outcome[1]	architecture,layer,structure	8	-	retained	-	-
r902	reverse	behavioural	A violation of the layer rule is refused by lint rather than noticed in review	docs/requirements/Architecture and Software Design.md::Outcome[2]	layer,lint,violation	3	-	retained	-	-
r903	reverse	named	Area calculation	docs/requirements/Area calculation.md::name	area,calculation	-	-	retained	-	requirements
r904	reverse	behavioural	Area calculation must handle a polygon that is not convex and not axis-aligned	docs/requirements/Area calculation.md::Body[1]	area,polygon,non-convex	8	-	retained	-	-
r905	reverse	behavioural	Every zone reports its true floor area	docs/requirements/Area calculation.md::Outcome[1]	zone,area,floor area	8	gallery.txt§Inspector	present	-	-
r906	reverse	behavioural	A renovator never manually types a square-metre figure the plan already knows	docs/requirements/Area calculation.md::Outcome[2]	area,manual entry	8	canvas.txt§6	present	-	-
r907	reverse	named	As-built documentation	docs/requirements/As-built documentation.md::name	as-built,documentation	-	jtbd,research	present	-	requirements
r908	reverse	behavioural	A to-remove object stays in the model after it is gone, so as-built documentation includes removed objects	docs/requirements/As-built documentation.md::Body[1]	to-remove,object,as-built	6	-	retained	-	-
r909	reverse	behavioural	When the work is finished the renovator has an accurate record of what is actually in the house	docs/requirements/As-built documentation.md::Outcome[1]	as-built,record	4	research.txt§19	present	-	-
r910	reverse	named	Asset definitions and categories	docs/requirements/Asset definitions and categories.md::name	asset,definition,category	-	-	retained	-	requirements
r911	reverse	behavioural	The asset category list (material, furniture, fixture, plant, equipment, building element, custom) is extensible, not fixed	docs/requirements/Asset definitions and categories.md::Body[1]	asset,category,extensible	8	-	retained	-	-
r912	reverse	behavioural	A renovator defines a material or product once and uses it anywhere	docs/requirements/Asset definitions and categories.md::Outcome[1]	asset,definition,reuse	8	-	retained	-	-
r913	reverse	behavioural	Correcting an asset's price corrects every plan it appears in	docs/requirements/Asset definitions and categories.md::Outcome[2]	asset,price,correction	8	-	retained	-	-
r914	reverse	named	Asset placement	docs/requirements/Asset placement.md::name	asset,placement	-	-	retained	-	requirements
r915	reverse	behavioural	A placement references its asset definition and stores only placement-specific data, a light reference not a copy	docs/requirements/Asset placement.md::Body[1]	placement,reference,asset definition	5	-	retained	-	-
r916	reverse	behavioural	A renovator can put the things they are buying where they will actually go	docs/requirements/Asset placement.md::Outcome[1]	asset placement,spatial	7	gallery.txt§Rails	present	-	-
r917	reverse	named	Budget aggregation	docs/requirements/Budget aggregation.md::name	budget,aggregation	-	-	retained	-	requirements
r918	reverse	behavioural	A budget total is computed one way and read at every level; no level stores its own independent total	docs/requirements/Budget aggregation.md::Body[1]	budget,aggregation,derived	8	-	retained	-	-
r919	reverse	behavioural	A renovator sees what the whole renovation costs	docs/requirements/Budget aggregation.md::Outcome[1]	budget,total cost	7	wireframes.txt§A.10	present	-	-
r920	reverse	behavioural	A renovator can open any part of the total cost to see what made it up	docs/requirements/Budget aggregation.md::Outcome[2]	budget,drill-down,aggregation	7	wireframes.txt§A.13	present	-	-
r921	reverse	named	Budget overview	docs/requirements/Budget overview.md::name	budget,overview	-	-	retained	-	requirements
r922	reverse	behavioural	The budget overview shows five financial states (estimated, quoted, committed, invoiced, paid), and everything in it is derived, nothing stored	docs/requirements/Budget overview.md::Body[1]	budget overview,derived,financial state	8	research.txt§9	present	-	-
r923	reverse	behavioural	A renovator can see where the money has gone, at every level of the project	docs/requirements/Budget overview.md::Outcome[1]	budget,spent	7	wireframes.txt§A.10	present	-	-
r924	reverse	behavioural	A renovator can see where the money is promised, at every level of the project	docs/requirements/Budget overview.md::Outcome[2]	budget,committed	7	research.txt§9	present	-	-
r925	reverse	named	Canvas navigation	docs/requirements/Canvas navigation.md::name	canvas,navigation	-	-	retained	-	requirements
r926	reverse	behavioural	Moving around a large plan stays smooth	docs/requirements/Canvas navigation.md::Outcome[1]	canvas,pan,zoom,performance	4	-	retained	-	-
r927	reverse	behavioural	Moving around a large plan works from the keyboard	docs/requirements/Canvas navigation.md::Outcome[2]	canvas,keyboard,navigation	7	canvas.txt§31	present	-	-
r928	reverse	behavioural	Moving around a large plan writes nothing to the vault while it happens	docs/requirements/Canvas navigation.md::Outcome[3]	canvas,vault,write	7	-	retained	-	-
r929	reverse	named	Change history	docs/requirements/Change history.md::name	change history	-	-	retained	-	requirements
r930	reverse	behavioural	Change history is append-only; a superseded record is kept, never edited or deleted	docs/requirements/Change history.md::Body[1]	change history,append-only	3	-	retained	-	-
r931	reverse	behavioural	A renovator can read back the order in which the plan changed	docs/requirements/Change history.md::Outcome[1]	change history,order,sequence	5	wireframes.txt§A.10	present	-	-
r932	reverse	behavioural	A renovator can read back what each change was for	docs/requirements/Change history.md::Outcome[2]	change history,reason	5	-	retained	-	-
r933	reverse	named	Change requests	docs/requirements/Change requests.md::name	change request	-	-	retained	-	requirements
r934	reverse	behavioural	A renovator can propose a change to a plan already committed to	docs/requirements/Change requests.md::Outcome[1]	change request,propose	3	research.txt§8	present	-	-
r935	reverse	behavioural	A renovator can see what a proposed change would cost and delay before deciding	docs/requirements/Change requests.md::Outcome[2]	change request,cost,delay,impact	8	research.txt§8	present	-	-
r936	reverse	behavioural	A renovator decides on a change request before committing to it	docs/requirements/Change requests.md::Outcome[3]	change request,decision	7	research.txt§8	present	-	-
r937	reverse	named	Completion evidence	docs/requirements/Completion evidence.md::name	completion evidence	-	-	retained	-	requirements
r938	reverse	behavioural	A work package closed with no completion evidence must be visibly marked as such, distinguishable from one properly signed off	docs/requirements/Completion evidence.md::Body[1]	completion evidence,work package,visible	8	-	retained	-	-
r939	reverse	behavioural	A renovator can tell which finished work is actually evidenced and which is only marked done	docs/requirements/Completion evidence.md::Outcome[1]	completion evidence,work package	8	-	retained	-	-
r940	reverse	named	Constraints	docs/requirements/Constraints.md::name	constraint	-	jtbd	present	-	requirements
r941	reverse	behavioural	Constraints must be visible while a plan is being drawn, not only reviewed periodically like a risk register	docs/requirements/Constraints.md::Body[1]	constraint,visibility,plan editing	4	-	retained	-	-
r942	reverse	behavioural	A renovator sees the fixed physical and legal limits of their house while planning	docs/requirements/Constraints.md::Outcome[1]	constraint,house,physical	7	-	retained	-	-
r943	reverse	behavioural	A renovator sees the fixed budget ceiling while planning	docs/requirements/Constraints.md::Outcome[2]	constraint,budget	7	research.txt§9	present	-	-
r944	reverse	named	Cost items and price components	docs/requirements/Cost items and price components.md::name	cost item,price component	-	-	retained	-	requirements
r945	reverse	behavioural	Price components (discount, shipping, deposit, surcharge, tax, contingency) are stored as separate fields, not merged into one adjusted price	docs/requirements/Cost items and price components.md::Body[1]	cost item,price component,discount,tax	7	-	retained	-	-
r946	reverse	behavioural	Tax support is optional and labelled as planning support, not accounting	docs/requirements/Cost items and price components.md::Body[2]	tax,optional,planning support	7	prd.txt§5	present	-	-
r947	reverse	behavioural	Every cost in the plan can be broken back down into the parts somebody actually quoted	docs/requirements/Cost items and price components.md::Outcome[1]	cost item,price component	7	wireframes.txt§A.15 Work Detail / Estimate (Tiles/Adhesive/Grout/Labor breakdown reconstructing the €2,576 estimate)	present	-	-
r948	reverse	named	Cost types	docs/requirements/Cost types.md::name	cost type	-	-	retained	-	requirements
r949	reverse	behavioural	A cost item is priced exactly one way, and that choice decides which quantity it consumes	docs/requirements/Cost types.md::Body[1]	cost type,quantity	7	-	retained	-	-
r950	reverse	behavioural	A renovator prices anything the way it is actually sold: by area, by length, per item, by the hour, or as one lump	docs/requirements/Cost types.md::Outcome[1]	cost type,pricing	7	-	retained	-	-
r951	reverse	named	Create a construction section	docs/requirements/Create a construction section.md::name	construction section,create	-	-	retained	-	requirements
r952	reverse	behavioural	A construction section is its own note with its own ID and lifecycle, created before award, budget or schedule reference it	docs/requirements/Create a construction section.md::Body[1]	construction section,note,id,lifecycle	8	-	retained	-	-
r953	reverse	behavioural	A renovator can name the actual jobs their renovation consists of, separately from the rooms they happen in	docs/requirements/Create a construction section.md::Outcome[1]	construction section,job	3	jtbd.txt§JTBD-019	present	-	-
r954	reverse	named	Create a project	docs/requirements/Create a project.md::name	project,create	-	prd,uxd,wireframes	present	-	requirements
r955	reverse	behavioural	Project folder layout is configurable, with a sensible default and an override path	docs/requirements/Create a project.md::Body[1]	project,folder layout,configurable	7	-	retained	-	-
r956	reverse	behavioural	A renovator can start a project in a few seconds	docs/requirements/Create a project.md::Outcome[1]	project,creation,speed	7	uxd.txt§9	present	-	-
r957	reverse	behavioural	A renovator finds a new project's notes exactly where they expected them to be	docs/requirements/Create a project.md::Outcome[2]	project,folder,location	7	-	retained	-	-
r958	reverse	named	Create a task from context	docs/requirements/Create a task from context.md::name	task,context	-	-	retained	-	requirements
r959	reverse	behavioural	A task can be created from a zone, an asset, a work package or a construction section, and keeps a link back to that source	docs/requirements/Create a task from context.md::Body[1]	task,zone,asset,work package,construction section	8	uxd.txt§14	present	-	-
r960	reverse	behavioural	A renovator can turn anything they are looking at into a task	docs/requirements/Create a task from context.md::Outcome[1]	task,create,context	8	uxd.txt§14	present	-	-
r961	reverse	behavioural	A task remembers where it was created from	docs/requirements/Create a task from context.md::Outcome[2]	task,link,source	7	uxd.txt§14	present	-	-
r962	reverse	named	Decisions and alternatives	docs/requirements/Decisions and alternatives.md::name	decision,alternative	-	-	retained	-	requirements
r963	reverse	behavioural	A decision record must hold what was rejected and why, not only the chosen option	docs/requirements/Decisions and alternatives.md::Body[1]	decision,alternative,rejected	6	canvas.txt§11	present	-	-
r964	reverse	behavioural	A renovator can record a choice and its rejected alternatives in a few seconds	docs/requirements/Decisions and alternatives.md::Outcome[1]	decision,alternative,quick	6	canvas.txt§11	present	-	-
r965	reverse	behavioural	A renovator can still understand a recorded decision a year later	docs/requirements/Decisions and alternatives.md::Outcome[2]	decision,understandable,longevity	7	canvas.txt§11	present	-	-
r966	reverse	named	Deliveries and remaining inventory	docs/requirements/Deliveries and remaining inventory.md::name	delivery,inventory	-	-	retained	-	requirements
r967	reverse	behavioural	Delivery dates are referenced from the schedule, not stored as a second independent date record	docs/requirements/Deliveries and remaining inventory.md::Body[1]	delivery,date,schedule,reference	7	-	retained	-	-
r968	reverse	behavioural	A renovator knows what has arrived	docs/requirements/Deliveries and remaining inventory.md::Outcome[1]	delivery,arrived	2	jtbd.txt§JTBD-041	present	-	-
r969	reverse	behavioural	A renovator knows what is left over	docs/requirements/Deliveries and remaining inventory.md::Outcome[2]	inventory,remaining,leftover	3	-	retained	-	-
r970	reverse	behavioural	A renovator can spend leftover inventory on the next room	docs/requirements/Deliveries and remaining inventory.md::Outcome[3]	inventory,reuse	3	-	retained	-	-
r971	reverse	named	Dependencies	docs/requirements/Dependencies.md::name	dependency	-	canvas,jtbd,prd,research,uxd,wireframes	present	-	requirements
r972	reverse	behavioural	Exactly three dependency types are supported: finish-to-start, blocking, informational, not the full project-management vocabulary	docs/requirements/Dependencies.md::Body[1]	dependency,finish-to-start,blocking,informational	3	-	retained	-	-
r973	reverse	behavioural	A renovator can say what has to happen before what, stated once	docs/requirements/Dependencies.md::Outcome[1]	dependency,ordering	1	-	retained	-	-
r974	reverse	behavioural	Every view that cares about dependencies reads the same single answer	docs/requirements/Dependencies.md::Outcome[2]	dependency,single source,view	8	-	retained	-	-
r975	reverse	named	Distance and perimeter measurement	docs/requirements/Distance and perimeter measurement.md::name	distance,perimeter,measurement	-	-	retained	-	requirements
r976	reverse	behavioural	Distance and perimeter are pure functions of stored geometry and calibration, testable without a canvas	docs/requirements/Distance and perimeter measurement.md::Body[1]	distance,perimeter,geometry,calibration	5	-	retained	-	-
r977	reverse	behavioural	A renovator gets the length of anything on the plan without measuring it again	docs/requirements/Distance and perimeter measurement.md::Outcome[1]	distance,length,measurement	7	canvas.txt§13	present	-	-
r978	reverse	behavioural	A renovator gets the perimeter of any zone without measuring it again	docs/requirements/Distance and perimeter measurement.md::Outcome[2]	perimeter,zone,measurement	8	-	retained	-	-
r979	reverse	named	Document linking and types	docs/requirements/Document linking and types.md::name	document,link,document type	-	-	retained	-	requirements
r980	reverse	behavioural	The document type list (quote, invoice, delivery note, data sheet, installation manual, permit, warranty, contract, photo, sketch, other) is extensible, not fixed	docs/requirements/Document linking and types.md::Body[1]	document type,extensible	7	-	retained	-	-
r981	reverse	behavioural	Every document a renovation produces is attached to the thing it is about	docs/requirements/Document linking and types.md::Outcome[1]	document,link	8	research.txt§16	present	-	-
r982	reverse	behavioural	A document is findable from the thing it is about	docs/requirements/Document linking and types.md::Outcome[2]	document,findable	8	research.txt§16	present	-	-
r983	reverse	named	Error handling and diagnostics	docs/requirements/Error handling and diagnostics.md::name	error handling,diagnostic	-	-	retained	-	requirements
r984	reverse	behavioural	The plugin has six typed error categories (validation, persistence, import, geometry, calculation, unsupported format) that every product epic can raise	docs/requirements/Error handling and diagnostics.md::Body[1]	error,category,typed	6	-	retained	-	-
r985	reverse	behavioural	Unexpected failures are translated at application boundaries	docs/requirements/Error handling and diagnostics.md::Body[2]	error,application boundary,translate	7	gallery.txt§Toast	present	-	-
r986	reverse	behavioural	Logging that is not a real error path is a review rejection	docs/requirements/Error handling and diagnostics.md::Body[3]	logging,console,review	5	-	retained	-	-
r987	reverse	behavioural	When something fails, a renovator is told what kind of problem it is	docs/requirements/Error handling and diagnostics.md::Outcome[1]	error,diagnosis	6	prd.txt§25	present	-	-
r988	reverse	behavioural	When something fails, a renovator is told what to do about it	docs/requirements/Error handling and diagnostics.md::Outcome[2]	error,remediation,guidance	7	prd.txt§25	present	-	-
r989	reverse	behavioural	Error presentation has the same shape every time	docs/requirements/Error handling and diagnostics.md::Outcome[3]	error,consistency	6	gallery.txt§Shared-vocabulary	present	-	-
r990	reverse	named	Evidence timeline	docs/requirements/Evidence timeline.md::name	evidence timeline	-	-	retained	-	requirements
r991	reverse	behavioural	The evidence timeline is derived entirely from existing documents; nothing about it is separately maintained	docs/requirements/Evidence timeline.md::Body[1]	evidence timeline,derived	4	-	retained	-	-
r992	reverse	behavioural	A renovator can show, in order, what was quoted, ordered, delivered, done and photographed for any part of the house	docs/requirements/Evidence timeline.md::Outcome[1]	evidence timeline,document,photo	8	research.txt§19	present	-	-
r993	reverse	named	Existing versus target view	docs/requirements/Existing versus target view.md::name	existing,target,view	-	-	retained	-	requirements
r994	reverse	behavioural	Existing and target are two views of one model, never two stored copies	docs/requirements/Existing versus target view.md::Body[1]	existing,target,single model	6	canvas.txt§26	present	-	-
r995	reverse	behavioural	A renovator can flip between how the house is now and how it will be, from a single plan	docs/requirements/Existing versus target view.md::Outcome[1]	existing,target,plan	8	canvas.txt§26	present	-	-
r996	reverse	named	External modification handling	docs/requirements/External modification handling.md::name	external modification	-	-	retained	-	requirements
r997	reverse	behavioural	The plugin must respond to frontmatter edits, renames, moves, deletions and new notes made outside it	docs/requirements/External modification handling.md::Body[1]	external modification,frontmatter,rename,move,delete	7	-	retained	-	-
r998	reverse	behavioural	The plugin must never silently overwrite a manual edit	docs/requirements/External modification handling.md::Body[2]	manual edit,overwrite	2	prd.txt§30	present	-	-
r999	reverse	behavioural	Entities are addressed by stable ID, never by filename, which is what makes a rename harmless	docs/requirements/External modification handling.md::Body[3]	entity id,stable id,filename	5	prd.txt§30	present	-	-
r1000	reverse	behavioural	A renovator can edit, rename or move any renovation note by hand	docs/requirements/External modification handling.md::Outcome[1]	note,edit,rename,move	7	-	retained	-	-
r1001	reverse	behavioural	The plugin keeps up with a manual note change rather than undoing it	docs/requirements/External modification handling.md::Outcome[2]	plugin,sync,manual edit	3	-	retained	-	-
r1002	reverse	named	Forecast	docs/requirements/Forecast.md::name	forecast	-	-	retained	-	requirements
r1003	reverse	behavioural	Forecast equals actual cost plus committed cost plus remaining estimate, the only figure mixing all three financial states	docs/requirements/Forecast.md::Body[1]	forecast,actual cost,committed,remaining estimate	6	-	retained	-	-
r1004	reverse	behavioural	A renovator can see what the finished renovation is now expected to cost	docs/requirements/Forecast.md::Outcome[1]	forecast,total cost	2	jtbd.txt§JTBD-059	present	-	-
r1005	reverse	behavioural	A renovator can break the forecast total down into its three parts	docs/requirements/Forecast.md::Outcome[2]	forecast,breakdown	1	-	retained	-	-
r1006	reverse	named	Geometry-linked quantities	docs/requirements/Geometry-linked quantities.md::name	geometry,quantity	-	-	retained	-	requirements
r1007	reverse	behavioural	Geometry-linked quantities stop at the calculated requirement; waste adjustment and purchase-quantity conversion belong to other features	docs/requirements/Geometry-linked quantities.md::Body[1]	geometry-linked quantity,calculated requirement,scope	7	-	retained	-	-
r1008	reverse	behavioural	Changing a room on the plan changes how much material it needs, without anybody recalculating anything	docs/requirements/Geometry-linked quantities.md::Outcome[1]	geometry-linked quantity,material,recalculate	8	canvas.txt§19	present	-	-
r1009	reverse	named	Grid and snapping	docs/requirements/Grid and snapping.md::name	grid,snapping	-	-	retained	-	requirements
r1010	reverse	behavioural	Snapping must operate in world units, not screen pixels, so the result does not depend on zoom level	docs/requirements/Grid and snapping.md::Body[1]	snapping,world units,zoom	3	-	retained	-	-
r1011	reverse	behavioural	A renovator drawing by hand gets shapes that close properly	docs/requirements/Grid and snapping.md::Outcome[1]	snapping,shape,closed	1	-	retained	-	-
r1012	reverse	behavioural	A renovator drawing by hand gets quantities they can rely on	docs/requirements/Grid and snapping.md::Outcome[2]	snapping,quantity,accuracy	7	-	retained	-	-
r1013	reverse	named	Immutable approved revisions	docs/requirements/Immutable approved revisions.md::name	revision,immutable,approved	-	-	retained	-	requirements
r1014	reverse	behavioural	Immutability of an approved revision is enforced at every write path, not by convention; one unguarded write path defeats the whole guarantee	docs/requirements/Immutable approved revisions.md::Body[1]	revision,immutable,write path	1	-	retained	-	-
r1015	reverse	behavioural	Once a plan version is approved, nothing can change it	docs/requirements/Immutable approved revisions.md::Outcome[1]	revision,immutable,approved	1	research.txt§31	present	-	-
r1016	reverse	behavioural	What somebody quoted against can always be reproduced	docs/requirements/Immutable approved revisions.md::Outcome[2]	revision,quote,reproducible	3	jtbd.txt§JTBD-054	present	-	-
r1017	reverse	named	Impact analysis	docs/requirements/Impact analysis.md::name	impact analysis	-	-	retained	-	requirements
r1018	reverse	behavioural	Impacts are analysed across budget, schedule, assets, procurement, work packages and tasks, compared on cost, duration, material, effort and risk	docs/requirements/Impact analysis.md::Body[1]	impact,budget,schedule,procurement,dimension	7	research.txt§8	present	-	-
r1019	reverse	behavioural	Impact analysis is derived and writes nothing; showing a change's impact must not book it	docs/requirements/Impact analysis.md::Body[2]	impact,derived,no write	8	-	retained	-	-
r1020	reverse	behavioural	A renovator can see what a proposed change would do to the money before agreeing	docs/requirements/Impact analysis.md::Outcome[1]	impact,cost,money	8	research.txt§8	present	-	-
r1021	reverse	behavioural	A renovator can see what a proposed change would do to the schedule before agreeing	docs/requirements/Impact analysis.md::Outcome[2]	impact,schedule	7	research.txt§8	present	-	-
r1022	reverse	behavioural	A renovator can see what a proposed change would do to the shopping list before agreeing	docs/requirements/Impact analysis.md::Outcome[3]	impact,shopping list,material	8	-	retained	-	-
r1023	reverse	named	Import and export	docs/requirements/Import and export.md::name	import,export	-	-	retained	-	requirements
r1024	reverse	behavioural	Supported import/export formats are fixed to Markdown, YAML, JSON, PNG, JPEG, PDF and CSV	docs/requirements/Import and export.md::Body[1]	import,export,format,csv	7	prd.txt§Feature-2.3	present	-	-
r1025	reverse	behavioural	A renovator can get their quantities, costs and plans into and out of the plugin in formats other tools already read	docs/requirements/Import and export.md::Outcome[1]	import,export	7	research.txt§7	present	-	-
r1026	reverse	named	Issues	docs/requirements/Issues.md::name	issue	-	canvas,research	present	-	requirements
r1027	reverse	behavioural	An issue is distinct from a risk by tense: a risk might happen, an issue already has	docs/requirements/Issues.md::Body[1]	issue,risk,distinction	6	-	retained	-	-
r1028	reverse	behavioural	A renovator has one place for problems that are currently live	docs/requirements/Issues.md::Outcome[1]	issue,live,single place	6	canvas.txt§24	present	-	-
r1029	reverse	behavioural	An issue is attached to the work it is holding up	docs/requirements/Issues.md::Outcome[2]	issue,link,work	8	canvas.txt§10	present	-	-
r1030	reverse	named	Layers	docs/requirements/Layers.md::name	layer	-	canvas,gallery,prd	present	-	requirements
r1031	reverse	behavioural	The plan editor has six initial layers: background, areas, construction sections, assets, work, annotation	docs/requirements/Layers.md::Body[1]	layer,background,construction section,asset,work,annotation	8	-	retained	-	-
r1032	reverse	behavioural	Layer visibility state is sidecar data, a per-plan editor setting rather than domain data, and does not belong in frontmatter a user reads	docs/requirements/Layers.md::Body[2]	layer,sidecar,frontmatter	4	-	retained	-	-
r1033	reverse	behavioural	A renovator can look at one aspect of a busy plan without deleting or moving anything	docs/requirements/Layers.md::Outcome[1]	layer,visibility	3	canvas.txt§21	present	-	-
r1034	reverse	named	Measurement annotations	docs/requirements/Measurement annotations.md::name	measurement annotation	-	-	retained	-	requirements
r1035	reverse	behavioural	Each measurement annotation carries its own unit, so an exported or plain-Markdown plan still states what it meant	docs/requirements/Measurement annotations.md::Body[1]	measurement annotation,unit,export	4	gallery.txt§Measurement-label	present	-	-
r1036	reverse	behavioural	A renovator can put the dimensions that matter onto the plan and hand it to somebody else	docs/requirements/Measurement annotations.md::Outcome[1]	measurement annotation,dimension	6	-	retained	-	-
r1037	reverse	named	Milestones	docs/requirements/Milestones.md::name	milestone	-	canvas,prd,uxd	present	-	requirements
r1038	reverse	behavioural	A milestone holds no work and states only a date, and other work can depend on it	docs/requirements/Milestones.md::Body[1]	milestone,date,dependency	5	-	retained	-	-
r1039	reverse	behavioural	A renovator can put the fixed dates of their renovation on the plan	docs/requirements/Milestones.md::Outcome[1]	milestone,date	5	-	retained	-	-
r1040	reverse	behavioural	A renovator can see what is at risk against a milestone date	docs/requirements/Milestones.md::Outcome[2]	milestone,risk	5	-	retained	-	-
r1041	reverse	named	Multilanguage	docs/requirements/Multilanguage.md::name	multilanguage,i18n,translation	-	-	retained	-	requirements
r1042	reverse	behavioural	The translation lookup function takes the language as an argument rather than importing it, so tables stay host-free and any locale can be tested without a mock	docs/requirements/Multilanguage.md::Body[1]	i18n,translation,testable	1	-	retained	-	-
r1043	reverse	behavioural	English is the complete string table and the string-key type derives from it, so the compiler refuses a key English does not answer	docs/requirements/Multilanguage.md::Body[2]	i18n,english,stringkey	0	-	retained	-	-
r1044	reverse	behavioural	German and other locales are partial tables; a missing key falls back one string at a time instead of failing the whole locale	docs/requirements/Multilanguage.md::Body[3]	i18n,german,fallback	3	-	retained	-	-
r1045	reverse	behavioural	The UI language is read once from Obsidian's own language setting; the plugin has no language setting of its own	docs/requirements/Multilanguage.md::Body[4]	i18n,language setting	2	-	retained	-	-
r1046	reverse	behavioural	Nothing today refuses a hardcoded literal that never reaches the translation function; such a string passes the build, lint and suite	docs/requirements/Multilanguage.md::Body[5]	i18n,hardcoded string,gap	1	-	retained	-	-
r1047	reverse	behavioural	Units and currency remain owned by project and plugin settings; a translated plugin still shows a project's own currency, not the reader's	docs/requirements/Multilanguage.md::Body[6]	i18n,currency,unit,setting	3	-	retained	-	-
r1048	reverse	behavioural	manifest.json's name and description are out of scope for translation and stay as published for the marketplace	docs/requirements/Multilanguage.md::Body[7]	i18n,manifest,marketplace	1	-	retained	-	-
r1049	reverse	behavioural	Regional fallback (such as de-AT falling back to de) and languages beyond English and German are undecided and arrive only with the first regional locale	docs/requirements/Multilanguage.md::Body[8]	i18n,regional fallback,locale	0	-	retained	-	-
r1050	reverse	behavioural	Every string the plugin shows reads in the language the reader's Obsidian is set to	docs/requirements/Multilanguage.md::Outcome[1]	i18n,language,string	5	-	retained	-	-
r1051	reverse	behavioural	A new screen cannot ship an untranslatable string without something refusing it	docs/requirements/Multilanguage.md::Outcome[2]	i18n,lint,hardcoded string	0	-	retained	-	-
r1052	reverse	named	Object states	docs/requirements/Object states.md::name	object state	-	-	retained	-	requirements
r1053	reverse	behavioural	Object state is a closed set of six values (existing, to-remove, to-retain, planned, in-progress, installed) covering the verbs retain, remove, modify and new	docs/requirements/Object states.md::Body[1]	object state,existing,to-remove,planned,installed	8	-	retained	-	-
r1054	reverse	behavioural	Every object on a plan says whether it is already there, going, staying, planned or built	docs/requirements/Object states.md::Outcome[1]	object state	5	canvas.txt§26	present	-	-
r1055	reverse	named	Obsidian task integration	docs/requirements/Obsidian task integration.md::name	task,obsidian	-	-	retained	-	requirements
r1056	reverse	behavioural	A task ticked by hand in its note is the normal case and must never be overwritten by the plugin	docs/requirements/Obsidian task integration.md::Body[1]	task,checkbox,overwrite	7	-	retained	-	-
r1057	reverse	behavioural	Renovation tasks appear in whatever the renovator already uses to see their tasks	docs/requirements/Obsidian task integration.md::Outcome[1]	task,obsidian,native	8	-	retained	-	-
r1058	reverse	behavioural	Ticking a renovation task in its note counts as completing it	docs/requirements/Obsidian task integration.md::Outcome[2]	task,checkbox,complete	7	-	retained	-	-
r1059	reverse	named	Onboarding and example project	docs/requirements/Onboarding and example project.md::name	onboarding,example project	-	-	retained	-	requirements
r1060	reverse	behavioural	The plugin states something on first run	docs/requirements/Onboarding and example project.md::Body[1]	onboarding,first run	7	wireframes.txt§A.3	present	-	-
r1061	reverse	behavioural	Every empty view shows guidance instead of showing nothing	docs/requirements/Onboarding and example project.md::Body[2]	empty state,onboarding	6	uxd.txt§23	present	-	-
r1062	reverse	behavioural	An example project demonstrates the spatial premise rather than describing it	docs/requirements/Onboarding and example project.md::Body[3]	example project,onboarding,demonstrate	5	-	retained	-	-
r1063	reverse	behavioural	Somebody who has just installed the plugin gets to a measured plan with a cost on it without reading anything	docs/requirements/Onboarding and example project.md::Outcome[1]	onboarding,example project	5	canvas.txt§36. Success Criteria	present	-	-
r1064	reverse	named	Package sizes and purchase quantities	docs/requirements/Package sizes and purchase quantities.md::name	package size,purchase quantity	-	-	retained	-	requirements
r1065	reverse	behavioural	The shopping list is the same purchase-quantity derivation presented for a merchant trip, and belongs to this feature rather than being a separate one	docs/requirements/Package sizes and purchase quantities.md::Body[1]	shopping list,purchase quantity	2	-	retained	-	-
r1066	reverse	behavioural	A renovator is told how many boxes, rolls or bags to buy, not just how many square metres they need	docs/requirements/Package sizes and purchase quantities.md::Outcome[1]	package size,purchase quantity	4	-	retained	-	-
r1067	reverse	named	Photo documentation	docs/requirements/Photo documentation.md::name	photo,documentation	-	-	retained	-	requirements
r1068	reverse	behavioural	Photos remain plain vault files in open formats; this feature adds only subject and date metadata to them	docs/requirements/Photo documentation.md::Body[1]	photo,vault file,metadata	6	canvas.txt§12	contradictory	canvas§12>>docs/requirements/Photo documentation.md::Body[1]	-
r1069	reverse	behavioural	A renovator can find the photo of what is behind a wall by looking at the wall	docs/requirements/Photo documentation.md::Outcome[1]	photo,subject	6	-	retained	-	-
r1070	reverse	named	Planned versus actual cost	docs/requirements/Planned versus actual cost.md::name	planned cost,actual cost	-	-	retained	-	requirements
r1071	reverse	behavioural	Planned and actual cost must be kept as two separate stored values; overwriting the estimate with the actual destroys the planning-accuracy record	docs/requirements/Planned versus actual cost.md::Body[1]	planned cost,actual cost,stored	7	research.txt§9	present	-	-
r1072	reverse	behavioural	A renovator can see, per job, what they expected to pay	docs/requirements/Planned versus actual cost.md::Outcome[1]	cost,planned,estimate	8	wireframes.txt§A.15	present	-	-
r1073	reverse	behavioural	A renovator can see, per job, what they actually paid	docs/requirements/Planned versus actual cost.md::Outcome[2]	cost,actual	7	wireframes.txt§A.13	present	-	-
r1074	reverse	named	Planned versus actual progress	docs/requirements/Planned versus actual progress.md::name	planned progress,actual progress	-	-	retained	-	requirements
r1075	reverse	behavioural	Planned and actual progress are two stored values, never one overwritten	docs/requirements/Planned versus actual progress.md::Body[1]	progress,planned,actual,stored	7	-	retained	-	-
r1076	reverse	behavioural	Progress drift is read against Dependencies rather than against a bare date	docs/requirements/Planned versus actual progress.md::Body[2]	progress,dependency,drift	8	-	retained	-	-
r1077	reverse	behavioural	A renovator can see where the renovation has drifted from the plan	docs/requirements/Planned versus actual progress.md::Outcome[1]	progress,drift,schedule	8	-	retained	-	-
r1078	reverse	behavioural	A renovator can see what a drift is about to delay downstream	docs/requirements/Planned versus actual progress.md::Outcome[2]	progress,delay,downstream	7	-	retained	-	-
r1079	reverse	named	Plans and background import	docs/requirements/Plans and background import.md::name	plan,background import	-	-	retained	-	requirements
r1080	reverse	behavioural	A project may hold several plans; a plan is its own note, not a property of the project	docs/requirements/Plans and background import.md::Body[1]	plan,project,note	8	-	retained	-	-
r1081	reverse	behavioural	Background import must accept an untrusted source and hand scale determination to Scale calibration rather than assuming it	docs/requirements/Plans and background import.md::Body[2]	background,import,scale calibration	7	-	retained	-	-
r1082	reverse	behavioural	A renovator gets the floor plan they already have onto the screen, whatever form it arrived in	docs/requirements/Plans and background import.md::Outcome[1]	plan,background import	8	prd.txt§11	present	-	-
r1083	reverse	named	Polygon drawing	docs/requirements/Polygon drawing.md::name	polygon drawing,polygon,shape	-	-	retained	-	requirements
r1084	reverse	behavioural	Drawn geometry must be stored in world units, never canvas pixels	docs/requirements/Polygon drawing.md::Body[1]	geometry,polygon,world unit,pixel	4	gallery.txt§SelectionHandle	present	-	-
r1085	reverse	behavioural	A renovator can outline any real area on a plan and get a shape the rest of the product can measure	docs/requirements/Polygon drawing.md::Outcome[1]	polygon,area,shape,measurement	8	canvas.txt§5	present	-	-
r1086	reverse	named	Procurement requirements and lifecycle	docs/requirements/Procurement requirements and lifecycle.md::name	procurement,procurement lifecycle	-	-	retained	-	requirements
r1087	reverse	behavioural	A procurement requirement has eight lifecycle states: needed, researching, selected, ordered, partially-delivered, delivered, installed, cancelled	docs/requirements/Procurement requirements and lifecycle.md::Body[1]	procurement,state,lifecycle	8	-	retained	-	-
r1088	reverse	behavioural	Procurement may block work, so a late delivery becomes a visible schedule problem	docs/requirements/Procurement requirements and lifecycle.md::Body[2]	procurement,schedule,block	7	jtbd.txt§JTBD-040	present	-	-
r1089	reverse	behavioural	A renovator can see, for everything the renovation needs, whether it is still being chosen, ordered, part-delivered or fitted	docs/requirements/Procurement requirements and lifecycle.md::Outcome[1]	procurement,status	8	jtbd.txt§JTBD-041	present	-	-
r1090	reverse	named	Progress photos	docs/requirements/Progress photos.md::name	progress photo,photo,progress	-	research	present	-	requirements
r1091	reverse	behavioural	A dated progress photo is evidence of a zone's state, and a sequence of them becomes the record of how the zone changed over time	docs/requirements/Progress photos.md::Body[1]	progress photo,zone,state,evidence	8	canvas.txt§12	present	-	-
r1092	reverse	behavioural	Progress photos must not become a second photo store; an image must not be filed twice with disagreeing dates	docs/requirements/Progress photos.md::Body[2]	photo,photo store,duplicate	6	-	retained	-	-
r1093	reverse	behavioural	A renovator can see how any part of the house changed, week by week, from the photos they were taking anyway	docs/requirements/Progress photos.md::Outcome[1]	progress photo,change,zone	8	research.txt§17	present	-	-
r1094	reverse	named	Progress tracking	docs/requirements/Progress tracking.md::name	progress tracking,progress	-	-	retained	-	requirements
r1095	reverse	behavioural	Progress above a task is derived from what the task contains, so a human enters progress only at the task level, never above it	docs/requirements/Progress tracking.md::Body[1]	progress,task,derived	8	-	retained	-	-
r1096	reverse	behavioural	A renovator records what got finished, and every level above it updates without being told twice	docs/requirements/Progress tracking.md::Outcome[1]	progress,task,rollup	8	canvas.txt§23	present	-	-
r1097	reverse	named	Project dashboard and navigation	docs/requirements/Project dashboard and navigation.md::name	project dashboard,dashboard,navigation	-	-	retained	-	requirements
r1098	reverse	behavioural	The project dashboard shows the project's status, budget and date range, plus where its plans, zones and sections are and how far along it is	docs/requirements/Project dashboard and navigation.md::Body[1]	project dashboard,status,budget,date range,plan,zone,section	8	wireframes.txt§A.10	present	-	-
r1099	reverse	behavioural	The aggregate view, forecast and project health are excluded from this feature and belong to a separate reporting feature, so this one can ship in V1 without waiting for it	docs/requirements/Project dashboard and navigation.md::Body[2]	dashboard,aggregate,forecast,project health,scope	7	prd.txt§34	present	-	-
r1100	reverse	behavioural	Opening a project shows what state it is in and gets a renovator to any part of it without hunting through folders	docs/requirements/Project dashboard and navigation.md::Outcome[1]	project dashboard,navigation	5	prd.txt§10	present	-	-
r1101	reverse	named	Project health	docs/requirements/Project health.md::name	project health,health	-	prd	present	-	requirements
r1102	reverse	behavioural	Project health is a single summary indicator of whether the renovation is in trouble, and it must always be able to say what made it what it is (be decomposable/explainable)	docs/requirements/Project health.md::Body[1]	project health,indicator,explainable	2	-	retained	-	-
r1103	reverse	behavioural	The project health indicator must never be encoded by colour alone	docs/requirements/Project health.md::Body[2]	project health,colour,accessibility	5	prd.txt§26	present	-	-
r1104	reverse	behavioural	A renovator gets one honest answer about whether the project is in trouble, and can see exactly why	docs/requirements/Project health.md::Outcome[1]	project health,indicator	2	-	retained	-	-
r1105	reverse	named	Project settings	docs/requirements/Project settings.md::name	project settings,settings	-	uxd	present	-	requirements
r1106	reverse	behavioural	Project settings hold currency, unit system, tax defaults, contingency, lifecycle configuration and the project folder	docs/requirements/Project settings.md::Body[1]	project settings,currency,unit,tax,contingency,project folder	5	-	retained	-	-
r1107	reverse	behavioural	Project settings are per-project data rather than global preferences, so two projects in one vault may legitimately disagree about all six settings	docs/requirements/Project settings.md::Body[2]	project settings,per-project,preference	7	-	retained	-	-
r1108	reverse	behavioural	The plugin-wide half of configuration is a separate feature (Settings and configuration) from the project-level half	docs/requirements/Project settings.md::Body[3]	project settings,plugin settings,scope	7	prd.txt§19	present	-	-
r1109	reverse	behavioural	A project states its own currency, units, tax and contingency, and every figure the plugin shows for it obeys them	docs/requirements/Project settings.md::Outcome[1]	project settings,currency,unit,tax,contingency	5	-	retained	-	-
r1110	reverse	named	Project summary export	docs/requirements/Project summary export.md::name	project summary,summary export,export	-	-	retained	-	requirements
r1111	reverse	behavioural	The project summary must export in open formats as required elsewhere in the spec	docs/requirements/Project summary export.md::Body[1]	project summary,export,open format	5	-	retained	-	-
r1112	reverse	behavioural	The exported summary must be usable by an audience with no plugin, no vault and no interest in either	docs/requirements/Project summary export.md::Body[2]	project summary,export,audience	5	research.txt§14. Problem Cluster — Collaboration Fails When Only One Person Adopts the System	present	-	-
r1113	reverse	behavioural	A renovator can hand somebody a readable summary of the project without giving them access to their vault	docs/requirements/Project summary export.md::Outcome[1]	project summary,export,vault	6	research.txt§14. Problem Cluster — Collaboration Fails When Only One Person Adopts the System	present	-	-
r1114	reverse	named	Quote comparison	docs/requirements/Quote comparison.md::name	quote comparison,quote,comparison	-	-	retained	-	requirements
r1115	reverse	behavioural	Quotes are compared against the plan, not against each other, since quotes never cover the same scope	docs/requirements/Quote comparison.md::Body[1]	quote,plan,comparison	8	-	retained	-	-
r1116	reverse	behavioural	Quote comparison is a derived, read-only view; it writes nothing back, and choosing a quote is a separate decision feature	docs/requirements/Quote comparison.md::Body[2]	quote,comparison,derived,decision	7	-	retained	-	-
r1117	reverse	behavioural	A renovator can see how each offer covers the plan, including the parts it quietly leaves out	docs/requirements/Quote comparison.md::Outcome[1]	quote,plan,comparison	8	jtbd.txt§JTBD-034	present	-	-
r1118	reverse	named	Quotes and quote items	docs/requirements/Quotes and quote items.md::name	quote,quote item	-	-	retained	-	requirements
r1119	reverse	behavioural	A quote item prices a specific asset or work package, linking the quote to the plan	docs/requirements/Quotes and quote items.md::Body[1]	quote item,asset,work package	8	-	retained	-	-
r1120	reverse	behavioural	An expired quote must be visibly marked expired rather than quietly included in a total	docs/requirements/Quotes and quote items.md::Body[2]	quote,expired,total	4	-	retained	-	-
r1121	reverse	behavioural	A renovator can record what a supplier offered, line by line, against the parts of the plan it prices	docs/requirements/Quotes and quote items.md::Outcome[1]	quote,quote item,supplier	3	-	retained	-	-
r1122	reverse	named	Revision comparison	docs/requirements/Revision comparison.md::name	revision comparison,revision	-	-	retained	-	requirements
r1123	reverse	behavioural	Revision comparison is derived from the two revisions being compared and is stored nowhere	docs/requirements/Revision comparison.md::Body[1]	revision,comparison,derived	5	-	retained	-	-
r1124	reverse	behavioural	Revision comparison covers geometry, zones, assets and quantities, with quantities settling disputes numerically	docs/requirements/Revision comparison.md::Body[2]	revision,geometry,zone,asset,quantity	8	-	retained	-	-
r1125	reverse	behavioural	A renovator can see exactly what changed between two versions of a plan, including what it did to the quantities	docs/requirements/Revision comparison.md::Outcome[1]	revision,plan,quantity,change	8	-	retained	-	-
r1126	reverse	named	Revision lifecycle	docs/requirements/Revision lifecycle.md::name	revision lifecycle,revision	-	-	retained	-	requirements
r1127	reverse	behavioural	A revision has five lifecycle states: draft, proposed, approved, superseded, as-built	docs/requirements/Revision lifecycle.md::Body[1]	revision,state,lifecycle	8	-	retained	-	-
r1128	reverse	behavioural	A changing plan is represented by creating a new (superseded) revision rather than editing the existing one, preserving immutability	docs/requirements/Revision lifecycle.md::Body[2]	revision,immutability,supersede	0	-	retained	-	-
r1129	reverse	behavioural	A renovator can tell which version of a plan is the one being worked to, and which are history	docs/requirements/Revision lifecycle.md::Outcome[1]	revision,plan,version	8	-	retained	-	-
r1130	reverse	named	Revisions and metadata	docs/requirements/Revisions and metadata.md::name	revision,metadata	-	-	retained	-	requirements
r1131	reverse	behavioural	A revision carries who, when and why metadata	docs/requirements/Revisions and metadata.md::Body[1]	revision,metadata,author,date,reason	6	-	retained	-	-
r1132	reverse	behavioural	A revision is a named, immutable version of a plan that other records (a quote, an award, an argument) can reference without it moving underneath them	docs/requirements/Revisions and metadata.md::Body[2]	revision,plan,immutable,reference	8	-	retained	-	-
r1133	reverse	behavioural	A renovator can point at a specific version of a plan and say what changed in it and why	docs/requirements/Revisions and metadata.md::Outcome[1]	revision,plan,change	8	-	retained	-	-
r1134	reverse	named	Risks	docs/requirements/Risks.md::name	risk	-	jtbd,prd,research	present	-	requirements
r1135	reverse	behavioural	A risk record has probability, impact, exposure, mitigation, owner and affected-area properties	docs/requirements/Risks.md::Body[1]	risk,probability,impact,exposure,mitigation,owner	7	-	retained	-	-
r1136	reverse	behavioural	Risk exposure is derived from probability and impact rather than being directly typed in	docs/requirements/Risks.md::Body[2]	risk,exposure,derived	5	-	retained	-	-
r1137	reverse	behavioural	A renovator can see which of the things that might go wrong are worth spending money on now	docs/requirements/Risks.md::Outcome[1]	risk,mitigation	3	-	retained	-	-
r1138	reverse	named	Scale calibration	docs/requirements/Scale calibration.md::name	scale calibration,calibration	-	-	retained	-	requirements
r1139	reverse	behavioural	Scale calibration requires a minimum of two points and one known real-world distance	docs/requirements/Scale calibration.md::Body[1]	calibration,scale,point,distance	7	-	retained	-	-
r1140	reverse	behavioural	Calibration establishes a transform between an already-placed background image and the world coordinate system, without editing the image itself; this presupposes a plan with a background image already exists	docs/requirements/Scale calibration.md::Body[2]	calibration,background image,world coordinate,plan	8	-	retained	-	-
r1141	reverse	behavioural	Multiple control points are explicitly out of scope for this feature and deferred as future work	docs/requirements/Scale calibration.md::Body[3]	calibration,control point,scope	8	-	retained	-	-
r1142	reverse	behavioural	After typing one real-world distance, everything a renovator draws on that plan has true dimensions (presupposes an existing plan to draw on)	docs/requirements/Scale calibration.md::Outcome[1]	calibration,plan,dimension	8	-	retained	-	-
r1143	reverse	named	Scenario comparison and selection	docs/requirements/Scenario comparison and selection.md::name	scenario comparison,scenario,selection	-	-	retained	-	requirements
r1144	reverse	behavioural	Scenario comparison covers cost, duration, material, effort and risk	docs/requirements/Scenario comparison and selection.md::Body[1]	scenario,comparison,cost,duration,material,effort,risk	8	-	retained	-	-
r1145	reverse	behavioural	Selecting a scenario is a recorded decision with a date and a reason, never a silent overwrite	docs/requirements/Scenario comparison and selection.md::Body[2]	scenario,selection,decision,record	7	canvas.txt§11	present	-	-
r1146	reverse	behavioural	Unselected scenarios are kept as the evidence for the choice, not deleted	docs/requirements/Scenario comparison and selection.md::Body[3]	scenario,unselected,retained	4	canvas.txt§11	present	-	-
r1147	reverse	behavioural	A renovator can put their options side by side on the terms that matter and commit to one without losing the others	docs/requirements/Scenario comparison and selection.md::Outcome[1]	scenario,comparison,selection	6	canvas.txt§11	present	-	-
r1148	reverse	named	Scenarios	docs/requirements/Scenarios.md::name	scenario	-	canvas,prototype	present	-	requirements
r1149	reverse	behavioural	A scenario is a variant of plan data, not a copy of the vault: unchanged parts stay shared so a price correction reaches every scenario at once	docs/requirements/Scenarios.md::Body[1]	scenario,variant,shared data	5	-	retained	-	-
r1150	reverse	behavioural	Nothing in an unselected scenario may reach a committed/aggregate budget total	docs/requirements/Scenarios.md::Body[2]	scenario,unselected,budget,aggregate	8	-	retained	-	-
r1151	reverse	behavioural	A renovator can plan the same room two or three ways at once without maintaining two or three plans	docs/requirements/Scenarios.md::Outcome[1]	scenario,plan	8	-	retained	-	-
r1152	reverse	named	Schedule dates and durations	docs/requirements/Schedule dates and durations.md::name	schedule,date,duration	-	-	retained	-	requirements
r1153	reverse	behavioural	The schedule must distinguish a date implied by a dependency from a date a renovator explicitly fixed, and a fixed date is an explicit override that is never silently recalculated away	docs/requirements/Schedule dates and durations.md::Body[1]	schedule,date,dependency,override	7	-	retained	-	-
r1154	reverse	behavioural	Duration (a length) and date (a position) are modelled separately, so a slip can move everything after it without editing every entry	docs/requirements/Schedule dates and durations.md::Body[2]	schedule,duration,date	7	-	retained	-	-
r1155	reverse	behavioural	A renovator can pin the dates that are really booked and let the rest follow from what depends on what	docs/requirements/Schedule dates and durations.md::Outcome[1]	schedule,date,dependency	7	-	retained	-	-
r1156	reverse	named	Searchable asset catalog	docs/requirements/Searchable asset catalog.md::name	asset catalog,catalog,search	-	-	retained	-	requirements
r1157	reverse	behavioural	The asset catalog must be searchable through Obsidian's own machinery (native search and Bases), not only through a picker the plugin draws	docs/requirements/Searchable asset catalog.md::Body[1]	asset catalog,search,bases	2	-	retained	-	-
r1158	reverse	behavioural	A renovator finds the asset they already defined before they get round to defining it twice	docs/requirements/Searchable asset catalog.md::Outcome[1]	asset,catalog,search	8	-	retained	-	-
r1159	reverse	named	Section budget	docs/requirements/Section budget.md::name	section budget,budget,section	-	-	retained	-	requirements
r1160	reverse	behavioural	A construction section's budget is aggregated upward from what the section contains, not typed directly at the section level	docs/requirements/Section budget.md::Body[1]	section,budget,aggregated	8	gallery.txt§Inspector	present	-	-
r1161	reverse	behavioural	A manually typed section budget figure must be shown as a visible override, not blended into the derived total	docs/requirements/Section budget.md::Body[2]	section,budget,override	8	gallery.txt§Inspector	present	-	-
r1162	reverse	behavioural	Each job carries a cost the renovator can take apart, and a figure they set by hand is marked as theirs	docs/requirements/Section budget.md::Outcome[1]	section,budget,cost,override	8	gallery.txt§Inspector	present	-	-
r1163	reverse	named	Section lifecycle and status	docs/requirements/Section lifecycle and status.md::name	section lifecycle,section,status	-	-	retained	-	requirements
r1164	reverse	behavioural	A construction section has seven lifecycle states (idea, planned, ready, in-progress, blocked, completed, cancelled) with a visual status shown on the plan (presupposes a plan to show status on)	docs/requirements/Section lifecycle and status.md::Body[1]	section,state,lifecycle,plan	8	-	retained	-	-
r1165	reverse	behavioural	Section status must not be encoded by colour alone; both the plan view and the list view must carry the state some other way as well	docs/requirements/Section lifecycle and status.md::Body[2]	section,status,colour,accessibility	8	prd.txt§26	present	-	-
r1166	reverse	behavioural	A renovator can see at a glance which parts of the renovation are just ideas, ready to go, or stuck	docs/requirements/Section lifecycle and status.md::Outcome[1]	section,status	8	-	retained	-	-
r1167	reverse	named	Selection	docs/requirements/Selection.md::name	selection	-	canvas,gallery,prd	present	-	requirements
r1168	reverse	behavioural	Selection supports both single and multiple objects, and is the precondition for every editing command and bulk operation	docs/requirements/Selection.md::Body[1]	selection,multi-select,editing	3	canvas.txt§17	contradictory	canvas§17>>docs/requirements/Selection.md::Body[1]	-
r1169	reverse	behavioural	Selection state is ephemeral UI-only state, never persisted; reopening a plan starts with nothing selected (presupposes a plan to reopen)	docs/requirements/Selection.md::Body[2]	selection,ephemeral,persisted,plan	8	-	retained	-	-
r1170	reverse	behavioural	A renovator can pick one object or many and act on them together	docs/requirements/Selection.md::Outcome[1]	selection	3	canvas.txt§17	contradictory	canvas§17>>docs/requirements/Selection.md::Outcome[1]	-
r1171	reverse	named	Settings and configuration	docs/requirements/Settings and configuration.md::name	settings,configuration	-	-	retained	-	requirements
r1172	reverse	behavioural	Plugin-wide settings include default units, default currency, default folders and editor preferences	docs/requirements/Settings and configuration.md::Body[1]	settings,default unit,default currency,default folder,editor preference	4	-	retained	-	-
r1173	reverse	behavioural	Custom types are the mechanism by which zone, asset, trade, document and cost vocabularies stay the user's own rather than fixed by the plugin	docs/requirements/Settings and configuration.md::Body[2]	custom type,zone,asset,trade,document,cost,vocabulary	8	-	retained	-	-
r1174	reverse	behavioural	Plugin-wide settings live on one single surface, separate from per-project settings	docs/requirements/Settings and configuration.md::Body[3]	settings,configuration,surface	7	prd.txt§19	present	-	-
r1175	reverse	behavioural	A renovator sets their defaults and their own type vocabularies once, and every project starts from them	docs/requirements/Settings and configuration.md::Outcome[1]	settings,default,vocabulary	7	-	retained	-	-
r1176	reverse	named	Site log	docs/requirements/Site log.md::name	site log,log	-	-	retained	-	requirements
r1177	reverse	behavioural	A site log entry is a dated, plain-Markdown prose note that is appended and never rewritten	docs/requirements/Site log.md::Body[1]	site log,dated,prose,append,markdown	7	-	retained	-	-
r1178	reverse	behavioural	A renovator can write down what happened today and still be able to read it years later	docs/requirements/Site log.md::Outcome[1]	site log,note	7	research.txt§19	present	-	-
r1179	reverse	named	Spatial assignment	docs/requirements/Spatial assignment.md::name	spatial assignment,assignment	-	-	retained	-	requirements
r1180	reverse	behavioural	A construction section's spatial assignment may span several plans	docs/requirements/Spatial assignment.md::Body[1]	spatial assignment,section,plan	8	-	retained	-	-
r1181	reverse	behavioural	A spatial assignment is a live reference to zone geometry in both directions, never a copy, so editing the zone updates the measure	docs/requirements/Spatial assignment.md::Body[2]	spatial assignment,zone,reference,geometry	8	-	retained	-	-
r1182	reverse	behavioural	A renovator says where a job happens by pointing at zones, and its quantities appear without being measured again	docs/requirements/Spatial assignment.md::Outcome[1]	spatial assignment,zone,quantity	8	canvas.txt§20	present	-	-
r1183	reverse	named	Spatial markers	docs/requirements/Spatial markers.md::name	spatial marker,marker	-	-	retained	-	requirements
r1184	reverse	behavioural	A spatial marker is a consequence of a risk/issue/constraint's own affected-area link, not a second independent placement, so the two cannot disagree	docs/requirements/Spatial markers.md::Body[1]	spatial marker,risk,issue,constraint,affected area	7	-	retained	-	-
r1185	reverse	behavioural	A spatial marker must not be distinguished by colour alone, since it carries safety information	docs/requirements/Spatial markers.md::Body[2]	spatial marker,colour,accessibility,safety	6	prd.txt§26	present	-	-
r1186	reverse	behavioural	A renovator opening a plan sees the problems that apply to the part of the house they are looking at	docs/requirements/Spatial markers.md::Outcome[1]	spatial marker,plan	8	canvas.txt§24	present	-	-
r1187	reverse	named	Spatial photo references	docs/requirements/Spatial photo references.md::name	spatial photo,photo reference	-	-	retained	-	requirements
r1188	reverse	behavioural	A spatial photo reference is a photo pinned to a point on the plan, optionally with the direction it was taken in (presupposes an existing calibrated plan)	docs/requirements/Spatial photo references.md::Body[1]	spatial photo,plan,pin,direction	8	-	retained	-	-
r1189	reverse	behavioural	A renovator can click a place on the plan and see what it looked like before it was covered up	docs/requirements/Spatial photo references.md::Outcome[1]	spatial photo,plan	8	-	retained	-	-
r1190	reverse	named	Spatial queries	docs/requirements/Spatial queries.md::name	spatial query,query	-	-	retained	-	requirements
r1191	reverse	behavioural	Spatial queries answer containment and touching questions, such as what is inside a zone, what a construction section touches, and which assets are in a set of zones	docs/requirements/Spatial queries.md::Body[1]	spatial query,containment,zone,section,asset	8	-	retained	-	-
r1192	reverse	behavioural	A renovator can ask what is inside, touching or overlapping any area and get an answer from the plan	docs/requirements/Spatial queries.md::Outcome[1]	spatial query,plan	8	-	retained	-	-
r1193	reverse	named	State visualization	docs/requirements/State visualization.md::name	state visualization,state	-	-	retained	-	requirements
r1194	reverse	behavioural	State visualization shows six existing/planned/as-built states on the plan (presupposes an existing plan)	docs/requirements/State visualization.md::Body[1]	state visualization,plan,existing,planned,as-built	8	-	retained	-	-
r1195	reverse	behavioural	States must be distinguished by hatching, outline weight and labels, with colour applied only on top of those	docs/requirements/State visualization.md::Body[2]	state visualization,hatching,outline,label,colour	7	gallery.txt§CanvasLanguage	present	-	-
r1196	reverse	behavioural	A renovator can look at a plan and see what is being kept, removed and added, without relying on telling colours apart	docs/requirements/State visualization.md::Outcome[1]	state visualization,plan,colour	8	gallery.txt§CanvasLanguage	present	-	-
r1197	reverse	named	Suppliers	docs/requirements/Suppliers.md::name	supplier	-	jtbd,research	present	-	requirements
r1198	reverse	behavioural	A supplier is modelled as a note with a stable ID	docs/requirements/Suppliers.md::Body[1]	supplier,note,stable id	7	-	retained	-	-
r1199	reverse	behavioural	A renovator keeps one record per supplier and everything bought from them points at it	docs/requirements/Suppliers.md::Outcome[1]	supplier,record	4	research.txt§16	present	-	-
r1200	reverse	named	Task lifecycle and dates	docs/requirements/Task lifecycle and dates.md::name	task lifecycle,task,date	-	-	retained	-	requirements
r1201	reverse	behavioural	A task has five lifecycle states (todo, in-progress, blocked, done, cancelled), a due date and dependencies	docs/requirements/Task lifecycle and dates.md::Body[1]	task,state,lifecycle,due date,dependency	8	-	retained	-	-
r1202	reverse	behavioural	Task dependencies reuse the shared Dependencies mechanism rather than a task-local one	docs/requirements/Task lifecycle and dates.md::Body[2]	task,dependency	7	-	retained	-	-
r1203	reverse	behavioural	A renovator can see what is due, what is running and what is stuck, per task	docs/requirements/Task lifecycle and dates.md::Outcome[1]	task,status	8	jtbd.txt§JTBD-048	present	-	-
r1204	reverse	named	Timeline	docs/requirements/Timeline.md::name	timeline	-	research	present	-	requirements
r1205	reverse	behavioural	The timeline is a derived view that reads dependencies and dates and stores nothing of its own	docs/requirements/Timeline.md::Body[1]	timeline,dependency,date,derived	6	-	retained	-	-
r1206	reverse	behavioural	The timeline must have an equally first-class list or table alternative view, not merely a fallback, since a chart's content is entirely positional	docs/requirements/Timeline.md::Body[2]	timeline,list,table,accessibility	8	-	retained	-	-
r1207	reverse	behavioural	A renovator can see the whole renovation laid out over time, on a chart or as a list	docs/requirements/Timeline.md::Outcome[1]	timeline,schedule	7	canvas.txt§25	present	-	-
r1208	reverse	named	Trade and section timelines	docs/requirements/Trade and section timelines.md::name	trade timeline,section timeline,timeline	-	-	retained	-	requirements
r1209	reverse	behavioural	The schedule can be viewed sliced by trade and sliced by construction section	docs/requirements/Trade and section timelines.md::Body[1]	schedule,trade,section,timeline	8	-	retained	-	-
r1210	reverse	behavioural	Both trade and section timeline slices are derived views over the same dates and dependencies, and store nothing themselves	docs/requirements/Trade and section timelines.md::Body[2]	timeline,derived,date,dependency	6	-	retained	-	-
r1211	reverse	behavioural	A renovator can see the schedule by who is coming when, or by which part of the house is affected when	docs/requirements/Trade and section timelines.md::Outcome[1]	schedule,trade,section	8	-	retained	-	-
r1212	reverse	named	Trade assignment	docs/requirements/Trade assignment.md::name	trade assignment,trade	-	-	retained	-	requirements
r1213	reverse	behavioural	A job's trade must be assigned by linking into the trade catalog rather than typing a free-text name, avoiding duplicate spellings splitting one trade's work	docs/requirements/Trade assignment.md::Body[1]	trade assignment,trade catalog,link	3	-	retained	-	-
r1214	reverse	behavioural	Each job says which trade does it, drawn from one list rather than typed each time	docs/requirements/Trade assignment.md::Outcome[1]	trade assignment,trade	6	-	retained	-	-
r1215	reverse	named	Trade catalog	docs/requirements/Trade catalog.md::name	trade catalog,trade	-	-	retained	-	requirements
r1216	reverse	behavioural	Trade types are user-configurable rather than a fixed shipped list, since trade names vary by country	docs/requirements/Trade catalog.md::Body[1]	trade catalog,trade type,configurable	6	-	retained	-	-
r1217	reverse	behavioural	The trade catalog is a single shared list that trade assignment, the trade timeline and every per-trade total resolve against	docs/requirements/Trade catalog.md::Body[2]	trade catalog,trade assignment,trade timeline,total	3	-	retained	-	-
r1218	reverse	behavioural	A renovation names its trades once, in the renovator's own vocabulary, and everything that references a trade agrees about which one it is	docs/requirements/Trade catalog.md::Outcome[1]	trade catalog,trade,vocabulary	7	-	retained	-	-
r1219	reverse	named	Undo and redo	docs/requirements/Undo and redo.md::name	undo,redo	-	-	retained	-	requirements
r1220	reverse	behavioural	Undo and redo use one single stack for the whole plan editor rather than one stack per tool	docs/requirements/Undo and redo.md::Body[1]	undo,redo,stack,editor	7	-	retained	-	-
r1221	reverse	behavioural	Anything a renovator does on a plan can be taken back, including something done several steps ago (multi-step undo, not just one level)	docs/requirements/Undo and redo.md::Outcome[1]	undo,redo,plan	8	-	retained	-	-
r1222	reverse	named	Upcoming work and procurement overview	docs/requirements/Upcoming work and procurement overview.md::name	upcoming work,procurement overview	-	-	retained	-	requirements
r1223	reverse	behavioural	The overview combines what work is about to happen with what procurement has to have arrived first, so a material-arrives-after-work risk is visible in advance	docs/requirements/Upcoming work and procurement overview.md::Body[1]	upcoming work,procurement,overview,risk	6	jtbd.txt§JTBD-040	present	-	-
r1224	reverse	behavioural	A renovator can see what is coming up and whether the things it needs will be there in time	docs/requirements/Upcoming work and procurement overview.md::Outcome[1]	upcoming work,procurement	5	jtbd.txt§JTBD-040	present	-	-
r1225	reverse	named	User Experience	docs/requirements/User Experience.md::name	user experience,ux	-	prd,uxd	present	-	requirements
r1226	reverse	behavioural	The User Experience Feature's actor is deliberately only the Private renovator, not the maintainer	docs/requirements/User Experience.md::The job[1]	user experience,actor,private renovator	7	-	retained	-	-
r1227	reverse	behavioural	The product principle is that depth is available but never required, with the first useful result reachable in four steps	docs/requirements/User Experience.md::Why this is cross-cutting rather than one epic's work[1]	user experience,depth,four step,disclosure	7	wireframes.txt§A.5 New Project Wizard: Identity	contradictory	wireframes§A.5 New Project Wizard: Identity>>docs/requirements/User Experience.md::Why this is cross-cutting rather than one epic's work[1]	-
r1228	reverse	behavioural	The reachable-in-four-steps guarantee is required to hold in every session, not merely on first install, as the model grows	docs/requirements/User Experience.md::Why this is cross-cutting rather than one epic's work[2]	user experience,four step,session,model growth	7	wireframes.txt§A.5 New Project Wizard: Identity	contradictory	wireframes§A.5 New Project Wizard: Identity>>docs/requirements/User Experience.md::Why this is cross-cutting rather than one epic's work[2]	-
r1229	reverse	behavioural	User Interface owns what a surface looks like (the static system); User Experience owns only when a surface appears (the sequence)	docs/requirements/User Experience.md::What it does not own[1]	user experience,user interface,sequence,boundary	8	-	retained	-	-
r1230	reverse	behavioural	First run, empty states and the demo project belong to a separate Onboarding and example project feature, not to User Experience	docs/requirements/User Experience.md::What it does not own[2]	onboarding,first run,empty state,demo project,boundary	8	-	retained	-	-
r1231	reverse	behavioural	Hidden means a surface is absent (not navigable); empty means a surface is present but unfilled	docs/requirements/User Experience.md::What it does not own[3]	disclosure,hidden,empty,rung	7	-	retained	-	-
r1232	reverse	behavioural	Progressive disclosure must never be used as an accessibility mechanism: keyboard reach, focus visibility and the alternative route are owed at every rung regardless of whether it is revealed	docs/requirements/User Experience.md::What it does not own[4]	progressive disclosure,accessibility,keyboard,focus,rung	8	-	retained	-	-
r1233	reverse	behavioural	Multilanguage owns every string, including the ones a newly revealed rung brings with it	docs/requirements/User Experience.md::What it does not own[5]	multilanguage,string,rung	3	-	retained	-	-
r1234	reverse	behavioural	A rung that cannot yet be reached is not a failure and gets no error surface; only a rung whose reveal action itself fails is an error	docs/requirements/User Experience.md::What it does not own[6]	rung,failure,error surface	7	-	retained	-	-
r1235	reverse	behavioural	Progressive disclosure is a presentation-only concern; the core, domain and application layers must not know a rung exists	docs/requirements/User Experience.md::What it does not own[7]	progressive disclosure,layer,presentation,architecture	7	-	retained	-	-
r1236	reverse	behavioural	This Feature's sole deliverable is the Disclosure ladder, stating which of the workflow's steps are visible at which model density and what promotes a rung, because Information Architecture, Sitemap and Design System cannot state an order	docs/requirements/User Experience.md::The deliverable, and why there is exactly one[1]	disclosure ladder,deliverable,order,sequence	4	-	retained	-	-
r1237	reverse	behavioural	The deliverable must be derived, must cite the sections it was read from, and a refinement contradicting a source must land in the deliverable or an ADR, never directly in the PRD or SDD	docs/requirements/User Experience.md::The deliverable, and why there is exactly one[2]	deliverable,contract,adr,provenance	5	-	retained	-	-
r1238	reverse	behavioural	A renovator four months in still reaches the four steps that matter in four steps, because what the model has grown into is revealed on a written schedule rather than shown all at once by default	docs/requirements/User Experience.md::Outcome[1]	disclosure ladder,four step,model density	1	-	retained	-	-
r1239	reverse	named	User Interface	docs/requirements/User Interface.md::name	user interface,ui	-	-	retained	-	requirements
r1240	reverse	behavioural	Every surface holding something spatial owes a second, non-canvas route to the same facts (a list/table alternative)	docs/requirements/User Interface.md::Body[1]	spatial,alternative route,list,canvas	8	prd.txt§14 (Feature 5.1 Spaces View: tree/cards/list/visual floor-plan access)	present	-	-
r1241	reverse	behavioural	The alternative list route for every spatial surface is a Bases view, which also serves as the mobile surface	docs/requirements/User Interface.md::Body[2]	bases,alternative route,mobile,spatial	6	-	retained	-	-
r1242	reverse	behavioural	Budget, Schedule and Procurement are Bases views first, collapsing duplicate surfaces into single rows with a named trigger for promotion to a full workspace view	docs/requirements/User Interface.md::Body[3]	budget,schedule,procurement,bases view,promotion	7	-	retained	-	-
r1243	reverse	behavioural	The plan editor is a mode of the single Renovation Project view, not a second separate view type	docs/requirements/User Interface.md::Body[4]	plan editor,view type,mode,renovation project	8	-	retained	-	-
r1244	reverse	behavioural	Getting from a note to the plan and back is one consistent, known navigation move across the plugin, not a search performed each time	docs/requirements/User Interface.md::Two actors, and which deliverable serves which[1]	navigation,note,plan	8	-	retained	-	-
r1245	reverse	behavioural	Where Obsidian's own app already answers a UI question (panes, tabs, ribbon, settings pane, Bases, command palette, CSS variables), the plugin must defer to it rather than re-deciding inside its own surfaces	docs/requirements/User Interface.md::The reference is Obsidian's own app[1]	obsidian,pane,tab,ribbon,settings,bases,command palette,css variable	7	prototype.txt§8 (Visual Contract: use Obsidian CSS variables, no separate visual language)	present	-	-
r1246	reverse	behavioural	Three deliverables are required: Information Architecture (where a fact belongs and what it is called), Sitemap (which surfaces exist and how to move between them), and Design System (what a control is made of and its states)	docs/requirements/User Interface.md::The three deliverables, and the question each answers[1]	information architecture,sitemap,design system,deliverable	6	-	retained	-	-
r1247	reverse	behavioural	Each deliverable must be derived, cite the PRD/SDD sections it was read from, and any refinement contradicting a source must land in the deliverable or an ADR, never directly in the PRD or SDD	docs/requirements/User Interface.md::The three deliverables, and the question each answers[2]	deliverable,contract,adr,provenance	5	-	retained	-	-
r1248	reverse	behavioural	User Interface owns the static screenshot-settleable questions; User Experience owns the sequence-settleable ones (progressive disclosure over time)	docs/requirements/User Interface.md::What it does not own[1]	user interface,user experience,boundary,sequence	8	-	retained	-	-
r1249	reverse	behavioural	PRD §5 describes fifteen sequential steps with no return arrow (not a loop); PRD §53 describes a nine-step loop; the two must not be conflated	docs/requirements/User Interface.md::What it does not own[2]	prd,onboarding,loop,workflow,steps	7	-	retained	-	-
r1250	reverse	behavioural	User Interface owns only where the accessibility alternative route lives, not whether keyboard support, visible focus, contrast, colour-independence or the alternative route are owed	docs/requirements/User Interface.md::What it does not own[3]	accessibility,alternative route,keyboard,focus,contrast	6	-	retained	-	-
r1251	reverse	behavioural	All UI copy must be sourced through the t translation function; a component defined by User Interface must not own its own literal strings	docs/requirements/User Interface.md::What it does not own[4]	multilanguage,translation,string,component	5	-	retained	-	-
r1252	reverse	behavioural	UI components live in presentation/ and are Vue components per ADR-004, an architecture decision this Feature does not make itself	docs/requirements/User Interface.md::What it does not own[5]	presentation,vue,component,adr-004,architecture	8	-	retained	-	-
r1253	reverse	behavioural	Which surface a given failure gets (toast, inline error, modal or status badge) is owned by a separate Shared UI vocabulary PBI, distinct from the Design System which defines what those surfaces are made of	docs/requirements/User Interface.md::What it does not own[6]	error,toast,inline error,modal,status badge,shared ui vocabulary	7	gallery.txt§Shared vocabulary ("slice 17's table decides which, never the component")	present	-	-
r1254	reverse	behavioural	Every surface the plugin adds has a name, a place and a vocabulary decided before it is drawn, so a renovator recognises a screen they have not opened before and the next screen's author has something to build against	docs/requirements/User Interface.md::Outcome[1]	surface,naming,vocabulary,design system	7	uxd.txt§28 (Primary Screen Inventory)	present	-	-
r1255	reverse	named	Validation and vault health	docs/requirements/Validation and vault health.md::name	validation,vault health	-	-	retained	-	requirements
r1256	reverse	behavioural	Vault health checking covers missing references, deleted objects, invalid IDs and duplicate IDs	docs/requirements/Validation and vault health.md::Body[1]	vault health,validation,reference,duplicate id	8	-	retained	-	-
r1257	reverse	behavioural	A broken reference must be reported as a normal state rather than prevented, since hand-editing the vault is an invited normal action	docs/requirements/Validation and vault health.md::Body[2]	validation,broken reference,markdown,report	6	-	retained	-	-
r1258	reverse	behavioural	An invalid note must be tolerantly loaded: reported and recoverable, never silently dropped or silently rewritten	docs/requirements/Validation and vault health.md::Body[3]	validation,invalid note,tolerant loading	7	-	retained	-	-
r1259	reverse	behavioural	A renovator can ask whether their vault is intact and get a list of what is broken and where	docs/requirements/Validation and vault health.md::Outcome[1]	vault health,validation	6	-	retained	-	-
r1260	reverse	named	Waste factor and contingency	docs/requirements/Waste factor and contingency.md::name	waste factor,contingency	-	-	retained	-	requirements
r1261	reverse	behavioural	Waste factor is a material allowance applied to quantities, varying by material and by how awkward the room is	docs/requirements/Waste factor and contingency.md::Body[1]	waste factor,quantity,material	8	-	retained	-	-
r1262	reverse	behavioural	Contingency is a money allowance against the unknown, set per project, applied to costs rather than quantities	docs/requirements/Waste factor and contingency.md::Body[2]	contingency,cost,project	8	-	retained	-	-
r1263	reverse	behavioural	Waste factor and contingency must be kept as two separate, distinguishable adjustments rather than one combined figure	docs/requirements/Waste factor and contingency.md::Body[3]	waste factor,contingency,separate	5	-	retained	-	-
r1264	reverse	behavioural	A renovator can allow for offcuts and for surprises separately, and see how much of the budget is each	docs/requirements/Waste factor and contingency.md::Outcome[1]	waste factor,contingency,budget	8	-	retained	-	-
r1265	reverse	named	Work package assets and quantities	docs/requirements/Work package assets and quantities.md::name	work package,asset,quantity	-	-	retained	-	requirements
r1266	reverse	behavioural	A work package's material quantities are taken from the zone's quantity chain rather than entered a second time against the package	docs/requirements/Work package assets and quantities.md::Body[1]	work package,quantity,zone,asset	8	-	retained	-	-
r1267	reverse	behavioural	A piece of work knows what material it consumes, taken from the plan rather than entered again	docs/requirements/Work package assets and quantities.md::Outcome[1]	work package,material,plan	8	-	retained	-	-
r1268	reverse	named	Work package creation and scope	docs/requirements/Work package creation and scope.md::name	work package,scope	-	-	retained	-	requirements
r1269	reverse	behavioural	A work package's scope is a reference to zones and construction sections rather than a copy of geometry, so it keeps tracking the plan when the plan changes	docs/requirements/Work package creation and scope.md::Body[1]	work package,scope,zone,section,reference	8	-	retained	-	-
r1270	reverse	behavioural	A renovator can define a piece of work with a clear boundary, and that boundary follows the plan when the plan changes	docs/requirements/Work package creation and scope.md::Outcome[1]	work package,scope,plan	8	-	retained	-	-
r1271	reverse	named	Work package progress	docs/requirements/Work package progress.md::name	work package,progress	-	-	retained	-	requirements
r1272	reverse	behavioural	A work package's progress is derived from the tasks it contains rather than typed over the top	docs/requirements/Work package progress.md::Body[1]	work package,progress,task,derived	8	-	retained	-	-
r1273	reverse	behavioural	A piece of work reports how far along it is from what has actually been finished inside it	docs/requirements/Work package progress.md::Outcome[1]	work package,progress	8	-	retained	-	-
r1274	reverse	named	Zone notes and links	docs/requirements/Zone notes and links.md::name	zone note,zone,link	-	-	retained	-	requirements
r1275	reverse	behavioural	A zone is a first-class Obsidian note with a stable ID, so it can be linked to, tagged, backlinked, put in a Bases table and written about in prose	docs/requirements/Zone notes and links.md::Body[1]	zone,note,stable id,link,backlink,bases	8	-	retained	-	-
r1276	reverse	behavioural	Zones must remain as readable notes even if the plugin is uninstalled	docs/requirements/Zone notes and links.md::Body[2]	zone,note,portability,uninstall	8	-	retained	-	-
r1277	reverse	behavioural	Every zone is an ordinary Obsidian note a renovator can link to, write in and query, with or without this plugin	docs/requirements/Zone notes and links.md::Outcome[1]	zone,note	8	-	retained	-	-
r1278	reverse	named	Zone types	docs/requirements/Zone types.md::name	zone type,zone	-	-	retained	-	requirements
r1279	reverse	behavioural	The built-in zone type list is room, garden, terrace, driveway, roof, construction area, ending in Custom	docs/requirements/Zone types.md::Body[1]	zone type,room,garden,terrace,driveway,roof,custom	8	-	retained	-	-
r1280	reverse	behavioural	A zone type this plugin does not ship must round-trip unchanged through read and write, since the vault is the source of truth and its owner may invent vocabulary	docs/requirements/Zone types.md::Body[2]	zone type,custom,round-trip,vault	7	-	retained	-	-
r1281	reverse	behavioural	A renovator can say what kind of place each zone is, using this plugin's vocabulary or their own	docs/requirements/Zone types.md::Outcome[1]	zone type,vocabulary	7	-	retained	-	-
r1282	reverse	named	Advanced DIY planner	docs/actors/Advanced DIY planner.md::name	advanced diy planner,diy planner,renovator	-	prd	present	-	actors
r1283	reverse	behavioural	Advanced DIY planner is the same person as Private renovator doing more of the work themselves, not a distinct persona	docs/actors/Advanced DIY planner.md::Summary[1]	advanced diy planner,private renovator,persona	6	-	retained	-	-
r1284	reverse	behavioural	Advanced DIY planner needs, beyond Private renovator: material requirements, measurements, quantities, shopping lists, supplier comparisons, dependencies	docs/actors/Advanced DIY planner.md::Summary[2]	advanced diy planner,material,quantity,shopping list,supplier,dependency	8	prd.txt§6.2 Secondary Persona — Advanced Renovator	present	-	-
r1285	reverse	behavioural	The material chain stays four separate entities (Asset, Requirement, Procurement item, Cost item) because Advanced DIY planner distinguishes purchased, required and installed quantity	docs/actors/Advanced DIY planner.md::Summary[3]	asset,requirement,procurement item,cost item,quantity	8	-	retained	-	-
r1286	reverse	behavioural	Advanced DIY planner drives the quantity pipeline end to end and notices when a step is missing	docs/actors/Advanced DIY planner.md::What it does to the plugin[1]	advanced diy planner,quantity pipeline	5	-	retained	-	-
r1287	reverse	behavioural	Advanced DIY planner compares quotes from different suppliers and expects the comparison to be like for like	docs/actors/Advanced DIY planner.md::What it does to the plugin[2]	advanced diy planner,quote,supplier	6	jtbd.txt§JTBD-034 — Compare quotations	present	-	-
r1288	reverse	behavioural	Advanced DIY planner cares about dependency ordering, because one person cannot perform two trades on the same day	docs/actors/Advanced DIY planner.md::What it does to the plugin[3]	advanced diy planner,dependency,trade	6	prd.txt§6.2 Secondary Persona — Advanced Renovator	present	-	-
r1289	reverse	behavioural	Advanced DIY planner tracks remaining material, because leftovers are theirs to store or reuse	docs/actors/Advanced DIY planner.md::What it does to the plugin[4]	advanced diy planner,material,leftover	8	-	retained	-	-
r1290	reverse	behavioural	The plugin owes Advanced DIY planner purchase quantities that account for package sizes and minimum order quantities, not a rounded requirement	docs/actors/Advanced DIY planner.md::What the plugin owes it[1]	advanced diy planner,purchase quantity,package size,minimum order quantity	7	-	retained	-	-
r1291	reverse	behavioural	The plugin owes Advanced DIY planner a shopping list that is a real output rather than a report	docs/actors/Advanced DIY planner.md::What the plugin owes it[2]	advanced diy planner,shopping list	6	-	retained	-	-
r1292	reverse	behavioural	The plugin owes Advanced DIY planner every derived quantity traceable to the geometry that produced it, so a doubted number can be checked rather than merely re-read	docs/actors/Advanced DIY planner.md::What the plugin owes it[3]	advanced diy planner,quantity,geometry,traceability	8	-	retained	-	-
r1293	reverse	named	Another editor on the vault	docs/actors/Another editor on the vault.md::name	another editor,external editor,vault editor	-	-	retained	-	actors
r1294	reverse	behavioural	Another editor on the vault is usually the Private renovator themselves editing outside the plugin, so it must never be treated as misuse	docs/actors/Another editor on the vault.md::Summary[1]	another editor,private renovator,misuse	8	-	retained	-	-
r1295	reverse	behavioural	Manual edits made by another editor on the vault must not be overwritten silently — the rule the whole plugin is measured against	docs/actors/Another editor on the vault.md::Summary[2]	manual edit,overwrite,silent	2	prd.txt§30. Data Integrity Requirements	present	-	-
r1296	reverse	behavioural	Another editor can rename or move a note, breaking any assumption that a path identifies anything, so identity must be a stable id, never the filename	docs/actors/Another editor on the vault.md::What it does to the plugin[1]	note,rename,move,identity,id,filename	8	prd.txt§30. Data Integrity Requirements	present	-	-
r1297	reverse	behavioural	Another editor can edit frontmatter by hand to a value this version's vocabulary does not contain, such as a custom type or a simply wrong value	docs/actors/Another editor on the vault.md::What it does to the plugin[2]	frontmatter,custom type,vocabulary	6	-	retained	-	-
r1298	reverse	behavioural	Another editor can delete a note other notes reference, producing dangling ids that must be detected and surfaced by the vault health check	docs/actors/Another editor on the vault.md::What it does to the plugin[3]	note,delete,dangling id,vault health check	7	-	retained	-	-
r1299	reverse	behavioural	Another editor can change a file mid-write, so the plugin's own save and an external write can interleave and must be handled	docs/actors/Another editor on the vault.md::What it does to the plugin[4]	file,mid-write,interleave,save	8	-	retained	-	-
r1300	reverse	behavioural	Another editor can write a schema version from the future, which must be recognised rather than parsed hopefully	docs/actors/Another editor on the vault.md::What it does to the plugin[5]	schema version,future,parse	4	-	retained	-	-
r1301	reverse	behavioural	The plugin owes another editor reconciling rather than reasserting: the pipeline re-resolves and re-validates, it does not rewrite the file back to what it remembered	docs/actors/Another editor on the vault.md::What the plugin owes it[1]	reconcile,reassert,pipeline,validate	6	-	retained	-	-
r1302	reverse	behavioural	The plugin owes another editor reporting broken references instead of repairing them silently	docs/actors/Another editor on the vault.md::What the plugin owes it[2]	reference,broken,report,repair	4	-	retained	-	-
r1303	reverse	behavioural	The plugin owes another editor losing a race safely, via data safety and backup, because an eaten edit is unrecoverable in a way a wrong number is not	docs/actors/Another editor on the vault.md::What the plugin owes it[3]	race,data safety,backup,edit	3	-	retained	-	-
r1304	reverse	behavioural	The plugin owes another editor making conflict visible: an edit it cannot reconcile becomes a diagnostic, not a guess	docs/actors/Another editor on the vault.md::What the plugin owes it[4]	conflict,diagnostic,reconcile	3	-	retained	-	-
r1305	reverse	named	Bases	docs/actors/Bases.md::name	bases,view,table	-	prd	present	-	actors
r1306	reverse	behavioural	Bases integration is passive: the plugin's obligation is to write frontmatter Bases can already query, giving renovators tables, filters and grouping without the plugin shipping a table view	docs/actors/Bases.md::Summary[1]	bases,frontmatter,table,filter,grouping	2	-	retained	-	-
r1307	reverse	behavioural	Bases turns frontmatter into a public interface: a key renamed to read better in code breaks a table the user built, invisibly to the plugin	docs/actors/Bases.md::What it does to the plugin[1]	bases,frontmatter,key,rename	5	-	retained	-	-
r1308	reverse	behavioural	Bases renders entities the plugin has no view for — Supplier, Invoice, Milestone, Risk — useful as a Bases table long before any earns a canvas surface	docs/actors/Bases.md::What it does to the plugin[2]	bases,supplier,invoice,milestone,risk	5	-	retained	-	-
r1309	reverse	behavioural	Bases sets the expectation of flat, queryable frontmatter values: a nested object is worse for Bases than two flat keys, even where it is tidier as a type	docs/actors/Bases.md::What it does to the plugin[3]	bases,frontmatter,flat,nested	1	-	retained	-	-
r1310	reverse	behavioural	The plugin owes Bases frontmatter worth querying: the Zone type, the status, the Construction section, the dates, flat and consistently named and spelled	docs/actors/Bases.md::What the plugin owes it[1]	bases,frontmatter,zone,status,construction section,date	8	-	retained	-	-
r1311	reverse	behavioural	The plugin owes Bases not depending on it for anything essential: it renders what is already there, and its absence leaves data unharmed	docs/actors/Bases.md::What the plugin owes it[2]	bases,dependency,essential	3	-	retained	-	-
r1312	reverse	behavioural	The plugin owes Bases the same layering discipline for its own registered Bases views as for a workspace view: presentation, reaching the domain through the application layer	docs/actors/Bases.md::What the plugin owes it[3]	bases,view,presentation,application layer,domain	8	-	retained	-	-
r1313	reverse	named	Obsidian	docs/actors/Obsidian.md::name	obsidian	-	canvas,gallery,prd,prototype,research,uxd,wireframes	present	-	actors
r1314	reverse	behavioural	Obsidian loads and unloads the plugin; everything registered has to be released, or a leaked listener outlives the plugin and the user pays for it	docs/actors/Obsidian.md::What it does to the plugin[1]	obsidian,load,unload,register,listener	7	-	retained	-	-
r1315	reverse	behavioural	Obsidian decides where a revealed view goes (new tab, existing tab, or sidebar), which is why activation goes through one function rather than being re-decided beside each entry point	docs/actors/Obsidian.md::What it does to the plugin[2]	obsidian,view,reveal,activation	8	-	retained	-	-
r1316	reverse	behavioural	Obsidian owns the hotkeys: a command id is persisted against whatever key the user bound to it, so the id is data and only the display name is text	docs/actors/Obsidian.md::What it does to the plugin[3]	obsidian,hotkey,command id,data	7	-	retained	-	-
r1317	reverse	behavioural	Obsidian sets the theme, so SDD §84 asks for Obsidian's CSS variables rather than a palette, so a themed vault stays themed	docs/actors/Obsidian.md::What it does to the plugin[4]	obsidian,theme,css variable,palette	8	gallery.txt§The canvas language, proposed	present	-	-
r1318	reverse	behavioural	Obsidian defines the floor: minAppVersion is a promise, and an API newer than it may not exist at runtime	docs/actors/Obsidian.md::What it does to the plugin[5]	obsidian,minappversion,api,floor	8	-	retained	-	-
r1319	reverse	behavioural	The plugin owes Obsidian releasing every registration on unload	docs/actors/Obsidian.md::What the plugin owes it[1]	obsidian,registration,unload	7	-	retained	-	-
r1320	reverse	behavioural	The plugin owes Obsidian honouring mobile or declaring itself desktop-only: isDesktopOnly false is a promise about what the code may touch	docs/actors/Obsidian.md::What the plugin owes it[2]	obsidian,mobile,desktop-only,isdesktoponly	7	prd.txt§27. Responsive Behaviour	present	-	-
r1321	reverse	behavioural	The plugin owes Obsidian not reaching for a global app, and not writing outside the vault APIs	docs/actors/Obsidian.md::What the plugin owes it[3]	obsidian,global app,vault api	7	-	retained	-	-
r1322	reverse	behavioural	The plugin owes Obsidian staying inside the marketplace rules, which are Obsidian's terms for being distributed	docs/actors/Obsidian.md::What the plugin owes it[4]	obsidian,marketplace,distribution	7	-	retained	-	-
r1323	reverse	named	Private renovator	docs/actors/Private renovator.md::name	private renovator,renovator	-	prd,research,wireframes	present	-	actors
r1324	reverse	behavioural	Private renovator's job to be done: when renovating, visualize all planned measures spatially and connect them to costs and tasks, so what must be done where, how much it costs, and how far the project has progressed is always understood	docs/actors/Private renovator.md::Summary[1]	private renovator,job to be done,cost,task,progress	8	canvas.txt§38. Concept Statement	present	-	-
r1325	reverse	behavioural	Every concept in entities/ has to be earnable in the order PRD §5 introduces it, because Private renovator arrives knowing almost nothing about the model and will abandon the plugin rather than learn a schema	docs/actors/Private renovator.md::Summary[2]	private renovator,entity,progressive complexity,schema	7	prd.txt§32. Success Metrics — Complexity	present	-	-
r1326	reverse	behavioural	Private renovator draws on a Plan, where geometry originates, since planning follows from geometry rather than a form beside it	docs/actors/Private renovator.md::What it does to the plugin[1]	private renovator,plan,geometry	8	canvas.txt§5. Progressive Spatial Fidelity	contradictory	canvas§5. Progressive Spatial Fidelity>>docs/actors/Private renovator.md::What it does to the plugin[1]	-
r1327	reverse	behavioural	Private renovator edits the vault by hand outside the plugin and is entitled to, which is usually this same person acting as another editor on the vault	docs/actors/Private renovator.md::What it does to the plugin[2]	private renovator,vault,edit,another editor	8	-	retained	-	-
r1328	reverse	behavioural	Private renovator invents vocabulary, so a custom type for a Zone or a Trade has to survive a read-and-write round trip unchanged	docs/actors/Private renovator.md::What it does to the plugin[3]	private renovator,custom type,zone,trade,round trip	8	-	retained	-	-
r1329	reverse	behavioural	Private renovator abandons a project part-way and returns months later, so the vault has to still make sense read as plain Markdown	docs/actors/Private renovator.md::What it does to the plugin[4]	private renovator,abandon,markdown	5	-	retained	-	-
r1330	reverse	behavioural	The plugin owes Private renovator an answer to what must be done where, what it costs, and how far along it is — a different product from a drawing tool	docs/actors/Private renovator.md::What the plugin owes it[1]	private renovator,cost,progress,success criteria	8	canvas.txt§1. Concept	present	-	-
r1331	reverse	behavioural	The plugin owes Private renovator data in Markdown they own, readable and useful without the plugin installed	docs/actors/Private renovator.md::What the plugin owes it[2]	private renovator,markdown,portable	5	prd.txt§20.9 Local-First Transparency	present	-	-
r1332	reverse	behavioural	The plugin owes Private renovator never silently overwriting something they typed	docs/actors/Private renovator.md::What the plugin owes it[3]	private renovator,overwrite,silent	4	prd.txt§30. Data Integrity Requirements	present	-	-
r1333	reverse	behavioural	The plugin owes Private renovator a first run that does not require understanding the model first	docs/actors/Private renovator.md::What the plugin owes it[4]	private renovator,first run,onboarding,model	8	prd.txt§32. Success Metrics — Onboarding	present	-	-
r1334	reverse	named	Professional planner	docs/actors/Professional planner.md::name	professional planner,planner	-	prd	present	-	actors
r1335	reverse	behavioural	Professional planner is explicitly a future persona and is not part of the MVP	docs/actors/Professional planner.md::Summary[1]	professional planner,mvp,future persona	3	prd.txt§6.3 Secondary Persona — Professional Planner	contradictory	prd§6.3 Secondary Persona — Professional Planner>>docs/actors/Professional planner.md::Summary[1]	-
r1336	reverse	behavioural	What differentiates Professional planner from Advanced DIY planner is not sophistication but working on behalf of someone else, on several projects at once, and being liable for what they produce	docs/actors/Professional planner.md::Summary[2]	professional planner,advanced diy planner,liability,multi-project	6	-	retained	-	-
r1337	reverse	behavioural	Admitting Professional planner would require multi-user support (concurrency, permissions, a merge story), which local-first and no cloud collaboration currently rule out	docs/actors/Professional planner.md::What admitting this actor would change[1]	professional planner,multi-user,local-first,collaboration	4	prd.txt§5. Non-Goals	present	-	-
r1338	reverse	behavioural	Admitting Professional planner would require cross-project work, but Project is the root of the relationship model and the project index is scoped to one project	docs/actors/Professional planner.md::What admitting this actor would change[2]	professional planner,project,cross-project,project index	7	-	retained	-	-
r1339	reverse	behavioural	Admitting Professional planner would introduce liability: the tax model is planning support and explicitly not accounting or tax advice, and permitting or professional estimating suites are ruled out	docs/actors/Professional planner.md::What admitting this actor would change[3]	professional planner,liability,tax,estimating	4	prd.txt§5. Non-Goals	present	-	-
r1340	reverse	behavioural	Admitting Professional planner would require client-facing output, but exports are for the person who made them	docs/actors/Professional planner.md::What admitting this actor would change[4]	professional planner,export,client-facing	3	-	retained	-	-
r1341	reverse	behavioural	The plugin owes Professional planner nothing today; the obligation is negative — not taking a decision that would be impossible to revisit if this actor is admitted, chiefly the identity model and the layering	docs/actors/Professional planner.md::What the plugin owes it today[1]	professional planner,identity model,layering,revisit	6	prd.txt§6.3 Secondary Persona — Professional Planner	contradictory	prd§6.3 Secondary Persona — Professional Planner>>docs/actors/Professional planner.md::What the plugin owes it today[1]	-
r1342	reverse	named	The renovator's task tooling	docs/actors/The renovator's task tooling.md::name	task tooling,task plugin	-	-	retained	-	actors
r1343	reverse	behavioural	The renovator's task tooling is deliberately unnamed: the plugin integrates with whichever task plugin, query or checkbox convention the renovator already uses, rather than naming one	docs/actors/The renovator's task tooling.md::Summary[1]	task tooling,task plugin,unnamed	4	-	retained	-	-
r1344	reverse	behavioural	The plugin must not invent a private task format, since that would make the renovation the one part of the vault the renovator's own tooling cannot see, breaking the Obsidian-native principle	docs/actors/The renovator's task tooling.md::Summary[2]	task,private format,obsidian-native	8	-	retained	-	-
r1345	reverse	behavioural	The renovator's task tooling owns the checkbox: a Task ticked by hand in the note is the normal case and counts, and the plugin reads that state rather than arbitrating it	docs/actors/The renovator's task tooling.md::What it does to the plugin[1]	task,checkbox,tick	7	-	retained	-	-
r1346	reverse	behavioural	The renovator's task tooling defines the syntax for due dates, recurrence and priority markers, and a Task note has to be writable in a form it already understands	docs/actors/The renovator's task tooling.md::What it does to the plugin[2]	task,due date,recurrence,priority,syntax	7	-	retained	-	-
r1347	reverse	behavioural	The renovator's task tooling aggregates tasks across the whole vault, so a renovation task appears next to everything else the user has to do	docs/actors/The renovator's task tooling.md::What it does to the plugin[3]	task,aggregate,vault	7	-	retained	-	-
r1348	reverse	behavioural	The plugin owes the task tooling tasks expressed as ordinary Markdown checkboxes in ordinary notes	docs/actors/The renovator's task tooling.md::What the plugin owes it[1]	task,markdown,checkbox	8	-	retained	-	-
r1349	reverse	behavioural	The plugin owes the task tooling reading completion rather than owning it, so Work package progress is derived from what the user already ticked	docs/actors/The renovator's task tooling.md::What the plugin owes it[2]	task,completion,work package,progress	8	-	retained	-	-
r1350	reverse	behavioural	The plugin owes the task tooling no private state that has to agree with the checkbox, since two sources of truth for is-it-done is one too many	docs/actors/The renovator's task tooling.md::What the plugin owes it[3]	task,private state,source of truth	7	-	retained	-	-
r1351	reverse	named	The vault	docs/actors/The vault.md::name	vault	-	prd	present	-	actors
r1352	reverse	behavioural	The vault changes underneath the plugin and pushes those changes at it rather than waiting to be asked, which is why it is treated as an actor rather than a database	docs/actors/The vault.md::Summary[1]	vault,change event,actor,database	6	-	retained	-	-
r1353	reverse	behavioural	Every entity marked persistence note is a file the user can open, read, edit, rename, move, delete, sync or version-control, and none of those is a fault condition	docs/actors/The vault.md::Summary[2]	vault,persistence,note,file operation	8	prd.txt§30. Data Integrity Requirements	present	-	-
r1354	reverse	behavioural	The folder paths the vault uses must themselves be configurable, so even the shape of the store is the user's	docs/actors/The vault.md::Summary[3]	vault,folder path,configurable	4	-	retained	-	-
r1355	reverse	behavioural	The vault emits change events (created, modified, renamed, deleted) that run the pipeline through the change adapter, entity resolution, validation, the project index, and only then the views	docs/actors/The vault.md::What it does to the plugin[1]	vault,change event,pipeline,entity resolution,validation,project index	7	-	retained	-	-
r1356	reverse	behavioural	The vault invalidates the plugin's assumptions: a note can be renamed or moved between one read and the next, which is why identity is a stable id and the filename is never identity	docs/actors/The vault.md::What it does to the plugin[2]	vault,note,rename,move,identity,filename	8	prd.txt§30. Data Integrity Requirements	present	-	-
r1357	reverse	behavioural	The vault holds data this version does not understand — a newer schema version, a custom Zone type, or a frontmatter key someone added by hand	docs/actors/The vault.md::What it does to the plugin[3]	vault,schema version,custom type,frontmatter key	5	-	retained	-	-
r1358	reverse	behavioural	The vault is not transactional: a Plan note and its geometry sidecar are two files, and nothing guarantees both writes land	docs/actors/The vault.md::What it does to the plugin[4]	vault,transaction,plan,geometry sidecar	8	prd.txt§30. Data Integrity Requirements	present	-	-
r1359	reverse	behavioural	The plugin owes the vault never silently overwriting a manual edit	docs/actors/The vault.md::What the plugin owes it[1]	vault,manual edit,overwrite	4	prd.txt§30. Data Integrity Requirements	present	-	-
r1360	reverse	behavioural	The plugin owes the vault treating everything read as untrusted: validate, and fall back rather than crash	docs/actors/The vault.md::What the plugin owes it[2]	vault,untrusted,validate,fallback	8	prd.txt§30. Data Integrity Requirements	present	-	-
r1361	reverse	behavioural	The plugin owes the vault preserving what it did not write, so an unknown key survives a round trip	docs/actors/The vault.md::What the plugin owes it[3]	vault,unknown key,round trip	5	-	retained	-	-
r1362	reverse	behavioural	The plugin owes the vault keeping derived values out of frontmatter: area and perimeter are recomputed on read because a stored derivative drifts from the geometry that produced it	docs/actors/The vault.md::What the plugin owes it[4]	vault,derived value,frontmatter,area,perimeter	8	gallery.txt§Rails > Inspector	present	-	-
r1363	reverse	behavioural	The plugin owes the vault checking references before deleting, and never a silent cascade	docs/actors/The vault.md::What the plugin owes it[5]	vault,reference,delete,cascade	6	wireframes.txt§A.18 Destructive Interaction Pattern	present	-	-
r1364	reverse	behavioural	The plugin owes the vault writing a schema-version on everything it persists and migrating deterministically, since files outlive the version that wrote them and there is no server to run a migration on	docs/actors/The vault.md::What the plugin owes it[6]	vault,schema version,migration	5	-	retained	-	-
r1365	reverse	behavioural	The plugin owes the vault writing only on a completed domain action, never on a frame, since a drag is hundreds of positions and one decision and the store is a folder of files the user syncs	docs/actors/The vault.md::What the plugin owes it[7]	vault,write,domain action,frame,drag	8	-	retained	-	-
r1366	reverse	named	Design System	docs/deliverables/Design System.md::name	design system,component,style	-	-	retained	-	deliverables
r1367	reverse	behavioural	Every colour comes from an Obsidian CSS variable, so a themed vault stays themed (SDD §84)	docs/deliverables/Design System.md::The founding rule, and the two defects it has to survive[1]	design system,colour,css variable,theme	8	prototype.txt§Visual Contract	present	-	-
r1368	reverse	behavioural	A value the host declares is read, never restated; a value the host does not declare is declared once in the design system and read the same way	docs/deliverables/Design System.md::The founding rule, and the two defects it has to survive[2]	design system,host,variable,declaration	5	gallery.txt§The canvas language, proposed	present	-	-
r1369	reverse	behavioural	Reading a variable nothing declares is caught by tests/harness/cssVars.test.ts, which sweeps every var(--x) in styles/** against the declarations of the three sheets the harness links	docs/deliverables/Design System.md::The founding rule, and the two defects it has to survive[3]	design system,css variable,cssvars test,harness	5	-	retained	-	-
r1370	reverse	behavioural	Writing a literal (a hex colour, a pixel spacing step) where a variable exists is caught by nothing today	docs/deliverables/Design System.md::The founding rule, and the two defects it has to survive[4]	design system,literal,hex colour,spacing	5	-	retained	-	-
r1371	reverse	behavioural	cssVars.test.ts's ceiling: it reads declarations not the cascade, ignores which colour scheme a declaration is under, and treats var(--x, fallback) as a read of --x	docs/deliverables/Design System.md::The founding rule, and the two defects it has to survive[5]	design system,cssvars test,scheme,fallback	7	-	retained	-	-
r1372	reverse	behavioural	The missing instrument is a no-restricted-syntax rule over styles/** refusing a colour or spacing literal, in the shape WRITE_BOUNDARY and SVG_CLASS_TOKENS already use; until it exists that half is held by review	docs/deliverables/Design System.md::The founding rule, and the two defects it has to survive[6]	design system,lint rule,literal,write boundary	4	-	retained	-	-
r1373	reverse	behavioural	The plan canvas needs its own visual language — zone fill and stroke, selected and hovered states, transform handles, snap guides, the measurement label, the calibration affordance, and layer states hidden/visible/locked — since Obsidian declares nothing for a canvas	docs/deliverables/Design System.md::What the plugin must decide for itself[1]	design system,canvas,zone,transform handle,snap guide,layer state	8	gallery.txt§The canvas language, proposed	present	-	-
r1374	reverse	behavioural	Density inside the three-column editor (toolbar, two rails, canvas, status bar) must be decided by the design system since it has to hold on a laptop pane and Obsidian's spacing scale was not asked to solve it	docs/deliverables/Design System.md::What the plugin must decide for itself[2]	design system,density,editor,toolbar,rail,status bar	8	prototype.txt§8. Visual Contract	present	-	-
r1375	reverse	behavioural	The state vocabulary must be consistent across a DOM control and a Konva shape that share no styling mechanism at all	docs/deliverables/Design System.md::What the plugin must decide for itself[3]	design system,state vocabulary,dom,konva	5	-	retained	-	-
r1376	reverse	behavioural	Every canvas element still takes its colour from a host variable wherever one has the right meaning, so a themed vault stays themed even on the canvas	docs/deliverables/Design System.md::What the plugin must decide for itself[4]	design system,canvas,colour,host variable,theme	8	gallery.txt§The canvas language, proposed	present	-	-
r1377	reverse	behavioural	Each component gets its own note under docs/components/; the Design System note stays the index and the state vocabulary	docs/deliverables/Design System.md::The component inventory[1]	design system,component,docs	7	-	retained	-	-
r1378	reverse	behavioural	Three rows split on the way out (toolbar/button, modal/confirmation dialog, three transient canvas overlays), taking the inventory from fifteen rows to seventeen component notes with nothing added	docs/deliverables/Design System.md::The component inventory[2]	design system,component,toolbar,modal,overlay	8	-	retained	-	-
r1379	reverse	behavioural	Every component in the DOM half is a Vue component per ADR-004, mounted per view per SDD §12	docs/deliverables/Design System.md::The component inventory[3]	design system,vue,component,mount	7	-	retained	-	-
r1380	reverse	behavioural	Status is never colour-only; every state names the non-colour channel that carries it, because a state defined as the blue one disappears for one reader in twelve and under one theme in three	docs/deliverables/Design System.md::States, and the second channel each one owes[1]	design system,state,colour,accessibility	8	prototype.txt§Responsive & Accessibility Contract	present	-	-
r1381	reverse	behavioural	Hover state's second channel is cursor change plus elevation or fill shift	docs/deliverables/Design System.md::States, and the second channel each one owes[2]	design system,state,hover	8	-	retained	-	-
r1382	reverse	behavioural	Focus state (:focus-visible)'s second channel is a ring with its own thickness, never colour alone	docs/deliverables/Design System.md::States, and the second channel each one owes[3]	design system,state,focus	8	-	retained	-	-
r1383	reverse	behavioural	Active/pressed state's second channel is a position or inset shift	docs/deliverables/Design System.md::States, and the second channel each one owes[4]	design system,state,active,pressed	8	-	retained	-	-
r1384	reverse	behavioural	Selected state's second channel is border weight plus handles on the canvas, or a checked mark in a list	docs/deliverables/Design System.md::States, and the second channel each one owes[5]	design system,state,selected,handle	8	gallery.txt§Canvas (Selection handle)	present	-	-
r1385	reverse	behavioural	Disabled state's second channel is reduced opacity and a non-interactive cursor, plus aria-disabled	docs/deliverables/Design System.md::States, and the second channel each one owes[6]	design system,state,disabled,aria	8	gallery.txt§Chrome (Tool button, Disabled)	present	-	-
r1386	reverse	behavioural	Loading state's second channel is a moving indicator and text	docs/deliverables/Design System.md::States, and the second channel each one owes[7]	design system,state,loading	8	gallery.txt§Chrome (Save-state indicator, Saving)	present	-	-
r1387	reverse	behavioural	Error state's second channel is an icon and a message, per slice 16	docs/deliverables/Design System.md::States, and the second channel each one owes[8]	design system,state,error	8	gallery.txt§Chrome (Save-state indicator, Save error)	present	-	-
r1388	reverse	behavioural	Empty state's second channel is copy and an action, per slice 14	docs/deliverables/Design System.md::States, and the second channel each one owes[9]	design system,state,empty	8	gallery.txt§Shared vocabulary (Empty state)	present	-	-
r1389	reverse	behavioural	Locked/hidden state's second channel is an icon, per PRD §39's object states	docs/deliverables/Design System.md::States, and the second channel each one owes[10]	design system,state,locked,hidden	8	gallery.txt§Rails (Layer toggle)	present	-	-
r1390	reverse	behavioural	Every canvas state needs a drawn equivalent of a DOM channel — a painted focus indicator, not an inherited one — since Konva draws to one canvas element with no DOM node, no CSS focus ring and no accessible name	docs/deliverables/Design System.md::The canvas is not the DOM, and that is a design-system constraint[1]	design system,canvas,focus indicator,konva	6	-	retained	-	-
r1391	reverse	behavioural	A minimum handle size is a world-to-screen decision, not a CSS one, since a handle that is 8 screen pixels at one zoom is not 8 at another, and adequate hit targets is a claim about the screen (SDD §85)	docs/deliverables/Design System.md::The canvas is not the DOM, and that is a design-system constraint[2]	design system,handle,hit target,zoom,screen	8	-	retained	-	-
r1392	reverse	behavioural	The canvas cannot be the only route to anything, a conclusion reached from three arguments (Sitemap's mobile side, Accessibility's §44, and Design System's own)	docs/deliverables/Design System.md::The canvas is not the DOM, and that is a design-system constraint[3]	design system,canvas,route,mobile,accessibility	6	wireframes.txt§A.11 Screen — Spaces	present	-	-
r1393	reverse	behavioural	Stylesheet partials under styles/, one per concern, are assembled by scripts/styles-assemble.mjs into dist/styles.css; the build fails on a partial no entry file imports, an unresolvable import, or a partial over 400 lines	docs/deliverables/Design System.md::Mechanism, as it already stands[1]	design system,stylesheet,partial,build	6	-	retained	-	-
r1394	reverse	behavioural	There is one entry class per view: .renovation-planner-view is the stylesheet's only way into that view, and a new surface takes one class the same way	docs/deliverables/Design System.md::Mechanism, as it already stands[2]	design system,entry class,view,stylesheet	8	gallery.txt§renovation-planner-view (used on every specimen)	present	-	-
r1395	reverse	behavioural	No inline styles are permitted, refused by eslint-plugin-obsidianmd	docs/deliverables/Design System.md::Mechanism, as it already stands[3]	design system,inline style,lint	4	-	retained	-	-
r1396	reverse	behavioural	Icons come from setIcon and Obsidian's own set; RENOVATION_PROJECT_ICON is one exported fact for the tab and ribbon so the two cannot drift, and an icon choice cannot be verified until the first real setIcon call	docs/deliverables/Design System.md::Mechanism, as it already stands[4]	design system,icon,seticon,ribbon	6	gallery.txt§Icon vendoring note (lines 15-19)	present	-	-
r1397	reverse	behavioural	tests/harness/accessibility.test.ts checks semantics only: contrast, focus visibility and hit-target size are not checked there, since jsdom cannot measure any of the three	docs/deliverables/Design System.md::What holds this note[1]	design system,accessibility test,contrast,focus,hit target	8	-	retained	-	-
r1398	reverse	behavioural	npm run harness is faithful about markup, spacing, hierarchy and Obsidian's default colours, but not faithful about a themed vault's colours, its accent, or any dropped element default	docs/deliverables/Design System.md::What holds this note[2]	design system,harness,theme,colour	8	-	retained	-	-
r1399	reverse	behavioural	npm run test-build into this repository's own vault is the only place appearance, contrast, focus visibility and hit targets are actually verified	docs/deliverables/Design System.md::What holds this note[3]	design system,test-build,vault,appearance	7	-	retained	-	-
r1400	reverse	behavioural	The list row is settled: Bases owns the alternative list route entirely (states, hit targets, density), so Design System owns nothing about it, and a spatial object's selected state has two unmatched answers — the canvas one and Bases' own — accepted rather than overlooked	docs/deliverables/Design System.md::Open, and not decided here[1]	design system,list row,bases,selected state	8	-	retained	-	-
r1401	reverse	named	Disclosure ladder	docs/deliverables/Disclosure ladder.md::name	disclosure ladder,rung	-	gallery	present	-	deliverables
r1402	reverse	behavioural	Sitemap owns the surface inventory and routes; the Disclosure ladder names a rung's home surface by pointing at a Sitemap row, never adding a surface, since a rung is not a surface	docs/deliverables/Disclosure ladder.md::What this note may not restate[1]	disclosure ladder,sitemap,rung,surface	6	-	retained	-	-
r1403	reverse	behavioural	Information Architecture owns the naming register and the six groups; the Disclosure ladder uses those groups and adds nothing to them	docs/deliverables/Disclosure ladder.md::What this note may not restate[2]	disclosure ladder,information architecture,group	6	-	retained	-	-
r1404	reverse	behavioural	Design System owns what a revealed control looks like; a rung has no appearance	docs/deliverables/Disclosure ladder.md::What this note may not restate[3]	disclosure ladder,design system,control,appearance	7	-	retained	-	-
r1405	reverse	behavioural	Onboarding and example project owns PRD §93, §94 and §95; the boundary test is hidden means absent, empty means present-but-unfilled — a navigable-but-unfilled surface is the empty state, owned by Onboarding	docs/deliverables/Disclosure ladder.md::What this note may not restate[4]	disclosure ladder,onboarding,empty state,hidden	7	-	retained	-	-
r1406	reverse	behavioural	A hidden rung has no copy, no placeholder, no greyed tab and no coming-soon message; it is not on the surface at all	docs/deliverables/Disclosure ladder.md::What this note may not restate[5]	disclosure ladder,hidden rung,copy,placeholder	2	-	retained	-	-
r1407	reverse	behavioural	PRD §5's fifteen steps are the superset, PRD §3.5's four steps are rung 1, and PRD §53's nine-step cycle is what the ladder looks like once every rung is unlocked and the renovator is going round rather than forward — a refinement rather than a citation of any single source	docs/deliverables/Disclosure ladder.md::The five sequences this note reconciles[1]	disclosure ladder,prd,rung,cycle	4	-	retained	-	-
r1408	reverse	behavioural	Rung 1, A measured plan, opens Place (PRD §5 steps 1-4), promoted by a Project existing, and gives a renovator a scaled drawing with named extents without meeting a single number they did not ask for	docs/deliverables/Disclosure ladder.md::The ladder[1]	disclosure ladder,rung,place,project	8	prototype.txt§2 Golden Path	contradictory	prototype§2 Golden Path>>docs/deliverables/Disclosure ladder.md::The ladder[1]	-
r1409	reverse	behavioural	Rung 2, A costed plan, opens Things and Money (PRD §5 steps 6, 9, 10), promoted by the first Zone existing, and is deliberately rung 2 rather than rung 4 so the terrace times waste times unit price demonstration is not buried behind trades and work packages	docs/deliverables/Disclosure ladder.md::The ladder[2]	disclosure ladder,rung,zone,cost	8	prototype.txt§6 Canonical Fixture	contradictory	prototype§6 Canonical Fixture>>docs/deliverables/Disclosure ladder.md::The ladder[2]	-
r1410	reverse	behavioural	Rung 3, Organised work, opens Work (PRD §5 steps 5, 7, 8, 11), promoted by the first Cost item existing	docs/deliverables/Disclosure ladder.md::The ladder[3]	disclosure ladder,rung,work,cost item	8	uxd.txt§22 Progressive Disclosure Model	contradictory	uxd§22 Progressive Disclosure Model>>docs/deliverables/Disclosure ladder.md::The ladder[3]	-
r1411	reverse	behavioural	Rung 4, Time, opens the schedule half of Work (PRD §5 step 12), promoted by the first Work package existing	docs/deliverables/Disclosure ladder.md::The ladder[4]	disclosure ladder,rung,time,work package,schedule	8	-	retained	-	-
r1412	reverse	behavioural	Rung 5, Execution, opens Record (PRD §5 steps 13-15), promoted by the first dated Task existing, and is where PRD §53's cycle closes and Update Plan points back at rung 1	docs/deliverables/Disclosure ladder.md::The ladder[5]	disclosure ladder,rung,execution,task	7	-	retained	-	-
r1413	reverse	behavioural	Rung 6, Alternatives and change, opens Watch, with no PRD §5 steps of its own	docs/deliverables/Disclosure ladder.md::The ladder[6]	disclosure ladder,rung,watch	1	-	retained	-	-
r1414	reverse	behavioural	Rung 3 deliberately contradicts PRD §5's order, which puts Define Construction Sections before Place Assets: the ladder reveals sections after costs because a construction section is a grouping and a renovator with one zone and no costs has nothing to group, and PRD §5's order is dependency order rather than reveal order	docs/deliverables/Disclosure ladder.md::The ladder[7]	disclosure ladder,rung,construction section,prd	5	-	retained	-	-
r1415	reverse	behavioural	A rung is promoted by the existence of the entity the previous rung produces — never by a count, never by a setting, and never by elapsed time	docs/deliverables/Disclosure ladder.md::The promotion rule[1]	disclosure ladder,promotion,existence,rung	1	-	retained	-	-
r1416	reverse	behavioural	A promoted rung never demotes: deleting the last work package moves the schedule from hidden to its empty state rather than hiding it again	docs/deliverables/Disclosure ladder.md::The promotion rule[2]	disclosure ladder,promotion,demote,empty state	6	-	retained	-	-
r1417	reverse	behavioural	A disclosure level is deliberately not a setting in data.json, because a preference the renovator must understand before seeing what it hides is worse than the model already knowing where the renovator is	docs/deliverables/Disclosure ladder.md::The promotion rule[3]	disclosure ladder,setting,data.json,preference	3	-	retained	-	-
r1418	reverse	behavioural	The home surface is a rung-1 question asked every session, not a one-time onboarding question; PRD §93 describes reaching rung 1 once from a cold install, which is different	docs/deliverables/Disclosure ladder.md::The home surface, and IA's first open question answered[1]	disclosure ladder,home surface,onboarding,session	7	prototype.txt§9 Interaction Contracts (Open vs Continue)	present	-	-
r1419	reverse	behavioural	Project-first to create, plan-first thereafter: the home surface is the plan from the moment a calibrated Plan exists and the project only before that; renovation-project opens in editor mode once a calibrated Plan exists and in project mode before that, with the mode persisted through getState() and the renovator's last choice outranking the default	docs/deliverables/Disclosure ladder.md::The home surface, and IA's first open question answered[2]	disclosure ladder,home surface,plan,project,mode,getstate	8	prototype.txt§9 Interaction Contracts	contradictory	prototype§9 Interaction Contracts>>docs/deliverables/Disclosure ladder.md::The home surface, and IA's first open question answered[2]	-
r1420	reverse	named	Information Architecture	docs/deliverables/Information Architecture.md::name	information architecture,ia,naming	-	prd,uxd	present	-	deliverables
r1421	reverse	behavioural	Information Architecture answers only where a fact is seen and what it is called, tested by whether the entity note could state the same thing without lying by omission	docs/deliverables/Information Architecture.md::What this note may not restate[1]	information architecture,entity,fact	7	-	retained	-	-
r1422	reverse	behavioural	On-screen label is Assets (panel), not Library — the entity is Asset, and Asset library is the catalogue concept, so the panel takes the object's own noun	docs/deliverables/Information Architecture.md::The naming register[1]	information architecture,asset,library,panel	8	gallery.txt§Rails (Left rail, "Assets" section)	present	-	-
r1423	reverse	behavioural	On-screen label is Plan canvas (region), not Plan — Plan is an entity, so a region named with the bare entity noun would make open the plan ambiguous between note and viewport	docs/deliverables/Information Architecture.md::The naming register[2]	information architecture,plan,plan canvas,region	8	gallery.txt§Canvas ("Plan canvas" specimen)	present	-	-
r1424	reverse	behavioural	On-screen label is Zone, not Area or Space — Zone is the noun a user sees for a planned extent, Area collides with the m2 measurement, and Space is a fact about the building rather than a thing drawn	docs/deliverables/Information Architecture.md::The naming register[3]	information architecture,zone,area,space	8	canvas.txt§8 Space / §20 Renovation Zones	present	-	-
r1425	reverse	behavioural	Spatial object, an internal supertype persisted in a sidecar, is never shown on screen; users meet only its branches — a zone, a measurement, a marker	docs/deliverables/Information Architecture.md::The naming register[4]	information architecture,spatial object,supertype,sidecar	6	-	retained	-	-
r1426	reverse	behavioural	The on-screen view label is Risks (plural), not Risk — a view listing many takes a plural label while the entity note stays singular	docs/deliverables/Information Architecture.md::The naming register[5]	information architecture,risk,risks,view label	8	-	retained	-	-
r1427	reverse	behavioural	The general naming rule: a user-facing label is the entity's own noun wherever one exists, a region or view gets a compound name rather than a bare borrowed noun, an internal supertype never surfaces, and a new surface adds a row to this register before a string to locales/en.ts	docs/deliverables/Information Architecture.md::The naming register[6]	information architecture,label,naming,supertype	8	-	retained	-	-
r1428	reverse	behavioural	The Place group (Where?) contains Site, Building, Floor, Space, Outdoor area, Plan, Zone, Spatial object, Layer	docs/deliverables/Information Architecture.md::The grouping[1]	information architecture,place,site,building,floor,space,plan,zone,layer	8	uxd.txt§6 Information Architecture (Spatial)	present	-	-
r1429	reverse	behavioural	The Work group (What has to be done, in what order?) contains Construction section, Trade, Work package, Task, Milestone, Dependency	docs/deliverables/Information Architecture.md::The grouping[2]	information architecture,work,construction section,trade,work package,task,milestone,dependency	8	-	retained	-	-
r1430	reverse	behavioural	The Things group (What goes in, how much?) contains Asset, Requirement, Quantity	docs/deliverables/Information Architecture.md::The grouping[3]	information architecture,things,asset,requirement,quantity	8	-	retained	-	-
r1431	reverse	behavioural	The Money group (What does it cost, and where is it now?) contains Cost item, Money, Supplier, Quote, Procurement item, Order, Invoice	docs/deliverables/Information Architecture.md::The grouping[4]	information architecture,money,cost item,supplier,quote,procurement item,order,invoice	8	jtbd.txt§Theme — Budget & estimation / Materials & procurement	present	-	-
r1432	reverse	behavioural	The Record group (What was decided, and what proves it?) contains Document, Photo, Decision, Scenario, Plan revision	docs/deliverables/Information Architecture.md::The grouping[5]	information architecture,record,document,photo,decision,scenario,plan revision	8	canvas.txt§11 Decision / §12 Photo	present	-	-
r1433	reverse	behavioural	The Watch group (What could go wrong?) contains Risk, Issue, Constraint	docs/deliverables/Information Architecture.md::The grouping[6]	information architecture,watch,risk,issue,constraint	6	canvas.txt§10 Problem	contradictory	canvas§10 Problem>>docs/deliverables/Information Architecture.md::The grouping[6]	-
r1434	reverse	behavioural	Project is in no group: it is the root every entity resolves to, which is a business rule before it is an architecture	docs/deliverables/Information Architecture.md::The grouping[7]	information architecture,project,root	7	uxd.txt§3 UX Principles ("Project before feature.")	present	-	-
r1435	reverse	behavioural	The grouping is not the folder layout (folders are filing, hierarchy lives in frontmatter) and not the MVP/V1/V2 stages (a group is a place to look, not a release)	docs/deliverables/Information Architecture.md::The grouping[8]	information architecture,folder,frontmatter,stage	6	-	retained	-	-
r1436	reverse	behavioural	A fact is shown on the surface that owns the entity producing it, and referenced — linked, never copied — everywhere else	docs/deliverables/Information Architecture.md::Where a fact lives[1]	information architecture,fact,surface,reference	8	research.txt§10. Problem Cluster — Information Is Fragmented Across Tools	present	-	-
r1437	reverse	behavioural	A derived value appears where it is derived, with its inputs reachable in one move; two surfaces showing one derived number is two roundings the day one is edited	docs/deliverables/Information Architecture.md::Where a fact lives[2]	information architecture,derived value,rounding	6	gallery.txt§Rails (Inspector, Area "derived")	present	-	-
r1438	reverse	behavioural	A rollup is shown on the axis it rolls up (section, trade, project) and never re-summed by a screen	docs/deliverables/Information Architecture.md::Where a fact lives[3]	information architecture,rollup,axis	6	-	retained	-	-
r1439	reverse	behavioural	An override is shown beside what it replaced, never in place of it	docs/deliverables/Information Architecture.md::Where a fact lives[4]	information architecture,override	5	-	retained	-	-
r1440	reverse	behavioural	An uncalibrated measurement is not shown as a measurement; the surface owes a state, not a hidden value	docs/deliverables/Information Architecture.md::Where a fact lives[5]	information architecture,uncalibrated,measurement,state	8	gallery.txt§Canvas (Measurement label, uncalibrated state)	present	-	-
r1441	reverse	behavioural	A fact with no owning surface yet is not homeless, it is unplanned: it goes to the entity's note via Bases until a surface claims it	docs/deliverables/Information Architecture.md::Where a fact lives[6]	information architecture,fact,bases,unplanned	5	-	retained	-	-
r1442	reverse	behavioural	The plan-first-or-project-first question is answered by Disclosure ladder: project-first to create, plan-first thereafter, the home surface being the plan from the moment a calibrated one exists	docs/deliverables/Information Architecture.md::Answered since, and by whom[1]	information architecture,home surface,plan,project,disclosure ladder	8	prototype.txt§9 Interaction Contracts	contradictory	prototype§9 Interaction Contracts>>docs/deliverables/Information Architecture.md::Answered since, and by whom[1]	-
r1443	reverse	behavioural	The original deferral reasoning (needing PRD §93's onboarding sequence walked) was wrong on both counts: §93 belongs to Onboarding and example project, and the home-surface question is asked every session rather than once at cold install	docs/deliverables/Information Architecture.md::Answered since, and by whom[2]	information architecture,onboarding,home surface,deferral	7	prototype.txt§9. Interaction Contracts (Open vs Continue)	present	-	-
r1444	reverse	behavioural	Because the plan editor is a mode of one view type rather than a second view, the home-surface answer resolves to a default mode, changing the top of every route without changing any route	docs/deliverables/Information Architecture.md::Answered since, and by whom[3]	information architecture,plan editor,mode,route	8	-	retained	-	-
r1445	reverse	named	MVP Prototype	docs/deliverables/MVP Prototype.md::name	mvp prototype,prototype	-	-	retained	-	deliverables
r1446	reverse	behavioural	The prototype mission is to validate the project-first renovation experience before production implementation, building the experience needed to answer UX questions rather than the finished product	docs/deliverables/MVP Prototype.md::1. Prototype Mission[1]	mvp prototype,project-first,ux	7	prototype.txt§1. Prototype Mission	present	-	-
r1447	reverse	behavioural	The prototype must prove a user can start a project, establish spaces, understand Project Home, work inside a room context, add renovation work and a rough estimate, leave, return, and continue, without understanding the underlying technical data model	docs/deliverables/MVP Prototype.md::1. Prototype Mission[2]	mvp prototype,project,space,project home,estimate	8	prototype.txt§1 Prototype Mission	present	-	-
r1448	reverse	behavioural	The prototype's techstack is HTML, CSS and JS in one self-contained deliverable	docs/deliverables/MVP Prototype.md::Techstack[1]	mvp prototype,html,css,js,self-contained	6	prototype.txt§7 Prototype State Contract	present	-	-
r1449	reverse	named	Sitemap	docs/deliverables/Sitemap.md::name	sitemap,surface,route	-	-	retained	-	deliverables
r1450	reverse	behavioural	Renovation Project is a Workspace view (SDD §11 primary), MVP stage, read on mobile, and is registered today as renovation-project	docs/deliverables/Sitemap.md::The inventory[1]	sitemap,renovation project,workspace view	7	-	retained	-	-
r1451	reverse	behavioural	Plan editor is a Mode of renovation-project (SDD §11 primary), MVP stage, not available on mobile, and is not registered as its own view	docs/deliverables/Sitemap.md::The inventory[2]	sitemap,plan editor,mode	7	-	retained	-	-
r1452	reverse	behavioural	Dashboard is a Workspace view (SDD §11 future), V1 stage, read on mobile, and is not registered	docs/deliverables/Sitemap.md::The inventory[3]	sitemap,dashboard,workspace view	6	-	retained	-	-
r1453	reverse	behavioural	Renovation Plan is a Bases view (PRD §41, SDD §13), V1 stage, read on mobile, and is not registered	docs/deliverables/Sitemap.md::The inventory[4]	sitemap,renovation plan,bases view	8	-	retained	-	-
r1454	reverse	behavioural	Budget is a Bases view (PRD §41, SDD §13), V1 stage, read on mobile, and is not registered	docs/deliverables/Sitemap.md::The inventory[5]	sitemap,budget,bases view	7	-	retained	-	-
r1455	reverse	behavioural	Assets is a Bases view (PRD §41, SDD §13), V1 stage, read on mobile, and is not registered	docs/deliverables/Sitemap.md::The inventory[6]	sitemap,assets,bases view	3	-	retained	-	-
r1456	reverse	behavioural	Procurement is a Bases view (PRD §41, SDD §13), V1 stage, read on mobile, and is not registered	docs/deliverables/Sitemap.md::The inventory[7]	sitemap,procurement,bases view	5	-	retained	-	-
r1457	reverse	behavioural	Schedule is a Bases view (PRD §41, SDD §13), V1 stage, read on mobile, and is not registered	docs/deliverables/Sitemap.md::The inventory[8]	sitemap,schedule,bases view	7	-	retained	-	-
r1458	reverse	behavioural	Risks is a Bases view (PRD §41, SDD §13 as Risk), V2 stage, read on mobile, and is not registered	docs/deliverables/Sitemap.md::The inventory[9]	sitemap,risks,bases view	3	-	retained	-	-
r1459	reverse	behavioural	Work Packages is a Bases view named only in PRD §41, V1 stage, read on mobile, and is not registered	docs/deliverables/Sitemap.md::The inventory[10]	sitemap,work packages,bases view	6	-	retained	-	-
r1460	reverse	behavioural	Settings is a Settings tab (PRD §83, declarative), MVP stage, read on mobile, and is registered with one setting	docs/deliverables/Sitemap.md::The inventory[11]	sitemap,settings	3	-	retained	-	-
r1461	reverse	behavioural	Confirmation and deletion dialogs is a Modal (PRD §64, slice 15), MVP stage, mobile not applicable, and is not registered	docs/deliverables/Sitemap.md::The inventory[12]	sitemap,modal,confirmation,deletion	3	uxd.txt§25 Destructive Actions / gallery.txt§Shared vocabulary (Modal)	present	-	-
r1462	reverse	behavioural	Toasts and save-state indicator is Chrome (PRD §67, slice 13), MVP stage, mobile not applicable, and is not registered	docs/deliverables/Sitemap.md::The inventory[13]	sitemap,toast,save-state indicator	1	gallery.txt§Chrome (Toast, Save-state indicator)	present	-	-
r1463	reverse	behavioural	Budget, Schedule and Procurement resolve to their Bases rows rather than separate workspace-view candidates; a workspace view for any of the three arrives only with a named trigger, and Schedule's trigger already exists	docs/deliverables/Sitemap.md::The inventory[14]	sitemap,budget,schedule,procurement,trigger,bases	7	uxd.txt§5 Experience Architecture	contradictory	uxd§5 Experience Architecture>>docs/deliverables/Sitemap.md::The inventory[14]	-
r1464	reverse	behavioural	Work Packages is named in PRD §41 but omitted from SDD §13, and is listed anyway as product intent the design missed rather than a view that was refused	docs/deliverables/Sitemap.md::The inventory[15]	sitemap,work packages,prd,sdd	6	-	retained	-	-
r1465	reverse	behavioural	The Plan editor is a row in the inventory but not a registered surface: it is a mode of Renovation Project, persisted via getState(), with its own route but no view type, layout entry, or second hotkey	docs/deliverables/Sitemap.md::The inventory[16]	sitemap,plan editor,mode,getstate	7	-	retained	-	-
r1466	reverse	behavioural	Of thirteen inventory rows, only two are registered in src/ today, and the gap is the Feature's evidence rather than a defect; the count fell from sixteen to thirteen as three duplicate workspace rows became candidates without any surface being refused	docs/deliverables/Sitemap.md::The inventory[17]	sitemap,inventory,registered	2	-	retained	-	-
r1467	reverse	behavioural	One action, every input: a ribbon click, a command palette entry and any future toolbar entry all call one function, revealView, rather than each re-deciding entry and activation	docs/deliverables/Sitemap.md::Entry points, and the rule about them[1]	sitemap,revealview,ribbon,command,entry point	6	-	retained	-	-
r1468	reverse	behavioural	A view type and a command id are data — Obsidian persists the view type in the workspace layout and binds hotkeys to command ids — while the display names beside them are text and translatable	docs/deliverables/Sitemap.md::Entry points, and the rule about them[2]	sitemap,view type,command id,data	8	-	retained	-	-
r1469	reverse	behavioural	Route 1, Note to plan: a domain object must be findable from a note, Bases row, list or dashboard and navigable to its place in the plan — the one route no surface may omit, since it makes the plan an index rather than a picture	docs/deliverables/Sitemap.md::The routes[1]	sitemap,note,plan,route,index	8	-	retained	-	-
r1470	reverse	behavioural	Route 2, Plan to note: a selected object reaches its note in one move, via the inspector DTO	docs/deliverables/Sitemap.md::The routes[2]	sitemap,plan,note,inspector,route	8	-	retained	-	-
r1471	reverse	behavioural	Route 3, Object to Bases view: every spatial surface owes a second, non-spatial way to the same facts, decided once for every spatial surface as a Bases view	docs/deliverables/Sitemap.md::The routes[3]	sitemap,object,bases view,route	6	-	retained	-	-
r1472	reverse	behavioural	Route 4, Anywhere to settings: Obsidian owns this route, and the plugin adds no settings entry of its own since 1.13 renders and indexes the declarative definitions itself	docs/deliverables/Sitemap.md::The routes[4]	sitemap,settings,route,obsidian	7	-	retained	-	-
r1473	reverse	behavioural	The alternative-list route and the mobile read-only scope are one problem, not two: a Bases view satisfying PRD §44's alternative access is also the mobile surface	docs/deliverables/Sitemap.md::The alternative route, and why it is also the mobile story[1]	sitemap,alternative route,mobile,bases view	2	-	retained	-	-
r1474	reverse	behavioural	The Bases rows in the inventory do two jobs each — alternative access and mobile — and the price is that nothing plugin-specific can live in a row, no drawn state or canvas selection reflected there, paid on every spatial surface	docs/deliverables/Sitemap.md::The alternative route, and why it is also the mobile story[2]	sitemap,bases view,plugin-specific,canvas selection	4	-	retained	-	-
r1475	reverse	behavioural	Sitemap's own earlier claim that one view type means a mode the workspace cannot restore into was false: the pinned obsidian@1.13.0 typings carry View.getState()/setState() and a persisted ViewState interface, so a mode is restorable	docs/deliverables/Sitemap.md::Answered since, and where[1]	sitemap,view type,mode,getstate,restore	8	-	retained	-	-
r1476	reverse	behavioural	Human-readable project metadata is stored in Markdown notes using YAML frontmatter Properties, not a proprietary database or opaque binary format; each domain entity is persisted as a Markdown note with structured frontmatter and a free-form body	docs/adrs/0001-markdown-as-canonical-metadata-storage.md::Decision[1]	markdown,frontmatter,metadata,entity	6	prd.txt§36 Risks (Application Within an Application)	present	-	-
r1477	reverse	behavioural	Project data remains human-readable, diffable, and versionable with standard tools such as git, Obsidian sync, and manual editing	docs/adrs/0001-markdown-as-canonical-metadata-storage.md::Consequences[1]	markdown,git,versionable,diffable	4	prd.txt§20.9 Local-First Transparency	present	-	-
r1478	reverse	behavioural	Data is portable and remains understandable even without the plugin installed	docs/adrs/0001-markdown-as-canonical-metadata-storage.md::Consequences[2]	markdown,portable,plugin	6	research.txt§31 Local / Open Data as Trust Feature	present	-	-
r1479	reverse	behavioural	The plugin can interoperate with native Obsidian features: Properties, links, embeds, Bases, search, and tags	docs/adrs/0001-markdown-as-canonical-metadata-storage.md::Consequences[3]	markdown,obsidian,properties,bases,search	8	prd.txt§36 Risks (Retain: file links, backlinks, Obsidian commands)	present	-	-
r1480	reverse	behavioural	Mapping between Markdown/frontmatter and domain entities must be explicit via the Obsidian Repository Layer; raw frontmatter must not leak throughout the application, and every persisted shape needs schema validation and a schema version	docs/adrs/0001-markdown-as-canonical-metadata-storage.md::Consequences[4]	markdown,frontmatter,repository,schema validation,schema version	6	-	retained	-	-
r1481	reverse	behavioural	Large or high-churn data, particularly plan geometry, does not fit well in frontmatter and needs a separate storage strategy	docs/adrs/0001-markdown-as-canonical-metadata-storage.md::Consequences[5]	geometry,frontmatter,storage	7	-	retained	-	-
r1482	reverse	behavioural	High-volume plan geometry is stored per plan in a structured JSON sidecar file, separate from the plan's Markdown note, rather than embedded in frontmatter or split into one sidecar per spatial object	docs/adrs/0002-json-sidecar-for-plan-geometry.md::Decision[1]	geometry,json sidecar,plan	8	-	retained	-	-
r1483	reverse	behavioural	Editing a plan touches one geometry file per plan instead of many small per-object files	docs/adrs/0002-json-sidecar-for-plan-geometry.md::Consequences[1]	geometry,sidecar,write	6	-	retained	-	-
r1484	reverse	behavioural	The Markdown note and its geometry sidecar can drift out of sync; updates affecting both must be treated as one logical transaction with failure handling that preserves previously valid data	docs/adrs/0002-json-sidecar-for-plan-geometry.md::Consequences[2]	markdown,geometry sidecar,transaction,drift	6	-	retained	-	-
r1485	reverse	behavioural	The sidecar format needs its own schema version and migration path, independent of but coordinated with the Markdown schema version	docs/adrs/0002-json-sidecar-for-plan-geometry.md::Consequences[3]	sidecar,schema version,migration	4	-	retained	-	-
r1486	reverse	behavioural	Geometry coordinates in the sidecar are expressed in world units, never canvas pixels	docs/adrs/0002-json-sidecar-for-plan-geometry.md::Consequences[4]	geometry,world unit,canvas pixel	4	gallery.txt§Canvas:Selection handle (world bounds, viewport transform)	present	-	-
r1487	reverse	behavioural	Konva, via vue-konva bindings, is used as the 2D canvas rendering and interaction technology, organized as a layered stage of Background, Architecture, Zone, Construction, Asset, Annotation and Interaction layers	docs/adrs/0003-konva-as-canvas-renderer.md::Decision[1]	konva,vue-konva,canvas,layer	5	gallery.txt§Rails:Layer toggle (Zones/Annotations/Background)	present	-	-
r1488	reverse	behavioural	Konva provides mature primitives for shapes, layering, and an interactive Transformer for resize and rotate, plus a Vue-native binding	docs/adrs/0003-konva-as-canvas-renderer.md::Consequences[1]	konva,transformer,resize,rotate	4	gallery.txt§Canvas:Selection handle (vertex handles + rotation handle)	present	-	-
r1489	reverse	behavioural	Konva nodes are rendering artifacts only: Domain Spatial Object flows to Render Model to Vue Component to vue-konva to Konva Node, and the inverse interaction path always goes back through commands, never direct mutation	docs/adrs/0003-konva-as-canvas-renderer.md::Consequences[2]	konva,render model,command,mutation	4	gallery.txt§Canvas:Plan canvas (a render model — never a domain object)	present	-	-
r1490	reverse	behavioural	Konva objects must never be written directly to the Vault	docs/adrs/0003-konva-as-canvas-renderer.md::Consequences[3]	konva,vault,write	6	gallery.txt§Rails:Inspector (an edit as a command, never a write)	present	-	-
r1491	reverse	behavioural	The Transformer manipulates scaleX/scaleY rather than true width/height, so transform results must always be normalized into real domain geometry before being persisted, never persisting scaleX/scaleY as a substitute for true dimensions	docs/adrs/0003-konva-as-canvas-renderer.md::Consequences[4]	konva,transformer,scalex,scaley,geometry	5	gallery.txt§Canvas:Selection handle (a transform that can be normalized into domain geometry)	present	-	-
r1492	reverse	behavioural	Because Konva is confined to the Presentation layer, it could in principle be replaced by a different canvas or rendering technology without touching Domain or Application code	docs/adrs/0003-konva-as-canvas-renderer.md::Consequences[5]	konva,presentation layer,domain,application	7	-	retained	-	-
r1493	reverse	behavioural	Vue 3 is used for view composition across the plugin's UI; each Obsidian ItemView mounts its own isolated Vue application with its own Pinia instance and root component, unmounted when the Obsidian view closes	docs/adrs/0004-vue-3-for-plugin-ui.md::Decision[1]	vue,itemview,pinia,mount	2	-	retained	-	-
r1494	reverse	behavioural	vue-konva gives the Plan Editor a Vue-native way to drive Konva	docs/adrs/0004-vue-3-for-plugin-ui.md::Consequences[1]	vue-konva,plan editor,konva	7	-	retained	-	-
r1495	reverse	behavioural	Every workspace view needs explicit mount/unmount handling tied to the Obsidian view lifecycle, rather than one long-lived app instance	docs/adrs/0004-vue-3-for-plugin-ui.md::Consequences[2]	vue,mount,unmount,workspace view,lifecycle	7	-	retained	-	-
r1496	reverse	behavioural	Vue components belong to the Presentation layer only; Vue itself must not be depended on by Domain or Core code	docs/adrs/0004-vue-3-for-plugin-ui.md::Consequences[3]	vue,presentation layer,domain,core	8	-	retained	-	-
r1497	reverse	behavioural	Component-level behavior (inspector, toolbar, selection, dialogs, validation messages) is tested with Vitest and @vue/test-utils, separately from Domain/Application unit tests	docs/adrs/0004-vue-3-for-plugin-ui.md::Consequences[4]	vue,vitest,component test,inspector,toolbar	4	-	retained	-	-
r1498	reverse	behavioural	Pinia manages UI and application-facing state via dedicated stores (ProjectStore, EditorStore, SelectionStore, InspectorStore, WorkspaceStore); Pinia is an application cache and working-state layer, not the persistent source of truth	docs/adrs/0005-pinia-for-presentation-state.md::Decision[1]	pinia,store,state,source of truth	8	-	retained	-	-
r1499	reverse	behavioural	Persistent data (project, plan, zone, asset, construction section, work package, cost data, geometry) lives in the Vault; Pinia only holds derived/working copies plus purely ephemeral UI state	docs/adrs/0005-pinia-for-presentation-state.md::Consequences[1]	pinia,vault,ephemeral,ui state	8	gallery.txt§Rails (Inspector: "SDD §59's Inspector DTO — never a domain object")	present	-	-
r1500	reverse	behavioural	Store contents must always be rebuildable from the Vault; no canonical business data may exist only in Pinia	docs/adrs/0005-pinia-for-presentation-state.md::Consequences[2]	pinia,vault,rebuildable,canonical	5	-	retained	-	-
r1501	reverse	behavioural	Selection state is expressed as domain IDs, not references to Konva instances, so it stays meaningful independent of the rendering layer	docs/adrs/0005-pinia-for-presentation-state.md::Consequences[3]	pinia,selection,domain id,konva	7	-	retained	-	-
r1502	reverse	behavioural	Pinia is confined to the Presentation layer and must not be depended on by Domain or Core code	docs/adrs/0005-pinia-for-presentation-state.md::Consequences[4]	pinia,presentation layer,domain,core	8	-	retained	-	-
r1503	reverse	behavioural	The Core and Domain layers are implemented in plain, framework-free TypeScript, may not depend on vue, pinia, konva, vue-konva, obsidian, or DOM APIs, and dependencies only point inward (Presentation to Application to Domain to Core), with Infrastructure implementing interfaces defined by the inner layers	docs/adrs/0006-plain-typescript-domain.md::Decision[1]	typescript,domain,core,layer,dependency	8	-	retained	-	-
r1504	reverse	behavioural	Domain and Core logic can be fully instantiated and unit-tested without Obsidian, Vue, or Konva	docs/adrs/0006-plain-typescript-domain.md::Consequences[1]	domain,core,unit test,obsidian,vue,konva	8	-	retained	-	-
r1505	reverse	behavioural	A Zone is not a Konva polygon, a WorkPackage is not a Markdown file, and a Requirement is not a Pinia object — these technologies are representations of domain concepts, never the concepts themselves	docs/adrs/0006-plain-typescript-domain.md::Consequences[2]	zone,work package,requirement,konva,markdown,pinia	8	gallery.txt§Canvas:Plan canvas (a render model — never a domain object)	present	-	-
r1506	reverse	behavioural	The dependency rule must be enforced with automated checks (ESLint no-restricted-imports) so that core, domain and application cannot import vue, pinia, konva, or obsidian	docs/adrs/0006-plain-typescript-domain.md::Consequences[3]	eslint,no-restricted-imports,layer,core,domain,application	8	-	retained	-	-
r1507	reverse	behavioural	Infrastructure (Obsidian repositories, import/export, logging) may depend on obsidian, pdfjs-dist, and similar libraries, but Domain must never depend on Infrastructure	docs/adrs/0006-plain-typescript-domain.md::Consequences[4]	infrastructure,obsidian,pdfjs-dist,domain	7	-	retained	-	-
r1508	reverse	behavioural	This isolation is what allows the product to grow from an initial spatial planning tool into a larger renovation project management system without fundamental architectural rewrites	docs/adrs/0006-plain-typescript-domain.md::Consequences[5]	isolation,architecture,growth	6	prd.txt§1 Purpose	present	-	-
r1509	reverse	behavioural	All user-visible mutations are routed through explicit application commands implementing a common Command interface; editor commands additionally support reversal via an UndoableCommand interface (execute/undo), backed by a command history of undo/redo stacks	docs/adrs/0007-command-based-mutations.md::Decision[1]	command,mutation,undoablecommand,undo,redo	4	gallery.txt§Rails:Inspector (an edit as a command, never a write)	present	-	-
r1510	reverse	behavioural	One user intent maps to one logical transaction: a full pointer-down/drag/pointer-up gesture on a zone becomes a single MoveZoneCommand, one domain change, one history entry, one persistence operation, not a write per pointer-move event	docs/adrs/0007-command-based-mutations.md::Consequences[1]	command,gesture,transaction,zone,persistence	8	-	retained	-	-
r1511	reverse	behavioural	The UI and editor tools must not call repositories directly; every mutation needs a corresponding command and handler	docs/adrs/0007-command-based-mutations.md::Consequences[2]	command,repository,ui,handler	6	gallery.txt§Rails:Inspector (an edit as a command, never a write)	present	-	-
r1512	reverse	behavioural	Commands provide a single place to validate operations, apply business rules, and decide what gets persisted	docs/adrs/0007-command-based-mutations.md::Consequences[3]	command,validation,business rule,persistence	7	-	retained	-	-
r1513	reverse	behavioural	Commands are the natural point to emit domain/application events after a successful change	docs/adrs/0007-command-based-mutations.md::Consequences[4]	command,event,domain,application	8	-	retained	-	-
r1514	reverse	behavioural	Commands may emit domain or application events after a successful state change, published through an in-process event bus; the initial implementation is a simple synchronous or promise-aware in-process bus with no external event infrastructure	docs/adrs/0008-event-aware-architecture.md::Decision[1]	event,event bus,command,in-process	6	-	retained	-	-
r1515	reverse	behavioural	Recalculation, cache updates, UI refresh, and audit-trail entries can react to events without the originating command needing to know about every downstream consumer	docs/adrs/0008-event-aware-architecture.md::Consequences[1]	event,recalculation,cache,ui refresh,audit trail	3	-	retained	-	-
r1516	reverse	behavioural	The event catalog (ProjectCreated, ZoneGeometryChanged, RequirementRecalculated, WorkPackageCompleted, ActualCostRecorded, and similar) gives future automation and plugin extensions defined hook points	docs/adrs/0008-event-aware-architecture.md::Consequences[2]	event catalog,automation,extension	2	-	retained	-	-
r1517	reverse	behavioural	Because events are in-process, ordering and delivery are simple to reason about; introducing a durable or cross-process event system later would be a separate, deliberate decision, not an incremental extension of this one	docs/adrs/0008-event-aware-architecture.md::Consequences[3]	event,in-process,ordering,durable	5	-	retained	-	-
r1518	reverse	behavioural	Domain geometry uses real-world coordinates rather than canvas pixels, with a mandatory canonical unit of 1 world unit equal to 1 millimeter, not merely a recommendation	docs/adrs/0009-world-coordinates-in-millimeters.md::Decision[1]	geometry,world coordinate,millimeter,canvas pixel	3	gallery.txt§Canvas:Selection handle (world bounds, viewport transform)	present	-	-
r1519	reverse	behavioural	Every persisted geometry payload must include an explicit unit mm field alongside its coordinates, so a loader validates the assumption and fails closed on any other value rather than silently scaling lengths, areas, quantities, and costs	docs/adrs/0009-world-coordinates-in-millimeters.md::Decision[2]	geometry,unit field,fail closed,validation	8	-	retained	-	-
r1520	reverse	behavioural	Conversion to and from canvas pixels happens only at the viewport boundary, through centralized worldToScreen and screenToWorld transforms accounting for translation, zoom, rotation, and device pixel ratio	docs/adrs/0009-world-coordinates-in-millimeters.md::Decision[3]	geometry,worldtoscreen,screentoworld,viewport,transform	3	-	retained	-	-
r1521	reverse	behavioural	A plan's calibration, two known points and a known real-world distance, establishes the mapping between its background image and world coordinates	docs/adrs/0009-world-coordinates-in-millimeters.md::Decision[4]	plan,calibration,world coordinate	8	-	retained	-	-
r1522	reverse	behavioural	Area, length, and perimeter calculations, along with calibration and cost/requirement derivations, stay correct independent of screen resolution, zoom, canvas size, or export format	docs/adrs/0009-world-coordinates-in-millimeters.md::Consequences[1]	area,length,perimeter,calibration,derivation	8	-	retained	-	-
r1523	reverse	behavioural	Editor tools and rendering code must not perform ad-hoc pixel math; all coordinate conversion goes through the centralized viewport transform	docs/adrs/0009-world-coordinates-in-millimeters.md::Consequences[2]	editor,pixel math,viewport transform	7	-	retained	-	-
r1524	reverse	behavioural	Persisted geometry is stored in world units, never canvas pixels, and Konva transform output (scaleX/scaleY) must be normalized into world-unit geometry before being persisted	docs/adrs/0009-world-coordinates-in-millimeters.md::Consequences[3]	geometry,world unit,konva,scalex,scaley	6	gallery.txt§Canvas:Selection handle (transform normalized into domain geometry)	present	-	-
r1525	reverse	behavioural	The received SDD's Plan Sidecar Schema example has no unit field; this ADR refines that example by requiring one, and schema validation must reject a sidecar missing or disagreeing with unit mm rather than accepting it	docs/adrs/0009-world-coordinates-in-millimeters.md::Consequences[4]	sdd,plan sidecar schema,unit,schema validation	5	-	retained	-	-
r1526	reverse	behavioural	Financial calculations use arbitrary-precision decimal arithmetic via decimal.js rather than native JavaScript numbers; money is modeled as an explicit domain concept, Money with amount and currency, not a raw number	docs/adrs/0010-decimal-money-arithmetic.md::Decision[1]	money,decimal.js,currency,domain concept	7	-	retained	-	-
r1527	reverse	behavioural	Rounding mode is ROUND_HALF_UP, decided explicitly rather than left to whichever decimal.js default is in force, since a changed default would move every persisted figure with nothing recording that it had a value at all	docs/adrs/0010-decimal-money-arithmetic.md::Decision[2]	money,rounding mode,round half up,decimal.js	2	-	retained	-	-
r1528	reverse	behavioural	Rounding happens once, at the end: intermediate pipeline values keep full precision, and a Money value is rounded to its currency's minor unit only where it is finalized as output, never between stages	docs/adrs/0010-decimal-money-arithmetic.md::Decision[3]	money,rounding,pipeline,minor unit	2	-	retained	-	-
r1529	reverse	behavioural	Cost aggregation, tax, discounts, and rounding behave predictably and consistently across the Cost Engine, work package rollups, and project-level budget/forecast reporting	docs/adrs/0010-decimal-money-arithmetic.md::Consequences[1]	cost engine,rollup,budget,forecast	7	-	retained	-	-
r1530	reverse	behavioural	Every money value carries its currency explicitly, so amounts can never be summed or compared without regard to currency	docs/adrs/0010-decimal-money-arithmetic.md::Consequences[2]	money,currency,sum,compare	2	-	retained	-	-
r1531	reverse	behavioural	Persistence, calculation, and display code must consistently use the Money/decimal representation rather than casting to native numbers at layer boundaries, which would reintroduce floating-point error	docs/adrs/0010-decimal-money-arithmetic.md::Consequences[3]	money,decimal,persistence,floating point	4	-	retained	-	-
r1532	reverse	behavioural	Plan geometry sidecars live in a Geometry/ subfolder of the project's own folder, a sibling of the Plans/, Zones/ and Assets/ folders	docs/adrs/0011-project-scoped-geometry-sidecar-folder-and-file-extension.md::Decision[1]	geometry,sidecar,folder,project	8	-	retained	-	-
r1533	reverse	behavioural	There is no plugin setting for the sidecar folder; the location is derived as project folder plus Geometry/, and the subfolder name is fixed the same way Plans/ and Zones/ are fixed	docs/adrs/0011-project-scoped-geometry-sidecar-folder-and-file-extension.md::Decision[2]	geometry,sidecar,setting,folder	7	-	retained	-	-
r1534	reverse	behavioural	Each sidecar is named by the plan's stable ID in full, prefix included, never by the plan's display name, so renaming or moving a plan note never orphans its geometry file and two plans sharing a display name never collide	docs/adrs/0011-project-scoped-geometry-sidecar-folder-and-file-extension.md::Decision[3]	geometry,sidecar,stable id,display name	6	-	retained	-	-
r1535	reverse	behavioural	Sidecar files use the extension rpgeo rather than generic .json; the plugin registers this extension with Obsidian via registerExtensions on load so the files appear and are manageable in the file explorer, while the content remains the JSON payload of the Plan Sidecar Schema	docs/adrs/0011-project-scoped-geometry-sidecar-folder-and-file-extension.md::Decision[4]	geometry,sidecar,rpgeo,registerextensions,file explorer	5	-	retained	-	-
r1536	reverse	behavioural	This decision reverts a prior version that put every sidecar in a flat, plugin-wide configurable folder (geometrySidecarFolder, default Renovation/Geometry), reverted because a plugin-wide folder mixes every project's geometry into one list and its configurability is a redundant second answer to a question the project folder already answers	docs/adrs/0011-project-scoped-geometry-sidecar-folder-and-file-extension.md::Decision[5]	geometry,sidecar,geometrysidecarfolder,plugin-wide folder,revert	5	-	retained	-	-
r1537	reverse	behavioural	Uninstalling the plugin, or moving plan notes around inside the project, never touches geometry data; it stays in one predictable folder per project	docs/adrs/0011-project-scoped-geometry-sidecar-folder-and-file-extension.md::Consequences[1]	geometry,sidecar,uninstall,folder	6	-	retained	-	-
r1538	reverse	behavioural	A project moves as one folder: moving or renaming the project folder carries its geometry with it in a single filesystem move, with no setting left holding a stale path	docs/adrs/0011-project-scoped-geometry-sidecar-folder-and-file-extension.md::Consequences[2]	geometry,project folder,move,rename	7	-	retained	-	-
r1539	reverse	behavioural	Geometry is separated per project rather than pooled; two projects never share a folder	docs/adrs/0011-project-scoped-geometry-sidecar-folder-and-file-extension.md::Consequences[3]	geometry,project,pool,folder	8	-	retained	-	-
r1540	reverse	behavioural	A sidecar's path is now derivable in principle from project folder plus Geometry/ plus plan ID; resolution still goes through the Project Index as the single answer, with derivability serving as a repair path for a damaged index rather than a second lookup mechanism	docs/adrs/0011-project-scoped-geometry-sidecar-folder-and-file-extension.md::Consequences[4]	geometry,sidecar,project index,derivable	5	-	retained	-	-
r1541	reverse	behavioural	Registering the custom extension keeps sidecar files visible and manageable inside Obsidian's UI, consistent with how Markdown notes behave	docs/adrs/0011-project-scoped-geometry-sidecar-folder-and-file-extension.md::Consequences[5]	geometry,sidecar,extension,obsidian ui	7	-	retained	-	-
r1542	reverse	behavioural	The rpgeo extension was chosen to be unlikely to collide with another installed plugin or unrelated vault files; a future collision would require a migration, renaming every sidecar and re-registering, rather than a one-line settings change	docs/adrs/0011-project-scoped-geometry-sidecar-folder-and-file-extension.md::Consequences[6]	geometry,rpgeo,collision,migration	4	-	retained	-	-
r1543	reverse	behavioural	This supersedes the colocation detail in ADR-002's example; ADR-002's underlying decision of one JSON sidecar per plan, not per spatial object, is unchanged	docs/adrs/0011-project-scoped-geometry-sidecar-folder-and-file-extension.md::Consequences[7]	geometry,sidecar,colocation,adr-002	5	-	retained	-	-
r1544	reverse	behavioural	This also supersedes the received SDD's §39 Sidecar Files example, which draws the sidecar beside the plan note with a display-name filename; §39's underlying recommendation of one sidecar per plan is unchanged, only its illustrated layout and naming are refined	docs/adrs/0011-project-scoped-geometry-sidecar-folder-and-file-extension.md::Consequences[8]	geometry,sidecar,sdd,colocation	6	-	retained	-	-
r1545	reverse	behavioural	Discount is placed as a stage after the line subtotal, before shipping, since shipping is not discounted — a trade discount is negotiated on the goods	docs/adrs/0012-price-component-placement-in-the-cost-pipeline.md::Decision[1]	cost pipeline,discount,shipping	1	-	retained	-	-
r1546	reverse	behavioural	Surcharge is placed as a stage with shipping, after discount, before tax — a surcharge is additive and taxable but not discountable, levied on the order rather than negotiated on the goods	docs/adrs/0012-price-component-placement-in-the-cost-pipeline.md::Decision[2]	cost pipeline,surcharge,shipping,tax	1	-	retained	-	-
r1547	reverse	behavioural	Shipping is placed as a stage after discount, before tax, since shipping is taxable	docs/adrs/0012-price-component-placement-in-the-cost-pipeline.md::Decision[3]	cost pipeline,shipping,tax	1	-	retained	-	-
r1548	reverse	behavioural	Tax is placed as the last stage, on the post-shipping total	docs/adrs/0012-price-component-placement-in-the-cost-pipeline.md::Decision[4]	cost pipeline,tax	1	-	retained	-	-
r1549	reverse	behavioural	Contingency is not a pipeline stage; it is held beside the estimate, never added into it, so how much of the buffer is left stays answerable	docs/adrs/0012-price-component-placement-in-the-cost-pipeline.md::Decision[5]	cost pipeline,contingency,buffer,estimate	7	-	retained	-	-
r1550	reverse	behavioural	Deposit is not a pipeline stage; it is a payment against a commitment belonging to the financial lifecycle, not to the price	docs/adrs/0012-price-component-placement-in-the-cost-pipeline.md::Decision[6]	cost pipeline,deposit,financial lifecycle	1	-	retained	-	-
r1551	reverse	behavioural	The full cost pipeline order is quantity times unit price, minus discount, plus shipping, plus surcharge, plus tax, then round, to estimated cost	docs/adrs/0012-price-component-placement-in-the-cost-pipeline.md::Decision[7]	cost pipeline,order,quantity,unit price,estimated cost	8	-	retained	-	-
r1552	reverse	behavioural	computeEstimatedCost's input gains an optional surcharge Money term applied in the same stage as shipping; contingency and deposit are fields on a cost item that the estimate pipeline reads and does not consume	docs/adrs/0012-price-component-placement-in-the-cost-pipeline.md::Consequences[1]	computeestimatedcost,surcharge,contingency,deposit	1	-	retained	-	-
r1553	reverse	behavioural	A cost item's stored component breakdown can be re-added by hand and reach the same total, satisfying that every cost can be broken back down into the parts somebody actually quoted	docs/adrs/0012-price-component-placement-in-the-cost-pipeline.md::Consequences[2]	cost item,component breakdown,quote	7	research.txt§8. Problem Cluster — Scope Is Difficult to Define and Control	present	-	-
r1554	reverse	behavioural	Cost item can now cite a placement for all six price components instead of promising an order for six and listing three, and slice 09's fixed, non-configurable order now covers every component the requirements name	docs/adrs/0012-price-component-placement-in-the-cost-pipeline.md::Consequences[3]	cost item,price component,slice 09	7	-	retained	-	-
r1555	reverse	behavioural	Contingency being outside the estimate means a project total and a project total with buffer are two different figures, and any report showing one must say which	docs/adrs/0012-price-component-placement-in-the-cost-pipeline.md::Consequences[4]	contingency,project total,buffer,report	3	-	retained	-	-
r1556	reverse	behavioural	The question: Budget, Schedule and Procurement are each named twice in the received documents with the relationship unstated — SDD §11 lists them as future workspace views while SDD §13 and PRD §41 list them as Bases views, so the inventory could be read as six workspace views or as three tables plus three views	docs/issues/Budget, Schedule and Procurement are Bases views first.md::The question[1]	budget,schedule,procurement,workspace view,bases view	7	-	retained	-	-
r1557	reverse	behavioural	The decision: Bases views in V1; a workspace view for any of Budget, Schedule or Procurement arrives only with a named trigger — something the product needs that Bases cannot express — and SDD §11's future list is read as candidates rather than a plan	docs/issues/Budget, Schedule and Procurement are Bases views first.md::The decision[1]	budget,schedule,procurement,bases view,trigger	7	-	retained	-	-
r1558	reverse	behavioural	Schedule's trigger is a timeline, which is not a table, and is present today (PRD §21's timelines, SDD §53's future Gantt renderer); Budget and Procurement have no trigger today	docs/issues/Budget, Schedule and Procurement are Bases views first.md::The decision[2]	schedule,timeline,budget,procurement,trigger	7	-	retained	-	-
r1559	reverse	behavioural	Consequence: Sitemap's inventory loses three duplicate rows — Budget, Schedule and Procurement appear once each as Bases views, and SDD §11's future list is annotated as candidates with triggers	docs/issues/Budget, Schedule and Procurement are Bases views first.md::Consequences[1]	sitemap,budget,schedule,procurement,inventory	7	-	retained	-	-
r1560	reverse	behavioural	Consequence: V1 builds three Bases views and no new workspace views; Schedule's timeline is expected and not yet scheduled	docs/issues/Budget, Schedule and Procurement are Bases views first.md::Consequences[2]	schedule,timeline,bases view,v1	7	-	retained	-	-
r1561	reverse	behavioural	Consequence: Dashboard, the fourth name in SDD §11's future list, is untouched by this decision since it has no Bases counterpart and stays a future workspace view	docs/issues/Budget, Schedule and Procurement are Bases views first.md::Consequences[3]	dashboard,workspace view	6	-	retained	-	-
r1562	reverse	behavioural	Consequence: a future author wanting a workspace view for Budget, Schedule or Procurement must name the trigger in this issue note first	docs/issues/Budget, Schedule and Procurement are Bases views first.md::Consequences[4]	budget,schedule,procurement,trigger,workspace view	7	-	retained	-	-
r1563	reverse	behavioural	The question: PRD §40 requires spatial objects stay accessible without the canvas, PRD §44 and SDD §85 ask for alternative data access via lists, and PRODUCT.md principle 5 makes nothing-is-canvas-only binding as both an accessibility and mobile-scope requirement, with no source stating what kind of surface that route is	docs/issues/The alternative list route is a Bases view.md::The question[1]	spatial object,canvas,alternative access,accessibility,mobile	8	prd.txt§14 Feature 5.1 Spaces View (tree, cards, list, visual floor-plan access)	present	-	-
r1564	reverse	behavioural	The decision: the alternative route is a Bases view, one decision for every spatial surface rather than one per surface, and it is also the mobile read-only surface rather than a second thing that happens to work on mobile	docs/issues/The alternative list route is a Bases view.md::The decision[1]	alternative route,bases view,mobile,spatial surface	5	-	retained	-	-
r1565	reverse	behavioural	Consequence: Sitemap's open question about the alternative route is closed, adding no new inventory rows since the Bases rows are already in it	docs/issues/The alternative list route is a Bases view.md::Consequences[1]	sitemap,alternative route,bases view,inventory	3	-	retained	-	-
r1566	reverse	behavioural	Consequence: Design System stops owning the list row; its component inventory loses that entry	docs/issues/The alternative list route is a Bases view.md::Consequences[2]	design system,list row,component inventory	8	-	retained	-	-
r1567	reverse	behavioural	Consequence: the mobile read-only scope now has a named surface rather than a promise	docs/issues/The alternative list route is a Bases view.md::Consequences[3]	mobile,read-only,surface	6	-	retained	-	-
r1568	reverse	behavioural	Consequence: a spatial surface is only finished when its Bases view exists, a new obligation on slice 05 and every spatial surface after it	docs/issues/The alternative list route is a Bases view.md::Consequences[4]	spatial surface,bases view,slice 05	6	-	retained	-	-
r1569	reverse	behavioural	Consequence: what Bases cannot express is now a constraint on the product itself, not an implementation detail — nothing plugin-specific can live in the row, and no drawn state or canvas selection is reflected there	docs/issues/The alternative list route is a Bases view.md::Consequences[5]	bases view,plugin-specific,drawn state,canvas selection	4	-	retained	-	-
r1570	reverse	behavioural	The question: SDD §11 lists Renovation Project and Plan Editor as its two primary workspace views with their relationship unstated; src/ registers only renovation-project today, and a view type is data persisted in the workspace layout and bound to hotkeys, so the decision cannot be taken loosely and corrected later without orphaning something a user has	docs/issues/The plan editor is a mode, not a second view.md::The question[1]	renovation project,plan editor,view type,workspace layout	8	-	retained	-	-
r1571	reverse	behavioural	The decision: one view type, renovation-project, with the plan editor as a mode inside it, persisted in the view's own state so the workspace restores into it, with its default settled by Disclosure ladder	docs/issues/The plan editor is a mode, not a second view.md::The decision[1]	renovation project,plan editor,mode,persisted state	8	uxd.txt§22 Progressive Disclosure Model	present	-	-
r1572	reverse	behavioural	Consequence: Sitemap's inventory drops the Plan editor row as a surface and gains it as a mode of the first row, so the count of unregistered workspace views falls by one	docs/issues/The plan editor is a mode, not a second view.md::Consequences[1]	sitemap,plan editor,mode,workspace view	8	-	retained	-	-
r1573	reverse	behavioural	Consequence: slice 05 registers no new view type, only a mode on the existing one plus a getState() contract for it — new work, but smaller than a registration	docs/issues/The plan editor is a mode, not a second view.md::Consequences[2]	slice 05,view type,mode,getstate	8	-	retained	-	-
r1574	reverse	behavioural	Consequence: renovation-project gains persisted state, so a restored state naming a mode this version does not know must fall back rather than throw, the same trust-boundary argument settingsFrom makes about data.json	docs/issues/The plan editor is a mode, not a second view.md::Consequences[3]	renovation project,persisted state,fallback,settingsfrom	7	prd.txt§15 Feature 6.4 Safe Restoration	present	-	-
r1575	reverse	behavioural	Consequence: the two modes cannot be viewed simultaneously — the accepted loss, stated plainly rather than discovered	docs/issues/The plan editor is a mode, not a second view.md::Consequences[4]	plan editor,mode,simultaneous	7	-	retained	-	-
r1576	reverse	behavioural	Sitemap's claim that one view type means a mode the workspace cannot restore into was false: the pinned obsidian@1.13.0 typings carry View.getState()/setState() and a persisted ViewState interface, so a mode is restorable	docs/issues/The plan editor is a mode, not a second view.md::Why[1]	sitemap,view type,getstate,restorable,typings	7	-	retained	-	-
r1577	reverse	named	English	docs/requirements/English.md::name	english,language,ui,translation	-	-	retained	-	requirements
r1578	reverse	named	Errors, diagnostics and the test harness	docs/requirements/Errors, diagnostics and the test harness.md::name	error,diagnostic,test harness,gate,architecture	-	-	retained	-	requirements
r1579	reverse	named	Foundation and composition root	docs/requirements/Foundation and composition root.md::name	composition root,plugin bootstrap,foundation,primitive	-	-	retained	-	requirements
r1580	reverse	named	German	docs/requirements/German.md::name	german,language,ui,translation	-	-	retained	-	requirements
r1581	reverse	named	Plan editor and canvas	docs/requirements/Plan editor and canvas.md::name	plan editor,canvas,zone,calibration,tool	-	-	retained	-	requirements
r1582	reverse	named	Quantity, cost and the end-to-end loop	docs/requirements/Quantity, cost and the end-to-end loop.md::name	quantity,cost,requirement,zone geometry,engine	-	-	retained	-	requirements
r1583	reverse	named	Shared UI vocabulary	docs/requirements/Shared UI vocabulary.md::name	toast,empty state,dialog,field error,ui vocabulary	-	-	retained	-	requirements
r1584	reverse	named	Start a renovation project	docs/requirements/Start a renovation project.md::name	project,renovation,create project	-	uxd,wireframes	present	-	requirements
r1585	reverse	named	Upload an image to be used as background	docs/requirements/Upload an image to be used as background.md::name	background image,upload,plan background	-	-	retained	-	requirements
r1586	reverse	named	Use OpenStreet Maps for the Background	docs/requirements/Use OpenStreet Maps for the Background.md::name	openstreetmap,map,background,tile	-	-	retained	-	requirements
r1587	reverse	behavioural	The plugin's UI supports English as a language	docs/requirements/English.md::frontmatter[1]	english,language,ui,localization	5	-	retained	-	-
r1588	reverse	behavioural	The plugin's UI supports German as a language	docs/requirements/German.md::frontmatter[1]	german,language,ui,localization	5	-	retained	-	-
r1589	reverse	behavioural	Slice 11 (error handling) can be worked in parallel with slices 5-10 once slice 2 exists	docs/requirements/Errors, diagnostics and the test harness.md::Body[1]	slice,error handling,dependency,parallel	3	-	retained	-	-
r1590	reverse	behavioural	Slice 11's own inputs are slices 1 and 2, so it does not wait on slices 5-10	docs/requirements/Errors, diagnostics and the test harness.md::Body[2]	slice,error handling,dependency	2	-	retained	-	-
r1591	reverse	behavioural	Slices 13, 16 and 17 all consume slice 11's ToUserMessage and Error Boundary	docs/requirements/Errors, diagnostics and the test harness.md::Body[3]	tousermessage,error boundary,slice,dependency	2	-	retained	-	-
r1592	reverse	behavioural	Slice 11 must land before slices 13, 16 and 17, not merely alongside them	docs/requirements/Errors, diagnostics and the test harness.md::Body[4]	slice,scheduling,dependency	5	-	retained	-	-
r1593	reverse	behavioural	Slice 12's infrastructure (directory layout, vitest configuration, lint rules) can be stood up as early as slice 1, with no ordering constraint, and should exist from day one	docs/requirements/Errors, diagnostics and the test harness.md::Body[5]	slice,test harness,vitest,lint,directory layout	3	-	retained	-	-
r1594	reverse	behavioural	Slice 12's completion (the Architecture Completion Criteria) cannot be verified true until every slice exists	docs/requirements/Errors, diagnostics and the test harness.md::Body[6]	architecture completion criteria,slice,completion	6	-	retained	-	-
r1595	reverse	behavioural	Nothing later structurally depends on slice 12	docs/requirements/Errors, diagnostics and the test harness.md::Body[7]	slice,dependency,architecture	7	-	retained	-	-
r1596	reverse	behavioural	A failure has one path from where it happened to what the user sees	docs/requirements/Errors, diagnostics and the test harness.md::Outcome[1]	failure,error,user message,path	7	gallery.txt§Shared vocabulary ("A failure reaches the user through exactly one")	present	-	-
r1597	reverse	behavioural	An architectural violation is refused by a gate rather than by a reviewer noticing, including violations in code nobody has written yet	docs/requirements/Errors, diagnostics and the test harness.md::Outcome[2]	architecture,gate,violation,lint	6	-	retained	-	-
r1598	reverse	behavioural	The Foundation group (slices 1-4) has no parallelism; each slice depends on exactly the one before it	docs/requirements/Foundation and composition root.md::Body[1]	slice,composition root,dependency,parallelism	2	-	retained	-	-
r1599	reverse	behavioural	A slice in this group cannot be started early by splitting it differently, because the dependency is on the types the previous slice exports	docs/requirements/Foundation and composition root.md::Body[2]	slice,dependency,type export	2	-	retained	-	-
r1600	reverse	behavioural	Slice 9 (the cost engine) depends on slice 2 alone and can be built as soon as the primitives exist	docs/requirements/Foundation and composition root.md::Body[3]	slice,cost engine,primitive,dependency	5	-	retained	-	-
r1601	reverse	behavioural	Slice 11 (error handling) depends on slices 1 and 2 alone	docs/requirements/Foundation and composition root.md::Body[4]	slice,error handling,dependency	2	-	retained	-	-
r1602	reverse	behavioural	Slices 9 and 11 do not wait for persistence (slice 4)	docs/requirements/Foundation and composition root.md::Body[5]	slice,persistence,dependency	3	-	retained	-	-
r1603	reverse	behavioural	The plugin loads into a real vault and composes its dependencies in one place	docs/requirements/Foundation and composition root.md::Outcome[1]	plugin,vault,composition root	4	-	retained	-	-
r1604	reverse	behavioural	The plugin can write a Project, a Plan and a Zone to disk and read them back	docs/requirements/Foundation and composition root.md::Outcome[2]	project,plan,zone,persistence	8	-	retained	-	-
r1605	reverse	behavioural	The layer rule is enforced by lint from the first commit rather than retrofitted once there is code to violate it	docs/requirements/Foundation and composition root.md::Outcome[3]	layer rule,lint,architecture	6	-	retained	-	-
r1606	reverse	behavioural	Slice 8 (zone editing) depends only on slice 6 (tool framework)	docs/requirements/Plan editor and canvas.md::Body[1]	slice,zone editing,tool framework,dependency	3	-	retained	-	-
r1607	reverse	behavioural	CalibrateTool opens a ConfirmDialog before recalibrating over existing geometry	docs/requirements/Plan editor and canvas.md::Body[2]	calibratetool,confirmdialog,recalibration,geometry	3	-	retained	-	-
r1608	reverse	behavioural	A first calibration dispatches without a dialog, which is all Increment 5 requires	docs/requirements/Plan editor and canvas.md::Body[3]	calibration,dialog,increment	6	-	retained	-	-
r1609	reverse	behavioural	Slice 7 (calibration) is buildable and shippable against slice 6 alone; only the recalibration branch waits for slice 15	docs/requirements/Plan editor and canvas.md::Body[4]	slice,calibration,dependency,recalibration	4	-	retained	-	-
r1610	reverse	behavioural	Slices 7 and 8 can be built in either order	docs/requirements/Plan editor and canvas.md::Body[5]	slice,calibration,zone editing,order	7	-	retained	-	-
r1611	reverse	behavioural	The PRD's MVP scope wants calibration before zone measurements are meaningful	docs/requirements/Plan editor and canvas.md::Body[6]	calibration,zone,measurement,mvp	8	canvas.txt§5 (Progressive Spatial Fidelity — Level 3 Measured: "calibrate/import plans... Quantities can now be derived")	present	-	-
r1612	reverse	behavioural	Nothing in the architecture forces calibration-before-zone-editing sequencing	docs/requirements/Plan editor and canvas.md::Body[7]	calibration,zone editing,sequencing,architecture	7	canvas.txt§5 (Progressive Spatial Fidelity — Levels 1-2 allow spaces/zones before calibration)	present	-	-
r1613	reverse	behavioural	A user opens a plan, sets its scale, draws a zone, and undoes it	docs/requirements/Plan editor and canvas.md::Outcome[1]	plan,scale,zone,undo	8	-	retained	-	-
r1614	reverse	behavioural	The canvas's pan and zoom are one transform	docs/requirements/Plan editor and canvas.md::Outcome[2]	canvas,pan,zoom,transform	3	-	retained	-	-
r1615	reverse	behavioural	Every canvas mutation goes through the command history	docs/requirements/Plan editor and canvas.md::Outcome[3]	canvas,mutation,command history	3	-	retained	-	-
r1616	reverse	behavioural	Slice 9 (quantity and cost engine) depends on slice 2, not on slice 4	docs/requirements/Quantity, cost and the end-to-end loop.md::Body[1]	slice,cost engine,dependency	4	-	retained	-	-
r1617	reverse	behavioural	Money, Quantity, UnitKind and MeasurementUnit are pure, so the cost engine can be built and tested against the primitives alone, in parallel with the plan editor and canvas	docs/requirements/Quantity, cost and the end-to-end loop.md::Body[2]	money,quantity,unitkind,measurementunit,cost engine	8	-	retained	-	-
r1618	reverse	behavioural	Slice 10 introduces no new architecture; it wires slices 4, 8 and 9 together	docs/requirements/Quantity, cost and the end-to-end loop.md::Body[3]	slice,integration,architecture	7	-	retained	-	-
r1619	reverse	behavioural	Slice 10 implements the Zone Geometry to Area to Requirement to Cost loop	docs/requirements/Quantity, cost and the end-to-end loop.md::Body[4]	zone geometry,area,requirement,cost,loop	8	-	retained	-	-
r1620	reverse	behavioural	Slice 10's dependency list is the union of three groups' outputs rather than a chain	docs/requirements/Quantity, cost and the end-to-end loop.md::Body[5]	slice,dependency,integration	2	-	retained	-	-
r1621	reverse	behavioural	Slice 10 is the last thing in the MVP architecture to land	docs/requirements/Quantity, cost and the end-to-end loop.md::Body[6]	slice,mvp,architecture,scheduling	7	-	retained	-	-
r1622	reverse	behavioural	Drawing a zone changes a number the user cares about: an area becomes a requirement, and a requirement becomes a cost	docs/requirements/Quantity, cost and the end-to-end loop.md::Outcome[1]	zone,area,requirement,cost	8	canvas.txt§19 (Progressive Refinement: Area 16.15 m² -> Required 17.77 m² -> Estimate €2,576)	present	-	-
r1623	reverse	behavioural	Editing zone geometry moves the cost	docs/requirements/Quantity, cost and the end-to-end loop.md::Outcome[2]	zone geometry,cost	7	canvas.txt§20 (Renovation Zones: Area/Work/Required/Estimate tied together)	present	-	-
r1624	reverse	behavioural	The quantity and cost loop runs through the same repositories and the same command history as everything else	docs/requirements/Quantity, cost and the end-to-end loop.md::Outcome[3]	repository,command history,cost loop	2	-	retained	-	-
r1625	reverse	behavioural	Slice 13 defines a reusable toast pattern any view can use	docs/requirements/Shared UI vocabulary.md::Body[1]	toast,notification,slice	2	gallery.txt§Shared vocabulary (Toast specimen tagged slice 13)	present	-	-
r1626	reverse	behavioural	Slice 14 defines a reusable empty-state slot pattern any view can use	docs/requirements/Shared UI vocabulary.md::Body[2]	empty state,slot,slice	6	gallery.txt§Shared vocabulary (Empty state specimen tagged slice 14)	present	-	-
r1627	reverse	behavioural	Slice 15 defines a reusable dialog pattern any view can use	docs/requirements/Shared UI vocabulary.md::Body[3]	dialog,modal,slice	5	gallery.txt§Shared vocabulary (Modal specimen tagged slice 15)	present	-	-
r1628	reverse	behavioural	Slice 16 defines a reusable field-level error pattern any view can use	docs/requirements/Shared UI vocabulary.md::Body[4]	field error,validation,slice	6	gallery.txt§Shared vocabulary (Inline field error specimen tagged slice 16)	present	-	-
r1629	reverse	behavioural	Slices 13-16 do not depend on each other	docs/requirements/Shared UI vocabulary.md::Body[5]	slice,dependency,ui vocabulary	4	-	retained	-	-
r1630	reverse	behavioural	Only slice 14 (empty states) is buildable on slice 5 alone; slices 13, 15 and 16 need more	docs/requirements/Shared UI vocabulary.md::Body[6]	slice,empty state,dependency	6	-	retained	-	-
r1631	reverse	behavioural	Slice 13 additionally needs slice 6's CommandHistory and slice 11's ToUserMessage	docs/requirements/Shared UI vocabulary.md::Body[7]	commandhistory,tousermessage,slice,toast	2	-	retained	-	-
r1632	reverse	behavioural	Slice 15 needs slice 6	docs/requirements/Shared UI vocabulary.md::Body[8]	slice,dialog,dependency	4	-	retained	-	-
r1633	reverse	behavioural	Slice 16 needs slice 6 and slice 11	docs/requirements/Shared UI vocabulary.md::Body[9]	slice,field error,dependency	4	-	retained	-	-
r1634	reverse	behavioural	Slice 17 introduces no new UI vocabulary; it defines the decision rules connecting slice 11's error categories to slices 13-16's surfaces	docs/requirements/Shared UI vocabulary.md::Body[10]	slice,error category,decision rule,ui vocabulary	7	gallery.txt§Shared vocabulary ("slice 17's table decides which, never the component")	present	-	-
r1635	reverse	behavioural	A view whose hydrating query failed is a case deferred to slice 17's error-surfacing table	docs/requirements/Shared UI vocabulary.md::Body[11]	hydrating query,error surfacing,slice	2	-	retained	-	-
r1636	reverse	behavioural	A view whose stored entity id no longer resolves is a case deferred to slice 17's error-surfacing table	docs/requirements/Shared UI vocabulary.md::Body[12]	entity id,error surfacing,slice	5	-	retained	-	-
r1637	reverse	behavioural	A failure reaches the user through exactly one surface, chosen by a documented rule rather than by whichever component caught it	docs/requirements/Shared UI vocabulary.md::Outcome[1]	failure,surface,error handling	7	gallery.txt§Shared vocabulary ("A failure reaches the user through exactly one")	present	-	-
r1638	reverse	behavioural	No two surfaces report the same fact twice	docs/requirements/Shared UI vocabulary.md::Outcome[2]	surface,error,duplication	7	-	retained	-	-
r1639	reverse	behavioural	Plugin settings must have loaded successfully before a project can be created	docs/requirements/Start a renovation project.md::Preconditions[1]	plugin settings,composition root,project	7	-	retained	-	-
r1640	reverse	behavioural	The vault must hold no project yet as a precondition for this flow	docs/requirements/Start a renovation project.md::Preconditions[2]	vault,project,precondition	8	prd.txt§35 (Slice 1 — Project Foundation)	present	-	-
r1641	reverse	behavioural	The renovator opens the Renovation project view from the ribbon button or the command that opens it	docs/requirements/Start a renovation project.md::Main flow[1]	renovation project view,ribbon,command	7	prd.txt§23 (Commands and Entry Points: ribbon icon + command palette open the plugin)	present	-	-
r1642	reverse	behavioural	The view has no project to show, and says so, offering one action	docs/requirements/Start a renovation project.md::Main flow[2]	empty state,project,view	8	prd.txt§24 (Empty States — No Projects: single [Create Project] action)	present	-	-
r1643	reverse	behavioural	The renovator triggers creation from that action or from the create command in the palette; both reach one function	docs/requirements/Start a renovation project.md::Main flow[3]	create project,command palette,empty state	8	-	retained	-	-
r1644	reverse	behavioural	A modal asks for the project name, and shows the renovation folder, currency and unit system prefilled from plugin settings, all overridable	docs/requirements/Start a renovation project.md::Main flow[4]	modal,project name,currency,unit system,renovation folder	7	-	retained	-	-
r1645	reverse	behavioural	The renovator accepts the defaults or edits them, and submits	docs/requirements/Start a renovation project.md::Main flow[5]	modal,project,submit	8	-	retained	-	-
r1646	reverse	behavioural	The plugin creates the renovation folder if absent and writes one project note into it, carrying a stable id, schema-version, name, currency, unit system, tax defaults and renovation folder as its own values, and a status of IDEA; no other folder is created	docs/requirements/Start a renovation project.md::Main flow[6]	project note,renovation folder,schema version,status,idea	8	-	retained	-	-
r1647	reverse	behavioural	The view shows the new project	docs/requirements/Start a renovation project.md::Main flow[7]	project,view	8	prd.txt§11 (Feature 2.5 Project Creation: "open the Project Home")	present	-	-
r1648	reverse	behavioural	An empty or whitespace-only name is refused at the field, and nothing is written	docs/requirements/Start a renovation project.md::Extensions[4a]	project name,validation,whitespace	7	wireframes.txt§A.5 (Wizard Identity: "Validation is inline")	present	-	-
r1649	reverse	behavioural	A note with the same basename already existing is refused before submit, naming the note it clashes with	docs/requirements/Start a renovation project.md::Extensions[4b]	project name,basename,duplicate	7	-	retained	-	-
r1650	reverse	behavioural	An already-existing renovation folder is reused and its contents left alone; refused only if it already holds a project	docs/requirements/Start a renovation project.md::Extensions[4c]	renovation folder,reuse,project	7	-	retained	-	-
r1651	reverse	behavioural	Cancelling the creation modal writes nothing: no note, and no folder	docs/requirements/Start a renovation project.md::Extensions[5a]	cancel,project,folder	8	prototype.txt§9 (Wizard: "Cancel returns Home")	present	-	-
r1652	reverse	behavioural	If the folder is created and the note write fails, the folder that flow created is removed and the failure is reported; a folder that already existed is never removed	docs/requirements/Start a renovation project.md::Extensions[6a]	rollback,folder,write failure	3	-	retained	-	-
r1653	reverse	behavioural	A path invalid after normalizePath, or a location that cannot be written to, is refused before anything is written, with the reason	docs/requirements/Start a renovation project.md::Extensions[6b]	normalizepath,invalid path,write	3	-	retained	-	-
r1654	reverse	behavioural	Either a complete project exists (one note, a stable id, its own settings, in a folder the renovator was shown) or the vault is exactly as it was, never anything between	docs/requirements/Start a renovation project.md::Guarantee[1]	project,rollback,vault,atomicity	8	prd.txt§30 (Data Integrity Requirements: "transactional where practical")	present	-	-
r1655	reverse	behavioural	A rollback never removes a folder it did not create	docs/requirements/Start a renovation project.md::Guarantee[2]	rollback,folder	2	-	retained	-	-
r1656	reverse	behavioural	Creating a project writes exactly one project note, in the folder the modal showed, with an id that does not change when the note is renamed or moved	docs/requirements/Start a renovation project.md::Acceptance criteria[1]	project note,id,rename,move	8	prd.txt§30 (Data Integrity Requirements: "project identifiers must remain stable when files are renamed")	present	-	-
r1657	reverse	behavioural	The note's frontmatter carries currency, unit system, tax defaults and renovation folder as its own values, and changing the plugin default afterward moves no figure in the project	docs/requirements/Start a renovation project.md::Acceptance criteria[2]	frontmatter,currency,unit system,tax default,renovation folder	7	-	retained	-	-
r1658	reverse	behavioural	A name of only whitespace cannot be submitted	docs/requirements/Start a renovation project.md::Acceptance criteria[3]	project name,whitespace,validation	7	wireframes.txt§A.5 (Wizard Identity: "Validation is inline")	present	-	-
r1659	reverse	behavioural	A name whose basename is already taken is refused before submit, and the message names the note it clashes with	docs/requirements/Start a renovation project.md::Acceptance criteria[4]	project name,basename,duplicate	7	-	retained	-	-
r1660	reverse	behavioural	Cancelling leaves no new note and no new folder	docs/requirements/Start a renovation project.md::Acceptance criteria[5]	cancel,note,folder	8	prototype.txt§9 (Wizard: "Cancel returns Home")	present	-	-
r1661	reverse	behavioural	A write failure after the folder is created leaves no note and no new folder, and reports the failure	docs/requirements/Start a renovation project.md::Acceptance criteria[6]	write failure,rollback,folder	3	-	retained	-	-
r1662	reverse	behavioural	A renovation folder that already existed still holds everything it held before, after a success and after a rollback alike	docs/requirements/Start a renovation project.md::Acceptance criteria[7]	renovation folder,rollback,contents	6	-	retained	-	-
r1663	reverse	behavioural	The project note opens and reads as plain Markdown with the plugin disabled	docs/requirements/Start a renovation project.md::Acceptance criteria[8]	project note,markdown,plugin disabled	7	prd.txt§20.9 (Local-First Transparency: project data remains in the Vault, inspectable)	present	-	-
r1664	reverse	behavioural	The empty state's action and the create command reach creation through one function, proven by a spy on that function	docs/requirements/Start a renovation project.md::Acceptance criteria[9]	empty state,create command,one function,spy	8	-	retained	-	-
r1665	reverse	behavioural	The Project entity and CreateProjectCommand must gain currency, unit system, tax defaults and project folder fields, which is a design change beyond what exists today	docs/requirements/Start a renovation project.md::Assumptions[1]	project entity,createprojectcommand,currency,unit system,tax default	7	-	retained	-	-
r1666	reverse	behavioural	Tax defaults have no modelled shape anywhere yet; the acceptance criterion about them becomes checkable once that shape is decided	docs/requirements/Start a renovation project.md::Assumptions[2]	tax default,project	8	-	retained	-	-
r1667	reverse	behavioural	The project note is named after the project, deduplicated on collision	docs/requirements/Start a renovation project.md::Assumptions[3]	project note,naming,deduplication	6	-	retained	-	-
r1668	reverse	behavioural	The project's status defaults to IDEA	docs/requirements/Start a renovation project.md::Assumptions[4]	project,status,idea	8	prd.txt§9 (Project Lifecycle)	contradictory	prd§9 (Project Lifecycle)>>docs/requirements/Start a renovation project.md::Assumptions[4]	-
r1669	reverse	behavioural	Basename uniqueness for the project note is checked vault-wide, not per folder	docs/requirements/Start a renovation project.md::Assumptions[5]	project note,basename,vault,uniqueness	7	-	retained	-	-
r1670	reverse	behavioural	The flow ends when the project exists and the view shows it; getting from there to an imported plan is a separate concern	docs/requirements/Start a renovation project.md::Assumptions[7]	project,view,onboarding	8	-	retained	-	-
r1671	reverse	behavioural	A renovator can upload an image to use as a plan's background	docs/requirements/Upload an image to be used as background.md::frontmatter[1]	background image,upload,plan	8	prd.txt§11 (Feature 2.3 Starting Method — Import a Plan: PNG, JPG, PDF)	present	-	-
r1672	reverse	behavioural	A renovator can use OpenStreetMap tiles as a plan's background	docs/requirements/Use OpenStreet Maps for the Background.md::frontmatter[1]	openstreetmap,map,background,tile,plan	8	-	retained	-	-
f1290	forward	behavioural	A renovation system that remembers relationships and history so the homeowner does not have to	research§33	relationship,history,remember	59	docs/business-rules/A change is a state on an object, not a second object.md	present	-	-
f1291	forward	behavioural	The winning experience should make this feel simpler than the improvised tool stack, not more sophisticated	research§33	simpler,improvised,tool stack	3	-	absent	-	-
f1292	forward	behavioural	The product should help the user know what we are doing, why, where, what it costs, what changed, and what happens next	research§33	what changed,what happens next,next action	16	docs/requirements/Change history.md	present	-	-
